fig,design_range_nm,spec_energy_whkg,source,metric,value,ref,ref_value,ref_halfwidth,err,rel_err,tol,within_tol
5,300.0,250.0,truth,fuel_mileage_lb_per_nmi,1.1663846286120194,paper,1.151026,0.044826,0.01535862861201931,0.013343424572528604,0.06784652,True
5,300.0,300.0,truth,fuel_mileage_lb_per_nmi,0.9000064771169156,paper,0.947814,0.044826,-0.04780752288308443,-0.050439772870082555,0.064826,True
5,300.0,350.0,truth,fuel_mileage_lb_per_nmi,0.6093653624780779,paper,0.648974,0.044826,-0.03960863752192212,-0.061032703192920076,0.064826,True
5,300.0,400.0,truth,fuel_mileage_lb_per_nmi,0.28603242775212573,paper,0.350133,0.044826,-0.0641005722478743,-0.1830749236657907,0.064826,True
5,300.0,450.0,truth,fuel_mileage_lb_per_nmi,0.001637766562962415,paper,0.054281,0.041838,-0.052643233437037584,-0.9698279957450596,0.061838000000000004,True
5,300.0,500.0,truth,fuel_mileage_lb_per_nmi,0.0015022933349684339,paper,0.054281,0.041838,-0.052778706665031566,-0.9723237719465663,0.061838000000000004,True
5,300.0,550.0,truth,fuel_mileage_lb_per_nmi,0.0014077237728646246,paper,0.054281,0.041838,-0.05287327622713538,-0.9740659941256679,0.061838000000000004,True
5,300.0,600.0,truth,fuel_mileage_lb_per_nmi,0.0013379448034788388,paper,0.054281,0.041838,-0.05294305519652116,-0.9753515078300171,0.061838000000000004,True
5,300.0,650.0,truth,fuel_mileage_lb_per_nmi,0.001284321922638457,paper,0.054281,0.041838,-0.052996678077361546,-0.9763393835294402,0.061838000000000004,True
5,300.0,700.0,truth,fuel_mileage_lb_per_nmi,0.0012418013257724449,paper,0.054281,0.041838,-0.05303919867422756,-0.9771227257093192,0.061838000000000004,True
5,300.0,750.0,truth,fuel_mileage_lb_per_nmi,0.0012072433469194138,paper,0.054281,0.041838,-0.05307375665308059,-0.9777593753446066,0.061838000000000004,True
5,300.0,800.0,truth,fuel_mileage_lb_per_nmi,0.001192388450933326,paper,0.054281,0.041838,-0.053088611549066675,-0.9780330419311853,0.061838000000000004,True
5,350.0,250.0,truth,fuel_mileage_lb_per_nmi,1.4070972572454696,paper,1.348261,0.044826,0.0588362572454697,0.04363862578942038,0.07179121999999999,True
5,350.0,300.0,truth,fuel_mileage_lb_per_nmi,1.1604011395107265,paper,1.151026,0.044826,0.009375139510726438,0.008145028444819177,0.06784652,True
5,350.0,350.0,truth,fuel_mileage_lb_per_nmi,0.9293669052422001,paper,0.947814,0.044826,-0.01844709475779993,-0.01946277936156243,0.064826,True
5,350.0,400.0,truth,fuel_mileage_lb_per_nmi,0.6796606669962879,paper,0.75058,0.044826,-0.07091933300371212,-0.09448604146621561,0.064826,False
5,350.0,450.0,truth,fuel_mileage_lb_per_nmi,0.40405428026026763,paper,0.451739,0.044826,-0.04768471973973237,-0.10555812037422577,0.064826,True
5,350.0,500.0,truth,fuel_mileage_lb_per_nmi,0.09072680214224489,paper,0.14991,0.041838,-0.059183197857755096,-0.39479152730141487,0.061838000000000004,True
5,350.0,550.0,truth,fuel_mileage_lb_per_nmi,0.0016546664192225267,paper,0.054281,0.041838,-0.05262633358077748,-0.9695166555659895,0.061838000000000004,True
5,350.0,600.0,truth,fuel_mileage_lb_per_nmi,0.0015480642186817407,paper,0.054281,0.041838,-0.05273293578131826,-0.9714805508615953,0.061838000000000004,True
5,350.0,650.0,truth,fuel_mileage_lb_per_nmi,0.0014685357520999502,paper,0.054281,0.041838,-0.05281246424790005,-0.9729456761647731,0.061838000000000004,True
5,350.0,700.0,truth,fuel_mileage_lb_per_nmi,0.0014069262918626128,paper,0.054281,0.041838,-0.05287407370813739,-0.974080685841038,0.061838000000000004,True
5,350.0,750.0,truth,fuel_mileage_lb_per_nmi,0.0013577726244407248,paper,0.054281,0.041838,-0.05292322737555928,-0.9749862267747329,0.061838000000000004,True
5,350.0,800.0,truth,fuel_mileage_lb_per_nmi,0.0013176235542492476,paper,0.054281,0.041838,-0.052963376445750755,-0.9757258791428078,0.061838000000000004,True
5,400.0,250.0,truth,fuel_mileage_lb_per_nmi,1.453142549403031,paper,1.449867,0.044826,0.003275549403030986,0.002259206812094479,0.07382334,True
5,400.0,300.0,truth,fuel_mileage_lb_per_nmi,1.4205103401800383,paper,1.449867,0.044826,-0.029356659819961717,-0.02024782950433503,0.07382334,True
5,400.0,350.0,truth,fuel_mileage_lb_per_nmi,1.1621877931070173,paper,1.151026,0.044826,0.011161793107017148,0.00969725541127407,0.06784652,True
5,400.0,400.0,truth,fuel_mileage_lb_per_nmi,0.9578196340722818,paper,0.947814,0.044826,0.010005634072281722,0.01055653754036311,0.064826,True
5,400.0,450.0,truth,fuel_mileage_lb_per_nmi,0.7388300553353939,paper,0.75058,0.044826,-0.011749944664606105,-0.015654486749721686,0.064826,True
5,400.0,500.0,truth,fuel_mileage_lb_per_nmi,0.49827513863253264,paper,0.550357,0.041838,-0.05208186136746734,-0.09463286806103555,0.061838000000000004,True
5,400.0,550.0,truth,fuel_mileage_lb_per_nmi,0.22984979423355686,paper,0.248528,0.044826,-0.018678205766443134,-0.07515533769411549,0.064826,True
5,400.0,600.0,truth,fuel_mileage_lb_per_nmi,0.0017870176038914676,paper,0.054281,0.041838,-0.052493982396108536,-0.9670783956837298,0.061838000000000004,True
5,400.0,650.0,truth,fuel_mileage_lb_per_nmi,0.0016703180457177439,paper,0.054281,0.041838,-0.05261068195428226,-0.9692283110901099,0.061838000000000004,True
5,400.0,700.0,truth,fuel_mileage_lb_per_nmi,0.0015824459495472757,paper,0.054281,0.041838,-0.05269855405045273,-0.9708471481817343,0.061838000000000004,True
5,400.0,750.0,truth,fuel_mileage_lb_per_nmi,0.0015138371818341934,paper,0.054281,0.041838,-0.05276716281816581,-0.9721111036673202,0.061838000000000004,True
5,400.0,800.0,truth,fuel_mileage_lb_per_nmi,0.0014587789337135507,paper,0.054281,0.041838,-0.05282222106628645,-0.973125422639348,0.061838000000000004,True
5,450.0,250.0,truth,fuel_mileage_lb_per_nmi,1.496255081020928,paper,1.449867,0.044826,0.04638808102092806,0.031994714702057545,0.07382334,True
5,450.0,300.0,truth,fuel_mileage_lb_per_nmi,1.462786448453484,paper,1.449867,0.044826,0.012919448453484028,0.00891078178445611,0.07382334,True
5,450.0,350.0,truth,fuel_mileage_lb_per_nmi,1.3411045929990169,paper,1.348261,0.044826,-0.007156407000983078,-0.005307879558173884,0.07179121999999999,True
5,450.0,400.0,truth,fuel_mileage_lb_per_nmi,1.1695461799111893,paper,1.151026,0.044826,0.01852017991118915,0.016090149059351525,0.06784652,True
5,450.0,450.0,truth,fuel_mileage_lb_per_nmi,0.9860460908017651,paper,1.04942,0.044826,-0.06337390919823493,-0.06038946198684505,0.0658144,True
5,450.0,500.0,truth,fuel_mileage_lb_per_nmi,0.7910158369600765,paper,0.852186,0.044826,-0.06117016303992351,-0.07178029566306358,0.064826,True
5,450.0,550.0,truth,fuel_mileage_lb_per_nmi,0.5774332647143953,paper,0.648974,0.044826,-0.07154073528560478,-0.11023667402023005,0.064826,False
5,450.0,600.0,truth,fuel_mileage_lb_per_nmi,0.34099231537885866,paper,0.350133,0.044826,-0.00914068462114137,-0.02610632137256805,0.064826,True
5,450.0,650.0,truth,fuel_mileage_lb_per_nmi,0.06947774001786003,paper,0.14991,0.041838,-0.08043225998213996,-0.5365369887408443,0.061838000000000004,False
5,450.0,700.0,truth,fuel_mileage_lb_per_nmi,0.0017790327706744935,paper,0.054281,0.041838,-0.05250196722932551,-0.9672254974913046,0.061838000000000004,True
5,450.0,750.0,truth,fuel_mileage_lb_per_nmi,0.0016839625734546,paper,0.054281,0.041838,-0.0525970374265454,-0.9689769426971758,0.061838000000000004,True
5,450.0,800.0,truth,fuel_mileage_lb_per_nmi,0.0016092251060507731,paper,0.054281,0.041838,-0.05267177489394923,-0.9703538050874013,0.061838000000000004,True
5,500.0,250.0,truth,fuel_mileage_lb_per_nmi,1.5290006014201405,paper,1.551472,0.044826,-0.02247139857985947,-0.014483921449990377,0.07585544,True
5,500.0,300.0,truth,fuel_mileage_lb_per_nmi,1.5009191805492228,paper,1.551472,0.044826,-0.050552819450777164,-0.03258377814796346,0.07585544,True
5,500.0,350.0,truth,fuel_mileage_lb_per_nmi,1.4777643187598377,paper,1.449867,0.044826,0.027897318759837697,0.01924129507040142,0.07382334,True
5,500.0,400.0,truth,fuel_mileage_lb_per_nmi,1.3354823260313102,paper,1.348261,0.044826,-0.012778673968689702,-0.009477893352021384,0.07179121999999999,True
5,500.0,450.0,truth,fuel_mileage_lb_per_nmi,1.1811884306850933,paper,1.249643,0.041838,-0.06845456931490679,-0.05477930042012542,0.06683086,False
5,500.0,500.0,truth,fuel_mileage_lb_per_nmi,1.0144972702008095,paper,1.04942,0.044826,-0.03492272979919053,-0.0332781248682039,0.0658144,True
5,500.0,550.0,truth,fuel_mileage_lb_per_nmi,0.8387359243653443,paper,0.852186,0.044826,-0.013450075634655723,-0.015783028158941503,0.064826,True
5,500.0,600.0,truth,fuel_mileage_lb_per_nmi,0.6466416426559248,paper,0.648974,0.044826,-0.00233235734407522,-0.0035939149242885226,0.064826,True
5,500.0,650.0,truth,fuel_mileage_lb_per_nmi,0.43491700403233596,paper,0.451739,0.044826,-0.01682199596766404,-0.03723830788943181,0.064826,True
5,500.0,700.0,truth,fuel_mileage_lb_per_nmi,0.19723738997730147,paper,0.248528,0.044826,-0.051290610022698524,-0.20637759134865497,0.064826,True
5,500.0,750.0,truth,fuel_mileage_lb_per_nmi,0.0018771257399016856,paper,0.054281,0.041838,-0.052403874260098314,-0.9654183648071758,0.061838000000000004,True
5,500.0,800.0,truth,fuel_mileage_lb_per_nmi,0.0017758199286189076,paper,0.054281,0.041838,-0.052505180071381094,-0.9672846865640112,0.061838000000000004,True
5,550.0,250.0,truth,fuel_mileage_lb_per_nmi,1.5609279656023602,paper,1.551472,0.044826,0.009455965602360283,0.0060948348422403265,0.07585544,True
5,550.0,300.0,truth,fuel_mileage_lb_per_nmi,1.5377442068177039,paper,1.551472,0.044826,-0.01372779318229611,-0.008848237791140356,0.07585544,True
5,550.0,350.0,truth,fuel_mileage_lb_per_nmi,1.5134912290141114,paper,1.551472,0.044826,-0.03798077098588859,-0.024480474662700064,0.07585544,True
5,550.0,400.0,truth,fuel_mileage_lb_per_nmi,1.4958674933784466,paper,1.551472,0.044826,-0.05560450662155336,-0.03583983895394397,0.07585544,True
5,550.0,450.0,truth,fuel_mileage_lb_per_nmi,1.3363371289420207,paper,1.348261,0.044826,-0.011923871057979207,-0.008843889319634113,0.07179121999999999,True
5,550.0,500.0,truth,fuel_mileage_lb_per_nmi,1.1963282863013125,paper,1.249643,0.041838,-0.053314713698687566,-0.042663955784722166,0.06683086,True
5,550.0,550.0,truth,fuel_mileage_lb_per_nmi,1.0434999496625965,paper,1.04942,0.044826,-0.005920050337403504,-0.005641259302665762,0.0658144,True
5,550.0,600.0,truth,fuel_mileage_lb_per_nmi,0.883628964097026,paper,0.947814,0.044826,-0.06418503590297409,-0.06771902071817264,0.064826,True
5,550.0,650.0,truth,fuel_mileage_lb_per_nmi,0.7091209738264433,paper,0.75058,0.044826,-0.04145902617355668,-0.05523598573577324,0.064826,True
5,550.0,700.0,truth,fuel_mileage_lb_per_nmi,0.5172751551503211,paper,0.550357,0.041838,-0.03308184484967891,-0.06010979209799986,0.061838000000000004,True
5,550.0,750.0,truth,fuel_mileage_lb_per_nmi,0.3037407757426485,paper,0.350133,0.044826,-0.04639222425735151,-0.13249886259607493,0.064826,True
5,550.0,800.0,truth,fuel_mileage_lb_per_nmi,0.05506172096334808,paper,0.14991,0.041838,-0.09484827903665191,-0.6327014811330259,0.061838000000000004,False
5,600.0,250.0,truth,fuel_mileage_lb_per_nmi,1.5927297345184606,paper,1.551472,0.044826,0.0412577345184606,0.026592638809118437,0.07585544,True
5,600.0,300.0,truth,fuel_mileage_lb_per_nmi,1.5741600488267358,paper,1.551472,0.044826,0.022688048826735807,0.014623563188208236,0.07585544,True
5,600.0,350.0,truth,fuel_mileage_lb_per_nmi,1.548481042085489,paper,1.551472,0.044826,-0.0029909579145108722,-0.0019278194608158396,0.07585544,True
5,600.0,400.0,truth,fuel_mileage_lb_per_nmi,1.5300450465451088,paper,1.551472,0.044826,-0.021426953454891207,-0.013810725204767607,0.07585544,True
5,600.0,450.0,truth,fuel_mileage_lb_per_nmi,1.500425625987537,paper,1.449867,0.044826,0.05055862598753702,0.03487121645470724,0.07382334,True
5,600.0,500.0,truth,fuel_mileage_lb_per_nmi,1.3424125402009184,paper,1.348261,0.044826,-0.005848459799081551,-0.004337780147227838,0.07179121999999999,True
5,600.0,550.0,truth,fuel_mileage_lb_per_nmi,1.2144763608915838,paper,1.249643,0.041838,-0.03516663910841622,-0.028141348455851967,0.06683086,True
5,600.0,600.0,truth,fuel_mileage_lb_per_nmi,1.0744722750919706,paper,1.151026,0.044826,-0.07655372490802947,-0.06650911874104448,0.06784652,False
5,600.0,650.0,truth,fuel_mileage_lb_per_nmi,0.9268268471734209,paper,0.947814,0.044826,-0.020987152826579147,-0.022142691315573674,0.064826,True
5,600.0,700.0,truth,fuel_mileage_lb_per_nmi,0.7670398765407976,paper,0.852186,0.044826,-0.08514612345920236,-0.09991495220433375,0.064826,False
5,600.0,750.0,truth,fuel_mileage_lb_per_nmi,0.5916398380207438,paper,0.648974,0.044826,-0.057334161979256226,-0.08834585357696337,0.064826,True
5,600.0,800.0,truth,fuel_mileage_lb_per_nmi,0.39726407389489077,paper,0.451739,0.044826,-0.054474926105109234,-0.12058938038360477,0.064826,True
5,650.0,250.0,truth,fuel_mileage_lb_per_nmi,1.624697199870366,paper,1.65009,0.041838,-0.025392800129633963,-0.015388736450517223,0.07483980000000001,True
5,650.0,300.0,truth,fuel_mileage_lb_per_nmi,1.6063642587487346,paper,1.551472,0.044826,0.0548922587487346,0.03538076017403769,0.07585544,True
5,650.0,350.0,truth,fuel_mileage_lb_per_nmi,1.5831686937574816,paper,1.551472,0.044826,0.03169669375748163,0.020430077859917312,0.07585544,True
5,650.0,400.0,truth,fuel_mileage_lb_per_nmi,1.5638863864002726,paper,1.551472,0.044826,0.012414386400272592,0.008001682531346097,0.07585544,True
5,650.0,450.0,truth,fuel_mileage_lb_per_nmi,1.5492576177406572,paper,1.551472,0.044826,-0.002214382259342784,-0.0014272782617686843,0.07585544,True
5,650.0,500.0,truth,fuel_mileage_lb_per_nmi,1.4609139724683908,paper,1.449867,0.044826,0.011046972468390814,0.007619300576115475,0.07382334,True
5,650.0,550.0,truth,fuel_mileage_lb_per_nmi,1.3528725777843738,paper,1.348261,0.044826,0.0046115777843738215,0.003420389512396948,0.07179121999999999,True
5,650.0,600.0,truth,fuel_mileage_lb_per_nmi,1.2353305902650018,paper,1.249643,0.041838,-0.014312409734998255,-0.011453198821582047,0.06683086,True
5,650.0,650.0,truth,fuel_mileage_lb_per_nmi,1.1068778499290015,paper,1.151026,0.044826,-0.04414815007099859,-0.038355475958838973,0.06784652,True
5,650.0,700.0,truth,fuel_mileage_lb_per_nmi,0.9691552685642483,paper,1.04942,0.044826,-0.08026473143575175,-0.07648485014174662,0.0658144,False
5,650.0,750.0,truth,fuel_mileage_lb_per_nmi,0.8219346102517912,paper,0.852186,0.044826,-0.030251389748208846,-0.035498576306356645,0.064826,True
5,650.0,800.0,truth,fuel_mileage_lb_per_nmi,0.6604553938636722,paper,0.75058,0.044826,-0.09012460613632778,-0.12007328484149295,0.064826,False
5,700.0,250.0,truth,fuel_mileage_lb_per_nmi,1.6570565524008791,paper,1.65009,0.041838,0.006966552400879067,0.004221922683537908,0.07483980000000001,True
5,700.0,300.0,truth,fuel_mileage_lb_per_nmi,1.6388539522254746,paper,1.65009,0.041838,-0.01123604777452547,-0.0068093545046182145,0.07483980000000001,True
5,700.0,350.0,truth,fuel_mileage_lb_per_nmi,1.617883719381066,paper,1.65009,0.041838,-0.03220628061893405,-0.0195178933385052,0.07483980000000001,True
5,700.0,400.0,truth,fuel_mileage_lb_per_nmi,1.597716477127262,paper,1.65009,0.041838,-0.052373522872738,-0.03173979775208503,0.07483980000000001,True
5,700.0,450.0,truth,fuel_mileage_lb_per_nmi,1.582424943506067,paper,1.551472,0.044826,0.030952943506067143,0.019950694247828606,0.07585544,True
5,700.0,500.0,truth,fuel_mileage_lb_per_nmi,1.5703050063639616,paper,1.551472,0.044826,0.01883300636396168,0.012138798743362227,0.07585544,True
5,700.0,550.0,truth,fuel_mileage_lb_per_nmi,1.466890604991599,paper,1.449867,0.044826,0.01702360499159905,0.011741494214020355,0.07382334,True
5,700.0,600.0,truth,fuel_mileage_lb_per_nmi,1.36715542293122,paper,1.348261,0.044826,0.018894422931220012,0.014013920844124403,0.07179121999999999,True
5,700.0,650.0,truth,fuel_mileage_lb_per_nmi,1.2587138477166238,paper,1.249643,0.041838,0.009070847716623698,0.00725875127266243,0.06683086,True
5,700.0,700.0,truth,fuel_mileage_lb_per_nmi,1.1403001673859967,paper,1.151026,0.044826,-0.010725832614003394,-0.009318497248544683,0.06784652,True
5,700.0,750.0,truth,fuel_mileage_lb_per_nmi,1.0112488953047623,paper,1.04942,0.044826,-0.03817110469523777,-0.036373525085511775,0.0658144,True
5,700.0,800.0,truth,fuel_mileage_lb_per_nmi,0.8749452611332607,paper,0.947814,0.044826,-0.07286873886673939,-0.07688084251418463,0.064826,False
5,750.0,250.0,truth,fuel_mileage_lb_per_nmi,1.6899921752751832,paper,1.65009,0.041838,0.03990217527518314,0.02418181752218554,0.07483980000000001,True
5,750.0,300.0,truth,fuel_mileage_lb_per_nmi,1.671829136516539,paper,1.65009,0.041838,0.021739136516538915,0.01317451564250369,0.07483980000000001,True
5,750.0,350.0,truth,fuel_mileage_lb_per_nmi,1.6538790248451847,paper,1.65009,0.041838,0.0037890248451846187,0.0022962534438634367,0.07483980000000001,True
5,750.0,400.0,truth,fuel_mileage_lb_per_nmi,1.6317908632172315,paper,1.65009,0.041838,-0.01829913678276851,-0.011089781031803423,0.07483980000000001,True
5,750.0,450.0,truth,fuel_mileage_lb_per_nmi,1.6158045226816542,paper,1.65009,0.041838,-0.03428547731834586,-0.020777943820243658,0.07483980000000001,True
5,750.0,500.0,truth,fuel_mileage_lb_per_nmi,1.6034542120560715,paper,1.65009,0.041838,-0.04663578794392853,-0.028262572310557926,0.07483980000000001,True
5,750.0,550.0,truth,fuel_mileage_lb_per_nmi,1.5923711397900804,paper,1.551472,0.044826,0.04089913979008042,0.026361506872235155,0.07585544,True
5,750.0,600.0,truth,fuel_mileage_lb_per_nmi,1.4771966705136232,paper,1.449867,0.044826,0.027329670513623228,0.018849777609686424,0.07382334,True
5,750.0,650.0,truth,fuel_mileage_lb_per_nmi,1.384886642269709,paper,1.449867,0.044826,-0.06498035773029098,-0.04481815072023226,0.07382334,True
5,750.0,700.0,truth,fuel_mileage_lb_per_nmi,1.2845373182669488,paper,1.348261,0.044826,-0.0637236817330511,-0.04726360974103019,0.07179121999999999,True
5,750.0,750.0,truth,fuel_mileage_lb_per_nmi,1.1749954754302079,paper,1.249643,0.041838,-0.07464752456979218,-0.059735079994680224,0.06683086,False
5,750.0,800.0,truth,fuel_mileage_lb_per_nmi,1.0548426637756052,paper,1.151026,0.044826,-0.0961833362243949,-0.08356313082796991,0.06784652,False
5,800.0,250.0,truth,fuel_mileage_lb_per_nmi,1.7236627985167323,paper,1.748707,0.044826,-0.025044201483267692,-0.014321553858518146,0.07980013999999999,True
5,800.0,300.0,truth,fuel_mileage_lb_per_nmi,1.7054595697332748,paper,1.65009,0.041838,0.05536956973327478,0.03355548469069856,0.07483980000000001,True
5,800.0,350.0,truth,fuel_mileage_lb_per_nmi,1.687473970177575,paper,1.65009,0.041838,0.03738397017757489,0.022655715856453217,0.07483980000000001,True
5,800.0,400.0,truth,fuel_mileage_lb_per_nmi,1.6663204227398314,paper,1.65009,0.041838,0.01623042273983133,0.009836083328685907,0.07483980000000001,True
5,800.0,450.0,truth,fuel_mileage_lb_per_nmi,1.649603014118053,paper,1.65009,0.041838,-0.00048698588194695525,-0.0002951268609269526,0.07483980000000001,True
5,800.0,500.0,truth,fuel_mileage_lb_per_nmi,1.6369421346208899,paper,1.65009,0.041838,-0.013147865379110169,-0.0079679686435953,0.07483980000000001,True
5,800.0,550.0,truth,fuel_mileage_lb_per_nmi,1.6261645630785264,paper,1.65009,0.041838,-0.023925436921473642,-0.014499473920497451,0.07483980000000001,True
5,800.0,600.0,truth,fuel_mileage_lb_per_nmi,1.57040181632133,paper,1.551472,0.044826,0.018929816321330062,0.012201197521663338,0.07585544,True
5,800.0,650.0,truth,fuel_mileage_lb_per_nmi,1.4914051493270362,paper,1.449867,0.044826,0.041538149327036145,0.028649627398262146,0.07382334,True
5,800.0,700.0,truth,fuel_mileage_lb_per_nmi,1.405825593245484,paper,1.449867,0.044826,-0.044041406754516066,-0.030376170196656702,0.07382334,True
5,800.0,750.0,truth,fuel_mileage_lb_per_nmi,1.3127785539745787,paper,1.348261,0.044826,-0.03548244602542128,-0.02631719379661748,0.07179121999999999,True
5,800.0,800.0,truth,fuel_mileage_lb_per_nmi,1.211201267455242,paper,1.249643,0.041838,-0.038441732544758134,-0.030762171712047467,0.06683086,True
5,300.0,250.0,truth,doc_per_nmi,0.8194360224097116,paper,0.854153,0.002035,-0.03471697759028847,-0.04064491676583524,0.01911806,False
5,300.0,300.0,truth,doc_per_nmi,0.7264885827932214,paper,0.762571,0.002035,-0.03608241720677863,-0.04731679700221832,0.01728642,False
5,300.0,350.0,truth,doc_per_nmi,0.6258068057032473,paper,0.654708,0.002035,-0.02890119429675264,-0.04414364006053484,0.01512916,False
5,300.0,400.0,truth,doc_per_nmi,0.5140091662640438,paper,0.532599,0.002035,-0.01858983373595624,-0.03490399669536788,0.012686980000000002,False
5,300.0,450.0,truth,doc_per_nmi,0.4013969921657615,paper,0.416595,0.002035,-0.01519800783423847,-0.03648149361907481,0.0103669,False
5,300.0,500.0,truth,doc_per_nmi,0.3544712276494188,paper,0.367751,0.002035,-0.013279772350581198,-0.03611077155624648,0.00939002,False
5,300.0,550.0,truth,doc_per_nmi,0.3215270899264601,paper,0.333154,0.002035,-0.011626910073539887,-0.03489950615493101,0.00869808,False
5,300.0,600.0,truth,doc_per_nmi,0.2971181826823993,paper,0.308732,0.002035,-0.011613817317600694,-0.03761779575036178,0.00820964,False
5,300.0,650.0,truth,doc_per_nmi,0.2783040433859245,paper,0.294486,0.002035,-0.01618195661407551,-0.054949833316611005,0.007924720000000001,False
5,300.0,700.0,truth,doc_per_nmi,0.2633521347615145,paper,0.274134,0.002035,-0.01078186523848551,-0.039330638441366306,0.0075176800000000005,False
5,300.0,750.0,truth,doc_per_nmi,0.2511799862616289,paper,0.259888,0.002035,-0.008708013738371101,-0.03350679422817175,0.0072327599999999995,False
5,300.0,800.0,truth,doc_per_nmi,0.24487761947431305,paper,0.251748,0.002035,-0.0068703805256869754,-0.027290705489962083,0.00706996,True
5,350.0,250.0,truth,doc_per_nmi,0.7119918754857256,paper,0.721868,0.002035,-0.009876124514274331,-0.0136813441159247,0.01647236,True
5,350.0,300.0,truth,doc_per_nmi,0.7661762991918223,paper,0.799204,0.002035,-0.03302770080817774,-0.04132574512662317,0.01801908,False
5,350.0,350.0,truth,doc_per_nmi,0.6862342517197169,paper,0.717798,0.002035,-0.03156374828028319,-0.04397302344152977,0.01639096,False
5,350.0,400.0,truth,doc_per_nmi,0.6007445597611322,paper,0.624181,0.002035,-0.023436440238867817,-0.037547506634882856,0.014518620000000001,False
5,350.0,450.0,truth,doc_per_nmi,0.5064977787781327,paper,0.530564,0.002035,-0.0240662212218673,-0.04535969500732673,0.012646280000000001,False
5,350.0,500.0,truth,doc_per_nmi,0.3997004091331803,paper,0.416595,0.002035,-0.016894590866819714,-0.040553993367226475,0.0103669,False
5,350.0,550.0,truth,doc_per_nmi,0.3377384043066393,paper,0.35147,0.002035,-0.013731595693360688,-0.039069040582014644,0.0090644,False
5,350.0,600.0,truth,doc_per_nmi,0.3067121079317167,paper,0.316872,0.002035,-0.010159892068283272,-0.03206307931367641,0.00837244,False
5,350.0,650.0,truth,doc_per_nmi,0.28345800305168367,paper,0.300591,0.002035,-0.017132996948316326,-0.056997704350151286,0.00804682,False
5,350.0,700.0,truth,doc_per_nmi,0.26537968357476116,paper,0.274134,0.002035,-0.008754316425238828,-0.03193444237212031,0.0075176800000000005,False
5,350.0,750.0,truth,doc_per_nmi,0.2509175416483725,paper,0.261923,0.002035,-0.011005458351627528,-0.042017915004133,0.007273460000000001,False
5,350.0,800.0,truth,doc_per_nmi,0.23908045899157204,paper,0.245642,0.002035,-0.006561541008427957,-0.02671180420460653,0.007035,True
5,400.0,250.0,truth,doc_per_nmi,0.7050005720172641,paper,0.730009,0.002035,-0.025008427982735948,-0.034257698169112914,0.01663518,False
5,400.0,300.0,truth,doc_per_nmi,0.6899012826462892,paper,0.691341,0.002035,-0.0014397173537107344,-0.0020824995967413107,0.01586182,True
5,400.0,350.0,truth,doc_per_nmi,0.7281911705985111,paper,0.756466,0.002035,-0.028274829401488843,-0.0373775284037734,0.01716432,False
5,400.0,400.0,truth,doc_per_nmi,0.6579430456494056,paper,0.689306,0.002035,-0.03136295435059433,-0.045499320114135565,0.015821119999999998,False
5,400.0,450.0,truth,doc_per_nmi,0.5836655424932053,paper,0.61197,0.002035,-0.028304457506794667,-0.04625138079774281,0.014274400000000001,False
5,400.0,500.0,truth,doc_per_nmi,0.5021388859226543,paper,0.526493,0.002035,-0.024354114077345668,-0.046257241933597724,0.01256486,False
5,400.0,550.0,truth,doc_per_nmi,0.41131291646109897,paper,0.428806,0.002035,-0.017493083538901055,-0.04079486653381962,0.010611120000000002,False
5,400.0,600.0,truth,doc_per_nmi,0.32442906113995423,paper,0.335189,0.002035,-0.010759938860045781,-0.03210110970242395,0.00873878,False
5,400.0,650.0,truth,doc_per_nmi,0.2950880895731675,paper,0.306697,0.002035,-0.011608910426832486,-0.03785139869914765,0.00816894,False
5,400.0,700.0,truth,doc_per_nmi,0.27288774971704316,paper,0.290415,0.002035,-0.01752725028295682,-0.0603524276740417,0.0078433,False
5,400.0,750.0,truth,doc_per_nmi,0.25548704667931793,paper,0.263958,0.002035,-0.008470953320682095,-0.032092049949924206,0.00731416,False
5,400.0,800.0,truth,doc_per_nmi,0.24148049804511998,paper,0.251748,0.002035,-0.010267501954880048,-0.04078484021672485,0.00706996,False
5,450.0,250.0,truth,doc_per_nmi,0.7001764553688542,paper,0.721868,0.002035,-0.021691544631145754,-0.030049184381556952,0.01647236,False
5,450.0,300.0,truth,doc_per_nmi,0.6859939535423898,paper,0.713728,0.002035,-0.02773404645761024,-0.03885800537124821,0.01630956,False
5,450.0,350.0,truth,doc_per_nmi,0.7601905026473413,paper,0.748325,0.002035,0.01186550264734132,0.015856082113174515,0.0170015,True
5,450.0,400.0,truth,doc_per_nmi,0.700520466796717,paper,0.727974,0.002035,-0.02745353320328303,-0.03771224412311845,0.016594479999999998,False
5,450.0,450.0,truth,doc_per_nmi,0.6377808335729925,paper,0.666919,0.002035,-0.029138166427007506,-0.04369071270575213,0.01537338,False
5,450.0,500.0,truth,doc_per_nmi,0.5721293266967478,paper,0.601794,0.002035,-0.029664673303252287,-0.049293733907703106,0.014070880000000001,False
5,450.0,550.0,truth,doc_per_nmi,0.5002745778612258,paper,0.526493,0.002035,-0.026218422138774233,-0.049798234997947236,0.01256486,False
5,450.0,600.0,truth,doc_per_nmi,0.4208118790908284,paper,0.441017,0.002035,-0.020205120909171592,-0.04581483459633436,0.01085534,False
5,450.0,650.0,truth,doc_per_nmi,0.32983469215784417,paper,0.35554,0.002035,-0.025705307842155856,-0.07229934140224968,0.0091458,False
5,450.0,700.0,truth,doc_per_nmi,0.2856656962595457,paper,0.296521,0.002035,-0.010855303740454292,-0.0366088868594612,0.007965419999999999,False
5,450.0,750.0,truth,doc_per_nmi,0.26441586914427584,paper,0.274134,0.002035,-0.00971813085572415,-0.035450293855283,0.0075176800000000005,False
5,450.0,800.0,truth,doc_per_nmi,0.24764318134028074,paper,0.257853,0.002035,-0.01020981865971926,-0.039595500768729704,0.00719206,False
5,500.0,250.0,truth,doc_per_nmi,0.698313154746964,paper,0.695411,0.002035,0.002902154746963981,0.00417329427772063,0.01594322,True
5,500.0,300.0,truth,doc_per_nmi,0.687253259511696,paper,0.711692,0.002035,-0.024438740488303967,-0.03433892819970432,0.01626884,False
5,500.0,350.0,truth,doc_per_nmi,0.6749475966425917,paper,0.707622,0.002035,-0.03267440335740823,-0.04617493995015451,0.01618744,False
5,500.0,400.0,truth,doc_per_nmi,0.733180397161395,paper,0.754431,0.002035,-0.021250602838604915,-0.028167722215291943,0.01712362,False
5,500.0,450.0,truth,doc_per_nmi,0.6801943907557569,paper,0.705587,0.002035,-0.025392609244243025,-0.0359879210419736,0.01614674,False
5,500.0,500.0,truth,doc_per_nmi,0.6234495136993,paper,0.646567,0.002035,-0.023117486300699985,-0.0357542007258335,0.01496634,False
5,500.0,550.0,truth,doc_per_nmi,0.56465499625397,paper,0.585513,0.002035,-0.020858003746029974,-0.03562346821681154,0.01374526,False
5,500.0,600.0,truth,doc_per_nmi,0.5004258691602437,paper,0.526493,0.002035,-0.026067130839756314,-0.04951087828281917,0.01256486,False
5,500.0,650.0,truth,doc_per_nmi,0.42968456222587,paper,0.449158,0.002035,-0.01947343777413002,-0.04335542898964289,0.01101816,False
5,500.0,700.0,truth,doc_per_nmi,0.3503858555531996,paper,0.371822,0.002035,-0.021436144446800365,-0.057651630206927956,0.00947144,False
5,500.0,750.0,truth,doc_per_nmi,0.27783854545806014,paper,0.290415,0.002035,-0.012576454541939841,-0.043305113516656654,0.0078433,False
5,500.0,800.0,truth,doc_per_nmi,0.25744625096623797,paper,0.263958,0.002035,-0.00651174903376206,-0.024669640752551767,0.00731416,True
5,550.0,250.0,truth,doc_per_nmi,0.6995738401072991,paper,0.697446,0.002035,0.0021278401072990505,0.0030509030194438716,0.01598392,True
5,550.0,300.0,truth,doc_per_nmi,0.6904144900661401,paper,0.691341,0.002035,-0.0009265099338598981,-0.0013401634415721013,0.01586182,True
5,550.0,350.0,truth,doc_per_nmi,0.6779451059836437,paper,0.707622,0.002035,-0.029676894016356314,-0.041938908084197944,0.01618744,False
5,550.0,400.0,truth,doc_per_nmi,0.6688820818850022,paper,0.711692,0.002035,-0.04280991811499779,-0.06015231043063262,0.01626884,False
5,550.0,450.0,truth,doc_per_nmi,0.7129343962028096,paper,0.732044,0.002035,-0.0191096037971904,-0.026104446996615502,0.01667588,False
5,550.0,500.0,truth,doc_per_nmi,0.6653322379273656,paper,0.689306,0.002035,-0.023973762072634353,-0.03477956389852163,0.015821119999999998,False
5,550.0,550.0,truth,doc_per_nmi,0.6134933821992112,paper,0.638427,0.002035,-0.024933617800788732,-0.0390547671085163,0.01480354,False
5,550.0,600.0,truth,doc_per_nmi,0.5602971178420603,paper,0.583478,0.002035,-0.023180882157939786,-0.039728802384905317,0.013704560000000001,False
5,550.0,650.0,truth,doc_per_nmi,0.502251594325677,paper,0.526493,0.002035,-0.02424140567432298,-0.0460431680465324,0.01256486,False
5,550.0,700.0,truth,doc_per_nmi,0.4384735091644515,paper,0.461368,0.002035,-0.02289449083554851,-0.04962305759295944,0.01126236,False
5,550.0,750.0,truth,doc_per_nmi,0.36755073753798745,paper,0.388103,0.002035,-0.020552262462012527,-0.0529556907883024,0.00979706,False
5,550.0,800.0,truth,doc_per_nmi,0.2851875926253225,paper,0.308732,0.002035,-0.0235444073746775,-0.0762616358999958,0.00820964,False
5,600.0,250.0,truth,doc_per_nmi,0.7025922121432209,paper,0.701517,0.002035,0.0010752121432209272,0.0015326957767537027,0.016065339999999997,True
5,600.0,300.0,truth,doc_per_nmi,0.693739367144014,paper,0.695411,0.002035,-0.0016716328559860383,-0.0024038055998338225,0.01594322,True
5,600.0,350.0,truth,doc_per_nmi,0.6824174195542974,paper,0.691341,0.002035,-0.008923580445702628,-0.012907639566729918,0.01586182,True
5,600.0,400.0,truth,doc_per_nmi,0.6731992511490902,paper,0.705587,0.002035,-0.03238774885090978,-0.04590185030465383,0.01614674,False
5,600.0,450.0,truth,doc_per_nmi,0.6827183515785898,paper,0.711692,0.002035,-0.028973648421410148,-0.04071093734566378,0.01626884,False
5,600.0,500.0,truth,doc_per_nmi,0.6978388497841541,paper,0.713728,0.002035,-0.015889150215845915,-0.022262192622183683,0.01630956,True
5,600.0,550.0,truth,doc_per_nmi,0.6546906057705056,paper,0.677095,0.002035,-0.022404394229494362,-0.033088996713156,0.015576900000000001,False
5,600.0,600.0,truth,doc_per_nmi,0.6074895322166353,paper,0.628251,0.002035,-0.02076146778336474,-0.03304645401816271,0.01460002,False
5,600.0,650.0,truth,doc_per_nmi,0.5584296559304799,paper,0.583478,0.002035,-0.025048344069520168,-0.042929371920655386,0.013704560000000001,False
5,600.0,700.0,truth,doc_per_nmi,0.5055179186964806,paper,0.530564,0.002035,-0.025046081303519485,-0.047206522311199935,0.012646280000000001,False
5,600.0,750.0,truth,doc_per_nmi,0.4474602894739793,paper,0.473579,0.002035,-0.026118710526020716,-0.05515174981580838,0.01150658,False
5,600.0,800.0,truth,doc_per_nmi,0.38316451908460325,paper,0.404384,0.002035,-0.02121948091539677,-0.05247359172320559,0.01012268,False
5,650.0,250.0,truth,doc_per_nmi,0.7070625070651132,paper,0.723903,0.002035,-0.016840492934886764,-0.02326346614793248,0.01651306,False
5,650.0,300.0,truth,doc_per_nmi,0.698407534645987,paper,0.701517,0.002035,-0.003109465354012908,-0.00443248752918733,0.016065339999999997,True
5,650.0,350.0,truth,doc_per_nmi,0.6881249327569655,paper,0.695411,0.002035,-0.007286067243034489,-0.010477354029537193,0.01594322,True
5,650.0,400.0,truth,doc_per_nmi,0.6787135920502247,paper,0.691341,0.002035,-0.012627407949775238,-0.01826509341956464,0.01586182,True
5,650.0,450.0,truth,doc_per_nmi,0.6715723308396212,paper,0.685235,0.002035,-0.013662669160378837,-0.01993866215295313,0.0157397,True
5,650.0,500.0,truth,doc_per_nmi,0.7230065699917664,paper,0.740185,0.002035,-0.017178430008233603,-0.023208292532587937,0.016838699999999998,False
5,650.0,550.0,truth,doc_per_nmi,0.686800061749796,paper,0.705587,0.002035,-0.018786938250203944,-0.026625969937376887,0.01614674,False
5,650.0,600.0,truth,doc_per_nmi,0.6474200201834868,paper,0.668954,0.002035,-0.021533979816513282,-0.03219052403679966,0.015414080000000002,False
5,650.0,650.0,truth,doc_per_nmi,0.604397962007449,paper,0.624181,0.002035,-0.01978303799255099,-0.03169439312082711,0.014518620000000001,False
5,650.0,700.0,truth,doc_per_nmi,0.5586276154790265,paper,0.583478,0.002035,-0.024850384520973545,-0.04259009683479676,0.013704560000000001,False
5,650.0,750.0,truth,doc_per_nmi,0.5100659666975655,paper,0.532599,0.002035,-0.022533033302434502,-0.0423076898425166,0.012686980000000002,False
5,650.0,800.0,truth,doc_per_nmi,0.4568191353539435,paper,0.48172,0.002035,-0.02490086464605651,-0.051691573208620174,0.0116694,False
5,700.0,250.0,truth,doc_per_nmi,0.7127729875386508,paper,0.711692,0.002035,0.0010809875386508239,0.001518897976443214,0.01626884,True
5,700.0,300.0,truth,doc_per_nmi,0.7042591081346792,paper,0.707622,0.002035,-0.003362891865320794,-0.004752384557462592,0.01618744,True
5,700.0,350.0,truth,doc_per_nmi,0.69490345014751,paper,0.701517,0.002035,-0.006613549852489964,-0.009427497626557823,0.016065339999999997,True
5,700.0,400.0,truth,doc_per_nmi,0.6852646344162534,paper,0.697446,0.002035,-0.012181365583746606,-0.017465675598894545,0.01598392,True
5,700.0,450.0,truth,doc_per_nmi,0.677954827960415,paper,0.691341,0.002035,-0.013386172039585031,-0.01936261850459474,0.01586182,True
5,700.0,500.0,truth,doc_per_nmi,0.6726202326340965,paper,0.689306,0.002035,-0.016685767365903437,-0.02420661849150223,0.015821119999999998,False
5,700.0,550.0,truth,doc_per_nmi,0.7122907991444197,paper,0.730009,0.002035,-0.01771820085558029,-0.024271208787261925,0.01663518,False
5,700.0,600.0,truth,doc_per_nmi,0.6790548078680284,paper,0.695411,0.002035,-0.016356192131971592,-0.02352018034223156,0.01594322,False
5,700.0,650.0,truth,doc_per_nmi,0.6429257902340504,paper,0.662849,0.002035,-0.019923209765949634,-0.03005693569115988,0.015291980000000002,False
5,700.0,700.0,truth,doc_per_nmi,0.6034850728963373,paper,0.622146,0.002035,-0.018660927103662628,-0.02999445002244269,0.01447792,False
5,700.0,750.0,truth,doc_per_nmi,0.5605985956827002,paper,0.583478,0.002035,-0.022879404317299845,-0.039212111368894534,0.013704560000000001,False
5,700.0,800.0,truth,doc_per_nmi,0.5157907202925579,paper,0.536669,0.002035,-0.02087827970744205,-0.03890345763858552,0.01276838,False
5,750.0,250.0,truth,doc_per_nmi,0.7195752315104211,paper,0.721868,0.002035,-0.0022927684895788225,-0.003176160308503525,0.01647236,True
5,750.0,300.0,truth,doc_per_nmi,0.7111548420255176,paper,0.713728,0.002035,-0.0025731579744824318,-0.0036052361326477755,0.01630956,True
5,750.0,350.0,truth,doc_per_nmi,0.7028341186047059,paper,0.709657,0.002035,-0.006822881395294078,-0.009614336778604422,0.01622814,True
5,750.0,400.0,truth,doc_per_nmi,0.6927409970595308,paper,0.707622,0.002035,-0.014881002940469124,-0.02102959339939844,0.01618744,True
5,750.0,450.0,truth,doc_per_nmi,0.685238515670452,paper,0.701517,0.002035,-0.016278484329547926,-0.02320468973602625,0.016065339999999997,False
5,750.0,500.0,truth,doc_per_nmi,0.6798322288196449,paper,0.695411,0.002035,-0.015578771180355111,-0.022402250151859995,0.01594322,True
5,750.0,550.0,truth,doc_per_nmi,0.6757237178955591,paper,0.695411,0.002035,-0.01968728210444093,-0.02831028284631812,0.01594322,False
5,750.0,600.0,truth,doc_per_nmi,0.7046741668502089,paper,0.721868,0.002035,-0.01719383314979106,-0.02381852797158353,0.01647236,False
5,750.0,650.0,truth,doc_per_nmi,0.6740591690885174,paper,0.691341,0.002035,-0.01728183091148261,-0.024997549561623873,0.01586182,False
5,750.0,700.0,truth,doc_per_nmi,0.6407847295377974,paper,0.660814,0.002035,-0.020029270462202597,-0.030309997158357114,0.01525128,False
5,750.0,750.0,truth,doc_per_nmi,0.6044708131424195,paper,0.622146,0.002035,-0.017675186857580516,-0.028410030535566438,0.01447792,False
5,750.0,800.0,truth,doc_per_nmi,0.5646505201921039,paper,0.585513,0.002035,-0.020862479807896017,-0.03563111290081692,0.01374526,False
5,800.0,250.0,truth,doc_per_nmi,0.7273656525939123,paper,0.730009,0.002035,-0.002643347406087737,-0.0036209792017464675,0.01663518,True
5,800.0,300.0,truth,doc_per_nmi,0.7189977633192113,paper,0.727974,0.002035,-0.00897623668078873,-0.012330435813351479,0.016594479999999998,True
5,800.0,350.0,truth,doc_per_nmi,0.7107308047453846,paper,0.721868,0.002035,-0.011137195254615317,-0.015428298878209476,0.01647236,True
5,800.0,400.0,truth,doc_per_nmi,0.7010663510209897,paper,0.713728,0.002035,-0.012661648979010343,-0.017740160087610885,0.01630956,True
5,800.0,450.0,truth,doc_per_nmi,0.6933476611831845,paper,0.711692,0.002035,-0.01834433881681552,-0.02577567095993143,0.01626884,False
5,800.0,500.0,truth,doc_per_nmi,0.6878350463190153,paper,0.717798,0.002035,-0.029962953680984783,-0.04174287707820972,0.01639096,False
5,800.0,550.0,truth,doc_per_nmi,0.6838548853438207,paper,0.701517,0.002035,-0.017662114656179284,-0.025177030144927757,0.016065339999999997,False
5,800.0,600.0,truth,doc_per_nmi,0.725781908426433,paper,0.744255,0.002035,-0.018473091573567024,-0.024820916988890936,0.0169201,False
5,800.0,650.0,truth,doc_per_nmi,0.6996863499150202,paper,0.713728,0.002035,-0.014041650084979818,-0.0196736713215396,0.01630956,True
5,800.0,700.0,truth,doc_per_nmi,0.671420262145971,paper,0.689306,0.002035,-0.017885737854029027,-0.025947457085864663,0.015821119999999998,False
5,800.0,750.0,truth,doc_per_nmi,0.6406933905374173,paper,0.660814,0.002035,-0.02012060946258276,-0.03044821910943588,0.01525128,False
5,800.0,800.0,truth,doc_per_nmi,0.6071566852539529,paper,0.624181,0.002035,-0.017024314746047042,-0.027274644287549672,0.014518620000000001,False
5,300.0,250.0,truth,electric_percent,46.9412144090594,paper,45.978349,0.290722,0.9628654090593969,0.020941713436891718,1.290722,True
5,300.0,300.0,truth,electric_percent,59.10625104773508,paper,57.607219,0.290722,1.4990320477350778,0.026021600656248964,1.44286638,False
5,300.0,350.0,truth,electric_percent,72.34577991141084,paper,70.689698,0.290722,1.656081911410837,0.02342748601657397,1.7045159600000002,True
5,300.0,400.0,truth,electric_percent,87.0369774859,paper,85.807229,0.290722,1.2297484858999894,0.014331525446416518,2.00686658,True
5,300.0,450.0,truth,electric_percent,99.92389299274332,paper,99.471152,0.290722,0.4527409927433155,0.0045514803401826035,2.2801450400000003,True
5,300.0,500.0,truth,electric_percent,99.92396330619955,paper,99.471152,0.290722,0.4528113061995498,0.0045521872130278515,2.2801450400000003,True
5,300.0,550.0,truth,electric_percent,99.92400699686215,paper,99.471152,0.290722,0.45285499686214337,0.004552626442510119,2.2801450400000003,True
5,300.0,600.0,truth,electric_percent,99.9240351027786,paper,99.471152,0.290722,0.4528831027785998,0.004552908995952914,2.2801450400000003,True
5,300.0,650.0,truth,electric_percent,99.92405369616802,paper,99.471152,0.290722,0.4529016961680128,0.004553095918382576,2.2801450400000003,True
5,300.0,700.0,truth,electric_percent,99.92406628460144,paper,99.471152,0.290722,0.4529142846014338,0.004553222471993024,2.2801450400000003,True
5,300.0,750.0,truth,electric_percent,99.92407494476203,paper,99.471152,0.290722,0.45292294476202244,0.004553309534024723,2.2801450400000003,True
5,300.0,800.0,truth,electric_percent,99.92407820283849,paper,99.471152,0.290722,0.4529262028384835,0.00455334228800812,2.2801450400000003,True
5,350.0,250.0,truth,electric_percent,9.743274754492619,paper,5.277303,0.290722,4.465971754492619,0.8462602496943267,1.290722,False
5,350.0,300.0,truth,electric_percent,47.374148412236316,paper,45.978349,0.290722,1.3957994122363147,0.030357754086305158,1.290722,False
5,350.0,350.0,truth,electric_percent,57.90238455955474,paper,56.15361,0.290722,1.7487745595547395,0.031142691619554637,1.4137942,False
5,350.0,400.0,truth,electric_percent,69.25003624057506,paper,67.782481,0.290722,1.4675552405750523,0.021650951970540178,1.64637162,True
5,350.0,450.0,truth,electric_percent,81.74359306484139,paper,80.283516,0.290722,1.4600770648413857,0.018186511224064793,1.8963923200000001,True
5,350.0,500.0,truth,electric_percent,95.9069263461385,paper,94.23816,0.290722,1.6687663461385114,0.017707968259763472,2.1754852,True
5,350.0,550.0,truth,electric_percent,99.92043151510049,paper,99.471152,0.290722,0.4492795151004856,0.004516681530947642,2.2801450400000003,True
5,350.0,600.0,truth,electric_percent,99.9204751829939,paper,99.471152,0.290722,0.4493231829938935,0.004517120531527507,2.2801450400000003,True
5,350.0,650.0,truth,electric_percent,99.92050390843664,paper,99.471152,0.290722,0.44935190843663975,0.004517409313170915,2.2801450400000003,True
5,350.0,700.0,truth,electric_percent,99.92052318463284,paper,99.471152,0.290722,0.4493711846328381,0.004517603099970513,2.2801450400000003,True
5,350.0,750.0,truth,electric_percent,99.92053633490063,paper,99.471152,0.290722,0.44938433490062835,0.004517735301795121,2.2801450400000003,True
5,350.0,800.0,truth,electric_percent,99.92054541183465,paper,99.471152,0.290722,0.44939341183464876,0.004517826553719301,2.2801450400000003,True
5,400.0,250.0,truth,electric_percent,7.9401196642865655,paper,4.405138,0.290722,3.5349816642865655,0.8024678600957712,1.290722,False
5,400.0,300.0,truth,electric_percent,9.03262576528584,paper,5.277303,0.290722,3.7553227652858396,0.7115988536731432,1.290722,False
5,400.0,350.0,truth,electric_percent,47.399184349878745,paper,45.978349,0.290722,1.4208353498787432,0.03090226988965487,1.290722,False
5,400.0,400.0,truth,electric_percent,56.70314950058164,paper,54.700002,0.290722,2.0031475005816404,0.03662061110311551,1.38472204,False
5,400.0,450.0,truth,electric_percent,66.64175913721118,paper,65.165985,0.290722,1.4757741372111752,0.022646387332458415,1.5940417,True
5,400.0,500.0,truth,electric_percent,77.53231916125797,paper,75.92269,0.290722,1.6096291612579705,0.021200897403107957,1.8091758,True
5,400.0,550.0,truth,electric_percent,89.65115572350798,paper,88.133003,0.290722,1.5181527235079812,0.017225700609656763,2.05338206,True
5,400.0,600.0,truth,electric_percent,99.91780005308769,paper,99.471152,0.290722,0.44664805308768507,0.004490227006596697,2.2801450400000003,True
5,400.0,650.0,truth,electric_percent,99.91784337784817,paper,99.471152,0.290722,0.44669137784816826,0.0044906625576043215,2.2801450400000003,True
5,400.0,700.0,truth,electric_percent,99.91787266883323,paper,99.471152,0.290722,0.4467206688332226,0.004490957024738415,2.2801450400000003,True
5,400.0,750.0,truth,electric_percent,99.91789278584613,paper,99.471152,0.290722,0.4467407858461314,0.00449115926440795,2.2801450400000003,True
5,400.0,800.0,truth,electric_percent,99.91790676623101,paper,99.471152,0.290722,0.4467547662310096,0.004491299811537415,2.2801450400000003,True
5,450.0,250.0,truth,electric_percent,4.161974993681412,paper,3.823695,0.290722,0.3382799936814118,0.08846939771122221,1.290722,True
5,450.0,300.0,truth,electric_percent,7.059545668598342,paper,4.69586,0.290722,2.3636856685983423,0.5033552253683761,1.290722,False
5,450.0,350.0,truth,electric_percent,39.29376294075465,paper,30.279374,0.290722,9.014388940754646,0.2977072425854856,1.290722,False
5,450.0,400.0,truth,electric_percent,47.13553448425796,paper,45.978349,0.290722,1.1571854842579583,0.025168052125098234,1.290722,True
5,450.0,450.0,truth,electric_percent,55.48840057551676,paper,53.827836,0.290722,1.6605645755167657,0.03084955106716097,1.3672787199999998,False
5,450.0,500.0,truth,electric_percent,64.33450784413779,paper,62.840211,0.290722,1.4942968441377928,0.023779309782040563,1.54752622,True
5,450.0,550.0,truth,electric_percent,73.99849234841153,paper,72.434029,0.290722,1.564463348411536,0.021598458211009305,1.73940258,True
5,450.0,600.0,truth,electric_percent,84.66765416842685,paper,83.190734,0.290722,1.4769201684268438,0.017753421534023775,1.9545366800000001,True
5,450.0,650.0,truth,electric_percent,96.88127824322767,paper,95.110326,0.290722,1.7709522432276685,0.018619978689040226,2.19292852,True
5,450.0,700.0,truth,electric_percent,99.915806367914,paper,99.471152,0.290722,0.4446543679139978,0.004470184158659365,2.2801450400000003,True
5,450.0,750.0,truth,electric_percent,99.91583591467673,paper,99.471152,0.290722,0.4446839146767303,0.004470481197168906,2.2801450400000003,True
5,450.0,800.0,truth,electric_percent,99.91585670885809,paper,99.471152,0.290722,0.4447047088580831,0.004470690244525197,2.2801450400000003,True
5,500.0,250.0,truth,electric_percent,3.0645359523730606,paper,3.532973,0.290722,-0.4684370476269395,-0.1325900445961346,1.290722,True
5,500.0,300.0,truth,electric_percent,6.374265337295662,paper,4.405138,0.290722,1.969127337295662,0.4470069580784216,1.290722,False
5,500.0,350.0,truth,electric_percent,6.362730935051693,paper,5.277303,0.290722,1.085427935051693,0.20567853220701807,1.290722,True
5,500.0,400.0,truth,electric_percent,39.599776484969304,paper,38.419583,0.290722,1.1801934849693012,0.03071853968246613,1.290722,True
5,500.0,450.0,truth,electric_percent,46.65234997449344,paper,45.106184,0.290722,1.5461659744934408,0.03427835913792754,1.290722,False
5,500.0,500.0,truth,electric_percent,54.24412146818659,paper,52.374228,0.290722,1.8698934681865893,0.035702549509399724,1.33820656,False
5,500.0,550.0,truth,electric_percent,62.21597979422982,paper,60.514437,0.290722,1.701542794229816,0.028117964548357542,1.50101074,False
5,500.0,600.0,truth,electric_percent,70.90747329400669,paper,69.236089,0.290722,1.6713842940066854,0.024140362607811154,1.6754437800000002,True
5,500.0,650.0,truth,electric_percent,80.4612969834633,paper,78.829907,0.290722,1.6313899834632934,0.020695064164712174,1.8673201400000001,True
5,500.0,700.0,truth,electric_percent,91.15359387157953,paper,89.29589,0.290722,1.857703871579531,0.020803912381404464,2.0766398,True
5,500.0,750.0,truth,electric_percent,99.91418313900226,paper,99.471152,0.290722,0.4430311390022581,0.004453865569006963,2.2801450400000003,True
5,500.0,800.0,truth,electric_percent,99.91421257442981,paper,99.471152,0.290722,0.44306057442980773,0.0044541614882454336,2.2801450400000003,True
5,550.0,250.0,truth,electric_percent,2.78818689524548,paper,2.951529,0.290722,-0.16334210475451982,-0.055341521209691595,1.290722,True
5,550.0,300.0,truth,electric_percent,5.815145842844212,paper,3.823695,0.290722,1.9914508428442126,0.5208184342224504,1.290722,False
5,550.0,350.0,truth,electric_percent,5.805061355476356,paper,4.405138,0.290722,1.3999233554763562,0.31779330306482023,1.290722,False
5,550.0,400.0,truth,electric_percent,5.797220762825935,paper,10.510295,0.290722,-4.713074237174064,-0.4484245434760932,1.290722,False
5,550.0,450.0,truth,electric_percent,39.58904757938507,paper,38.419583,0.290722,1.169464579385064,0.03043928351291746,1.290722,True
5,550.0,500.0,truth,electric_percent,45.991562692176494,paper,44.52474,0.290722,1.4668226921764926,0.032943992310263744,1.290722,False
5,550.0,550.0,truth,electric_percent,52.959497966604886,paper,50.920619,0.290722,2.0388789666048837,0.04004034135179864,1.30913438,False
5,550.0,600.0,truth,electric_percent,60.2134858177516,paper,58.479384,0.290722,1.7341018177515934,0.029653216212940845,1.46030968,False
5,550.0,650.0,truth,electric_percent,68.11242659891327,paper,66.03815,0.290722,2.074276598913272,0.03141027722480524,1.611485,False
5,550.0,700.0,truth,electric_percent,76.77281107466757,paper,74.759803,0.290722,2.0130080746675674,0.02692634268535415,1.78591806,False
5,550.0,750.0,truth,electric_percent,86.38320188968382,paper,84.644342,0.290722,1.7388598896838232,0.02054313198729601,1.9836088399999998,True
5,550.0,800.0,truth,electric_percent,97.5362581898622,paper,95.110326,0.290722,2.425932189862195,0.02550650693660954,2.19292852,False
5,600.0,250.0,truth,electric_percent,2.5584166107975146,paper,2.951529,0.290722,-0.39311238920248526,-0.133189404272323,1.290722,True
5,600.0,300.0,truth,electric_percent,3.1645842182404937,paper,3.532973,0.290722,-0.3683887817595064,-0.10427160970647281,1.290722,True
5,600.0,350.0,truth,electric_percent,5.341287051332855,paper,3.823695,0.290722,1.517592051332855,0.39689150189354927,1.290722,False
5,600.0,400.0,truth,electric_percent,5.334377650997342,paper,4.69586,0.290722,0.6385176509973425,0.13597459272579304,1.290722,True
5,600.0,450.0,truth,electric_percent,14.136639442620686,paper,20.104113,0.290722,-5.967473557379316,-0.29682849262632555,1.290722,False
5,600.0,500.0,truth,electric_percent,39.3239236731204,paper,38.419583,0.290722,0.9043406731203945,0.023538534322988212,1.290722,True
5,600.0,550.0,truth,electric_percent,45.17915914029166,paper,43.652575,0.290722,1.5265841402916607,0.034971227706307374,1.290722,False
5,600.0,600.0,truth,electric_percent,51.56953154430626,paper,49.176288,0.290722,2.3932435443062587,0.04866661640476522,1.290722,False
5,600.0,650.0,truth,electric_percent,58.276914384621456,paper,56.15361,0.290722,2.1233043846214557,0.03781242888251451,1.4137942,False
5,600.0,700.0,truth,electric_percent,65.51492443503547,paper,63.421654,0.290722,2.093270435035471,0.033005610907521764,1.5591550799999998,False
5,600.0,750.0,truth,electric_percent,73.43890142630457,paper,71.561863,0.290722,1.8770384263045656,0.026229591399885236,1.72195926,False
5,600.0,800.0,truth,electric_percent,82.19387134292633,paper,80.283516,0.290722,1.910355342926323,0.02379511309552415,1.8963923200000001,False
5,650.0,250.0,truth,electric_percent,2.3642368483940306,paper,2.951529,0.290722,-0.5872921516059693,-0.19897895348680947,1.290722,True
5,650.0,300.0,truth,electric_percent,2.9245914931812824,paper,2.951529,0.290722,-0.026937506818717427,-0.009126627866003495,1.290722,True
5,650.0,350.0,truth,electric_percent,4.949372931747571,paper,3.823695,0.290722,1.1256779317475711,0.29439532487491055,1.290722,True
5,650.0,400.0,truth,electric_percent,4.943292022217289,paper,4.405138,0.290722,0.5381540222172889,0.12216507683012176,1.290722,True
5,650.0,450.0,truth,electric_percent,4.938403536121454,paper,5.277303,0.290722,-0.33889946387854586,-0.06421830694173632,1.290722,True
5,650.0,500.0,truth,electric_percent,33.88349901376492,paper,32.605148,0.290722,1.2783510137649188,0.03920702993787726,1.290722,True
5,650.0,550.0,truth,electric_percent,38.84556112024301,paper,37.547418,0.290722,1.2981431202430116,0.03457343245927088,1.290722,False
5,650.0,600.0,truth,electric_percent,44.23114944965302,paper,42.198966,0.290722,2.0321834496530187,0.048157185881118954,1.290722,False
5,650.0,650.0,truth,electric_percent,50.10126707441221,paper,47.72268,0.290722,2.3785870744122164,0.04984185872235626,1.290722,False
5,650.0,700.0,truth,electric_percent,56.36965080201283,paper,54.40928,0.290722,1.9603708020128252,0.03603008167012732,1.3789076,False
5,650.0,750.0,truth,electric_percent,63.04539152577715,paper,60.805159,0.290722,2.240232525777145,0.036842803515687625,1.50682518,False
5,650.0,800.0,truth,electric_percent,70.34817064759645,paper,68.073202,0.290722,2.2749686475964523,0.03341944525536572,1.65218604,False
5,700.0,250.0,truth,electric_percent,2.1978788875083937,paper,2.079364,0.290722,0.11851488750839367,0.05699573884533621,1.290722,True
5,700.0,300.0,truth,electric_percent,2.71905774763684,paper,2.951529,0.290722,-0.23247125236316002,-0.07876299110161548,1.290722,True
5,700.0,350.0,truth,electric_percent,4.613671416809524,paper,3.532973,0.290722,1.0806984168095237,0.3058892374239836,1.290722,True
5,700.0,400.0,truth,electric_percent,4.608327288954164,paper,3.823695,0.290722,0.7846322889541639,0.2052026348739018,1.290722,True
5,700.0,450.0,truth,electric_percent,4.604013334397215,paper,4.69586,0.290722,-0.09184666560278476,-0.019559072374982382,1.290722,True
5,700.0,500.0,truth,electric_percent,4.798697681940202,paper,5.277303,0.290722,-0.478605318059798,-0.09069127129137705,1.290722,True
5,700.0,550.0,truth,electric_percent,33.59467509011744,paper,31.732983,0.290722,1.8616920901174403,0.05866741522905175,1.290722,False
5,700.0,600.0,truth,electric_percent,38.18138641007964,paper,37.256696,0.290722,0.9246904100796414,0.024819442123360628,1.290722,True
5,700.0,650.0,truth,electric_percent,43.156933074273205,paper,41.326801,0.290722,1.8301320742732017,0.044284387612610075,1.290722,False
5,700.0,700.0,truth,electric_percent,48.57616236269763,paper,46.559793,0.290722,2.016369362697631,0.04330709465777975,1.290722,False
5,700.0,750.0,truth,electric_percent,54.463401063634464,paper,52.374228,0.290722,2.089173063634462,0.03988933380811765,1.33820656,False
5,700.0,800.0,truth,electric_percent,60.65217845181714,paper,58.479384,0.290722,2.17279445181714,0.03715487926167518,1.46030968,False
5,750.0,250.0,truth,electric_percent,2.0537030286000157,paper,2.079364,0.290722,-0.025660971399984245,-0.012340778911236439,1.290722,True
5,750.0,300.0,truth,electric_percent,2.5409909154322343,paper,2.951529,0.290722,-0.4105380845677655,-0.13909335960031752,1.290722,True
5,750.0,350.0,truth,electric_percent,3.027758936674875,paper,2.951529,0.290722,0.0762299366748751,0.025827270094542557,1.290722,True
5,750.0,400.0,truth,electric_percent,4.318083831254218,paper,3.823695,0.290722,0.4943888312542182,0.12929609481253557,1.290722,True
5,750.0,450.0,truth,electric_percent,4.314290282335756,paper,4.405138,0.290722,-0.09084771766424371,-0.020623126372940805,1.290722,True
5,750.0,500.0,truth,electric_percent,4.485365109702628,paper,4.69586,0.290722,-0.21049489029737156,-0.04482563157704267,1.290722,True
5,750.0,550.0,truth,electric_percent,4.971461696161763,paper,7.893799,0.290722,-2.922337303838237,-0.37020670324114374,1.290722,False
5,750.0,600.0,truth,electric_percent,33.097548784444854,paper,31.732983,0.290722,1.3645657844448529,0.04300149735197768,1.290722,False
5,750.0,650.0,truth,electric_percent,37.349484091445554,paper,35.221644,0.290722,2.127840091445556,0.0604128555568149,1.290722,False
5,750.0,700.0,truth,electric_percent,41.96126076645399,paper,40.454636,0.290722,1.5066247664539887,0.037242326601430516,1.290722,False
5,750.0,750.0,truth,electric_percent,46.98297032078783,paper,45.106184,0.290722,1.8767863207878293,0.04160818216827718,1.290722,False
5,750.0,800.0,truth,electric_percent,52.475960514698926,paper,50.048454,0.290722,2.4275065146989263,0.048503126883777996,1.2916910799999999,False
5,800.0,250.0,truth,electric_percent,1.9274966817702825,paper,2.079364,0.290722,-0.15186731822971744,-0.0730354657624723,1.290722,True
5,800.0,300.0,truth,electric_percent,2.385176407444187,paper,2.951529,0.290722,-0.566352592555813,-0.19188447498087027,1.290722,True
5,800.0,350.0,truth,electric_percent,2.8423703620904153,paper,2.951529,0.290722,-0.10915863790958458,-0.036983759234479684,1.290722,True
5,800.0,400.0,truth,electric_percent,4.064034947791886,paper,3.532973,0.290722,0.5310619477918861,0.1503158806455317,1.290722,True
5,800.0,450.0,truth,electric_percent,4.060720396498262,paper,3.823695,0.290722,0.23702539649826182,0.061988572963654745,1.290722,True
5,800.0,500.0,truth,electric_percent,4.211384909376189,paper,4.69586,0.290722,-0.48447509062381044,-0.10317068452292243,1.290722,True
5,800.0,550.0,truth,electric_percent,4.667913088125186,paper,5.277303,0.290722,-0.6093899118748141,-0.11547373949815162,1.290722,True
5,800.0,600.0,truth,electric_percent,28.759541357070695,paper,26.790713,0.290722,1.968828357070695,0.07348921087209194,1.290722,False
5,800.0,650.0,truth,electric_percent,32.41227860540535,paper,31.15154,0.290722,1.260738605405347,0.04047114863038383,1.290722,True
5,800.0,700.0,truth,electric_percent,36.36128471675413,paper,34.349479,0.290722,2.0118057167541252,0.058568740351320175,1.290722,False
5,800.0,750.0,truth,electric_percent,40.6454030348572,paper,39.001027,0.290722,1.6443760348572027,0.042162377797312946,1.290722,False
5,800.0,800.0,truth,electric_percent,45.31093266270808,paper,43.652575,0.290722,1.6583576627080845,0.037989916120826424,1.290722,False
5,300.0,250.0,truth,MTOW_lb,12566.34894426,paper,12573.769939,13.810789,-7.420994739999514,-0.0005901964785423544,139.54848839,True
5,300.0,300.0,truth,MTOW_lb,12566.34894425981,paper,12573.769939,13.810789,-7.420994740190508,-0.0005901964785575443,139.54848839,True
5,300.0,350.0,truth,MTOW_lb,12566.34894426,paper,12573.769939,13.810789,-7.420994739999514,-0.0005901964785423544,139.54848839,True
5,300.0,400.0,truth,MTOW_lb,12566.348944258021,paper,12573.769939,13.810789,-7.420994741978575,-0.0005901964786997504,139.54848839,True
5,300.0,450.0,truth,MTOW_lb,12232.191447653448,paper,12394.229686,13.810789,-162.03823834655304,-0.013073683677944472,137.75308586,False
5,300.0,500.0,truth,MTOW_lb,11201.819437053322,paper,11358.420539,13.810789,-156.60110194667868,-0.013787225205210257,127.39499439000001,False
5,300.0,550.0,truth,MTOW_lb,10478.495053471152,paper,10598.827164,13.810789,-120.33211052884872,-0.011353342088412294,119.79906064000001,False
5,300.0,600.0,truth,MTOW_lb,9942.52280933015,paper,10115.449561,13.810789,-172.92675166984918,-0.01709531055708748,114.96528461,False
5,300.0,650.0,truth,MTOW_lb,9529.343614709107,paper,9922.09852,13.810789,-392.75490529089257,-0.039583854614950204,113.0317742,False
5,300.0,700.0,truth,MTOW_lb,9200.93699476776,paper,9328.234609,13.810789,-127.29761423223863,-0.013646485060465811,107.09313508999999,False
5,300.0,750.0,truth,MTOW_lb,8933.551618942098,paper,9065.829625,13.810789,-132.27800605790253,-0.014590832999236131,104.46908525,False
5,300.0,800.0,truth,MTOW_lb,8818.490487200002,paper,8844.857007,13.810789,-26.36651979999806,-0.0029810001200845935,102.25935907,True
5,350.0,250.0,truth,MTOW_lb,8818.490487200004,paper,8485.776502,13.810789,332.71398520000366,0.03920843132288327,98.66855402,False
5,350.0,300.0,truth,MTOW_lb,12566.348944259986,paper,12573.769939,13.810789,-7.420994740014066,-0.0005901964785435118,139.54848839,True
5,350.0,350.0,truth,MTOW_lb,12566.34894426,paper,12573.769939,13.810789,-7.420994739999514,-0.0005901964785423544,139.54848839,True
5,350.0,400.0,truth,MTOW_lb,12566.34894426,paper,12573.769939,13.810789,-7.420994739999514,-0.0005901964785423544,139.54848839,True
5,350.0,450.0,truth,MTOW_lb,12566.348944259991,paper,12573.769939,13.810789,-7.420994740008609,-0.0005901964785430777,139.54848839,True
5,350.0,500.0,truth,MTOW_lb,12566.34894426,paper,12573.769939,13.810789,-7.420994739999514,-0.0005901964785423544,139.54848839,True
5,350.0,550.0,truth,MTOW_lb,11764.025249120774,paper,11924.662873,13.810789,-160.63762387922543,-0.013471041117895547,133.05741773,False
5,350.0,600.0,truth,MTOW_lb,10988.853868938688,paper,11137.44792,13.810789,-148.5940510613127,-0.013341840260772479,125.18526820000001,False
5,350.0,650.0,truth,MTOW_lb,10407.781960573173,paper,10805.988993,13.810789,-398.20703242682794,-0.0368505865298199,121.87067893000001,False
5,350.0,700.0,truth,MTOW_lb,9955.948653274627,paper,10115.449561,13.810789,-159.5009077253726,-0.015768049335179973,114.96528461,False
5,350.0,750.0,truth,MTOW_lb,9594.42024114493,paper,9770.179845,13.810789,-175.75960385507096,-0.01798939289178161,111.51258745000001,False
5,350.0,800.0,truth,MTOW_lb,9298.458148941649,paper,9438.720918,13.810789,-140.2627690583522,-0.014860357698559108,108.19799818000001,False
5,400.0,250.0,truth,MTOW_lb,8920.951581937794,paper,8692.938332,13.810789,228.01324993779417,0.02622970982072235,100.74017232,False
5,400.0,300.0,truth,MTOW_lb,8818.4904872,paper,8554.830445,13.810789,263.66004220000104,0.03082001962459714,99.35909345,False
5,400.0,350.0,truth,MTOW_lb,12566.34894426,paper,12573.769939,13.810789,-7.420994739999514,-0.0005901964785423544,139.54848839,True
5,400.0,400.0,truth,MTOW_lb,12566.348944259975,paper,12573.769939,13.810789,-7.42099474002498,-0.0005901964785443798,139.54848839,True
5,400.0,450.0,truth,MTOW_lb,12566.348944259926,paper,12573.769939,13.810789,-7.420994740074093,-0.0005901964785482857,139.54848839,True
5,400.0,500.0,truth,MTOW_lb,12566.34894426,paper,12573.769939,13.810789,-7.420994739999514,-0.0005901964785423544,139.54848839,True
5,400.0,550.0,truth,MTOW_lb,12566.34894426,paper,12573.769939,13.810789,-7.420994739999514,-0.0005901964785423544,139.54848839,True
5,400.0,600.0,truth,MTOW_lb,12277.911800394879,paper,12435.662052,13.810789,-157.75025160512087,-0.012685311883314667,138.16740951999998,False
5,400.0,650.0,truth,MTOW_lb,11460.396023967049,paper,11620.825523,13.810789,-160.42949903295084,-0.013805344440928739,130.01904423,False
5,400.0,700.0,truth,MTOW_lb,10841.700349710367,paper,11275.555807,13.810789,-433.8554572896337,-0.03847752294572397,126.56634707,False
5,400.0,750.0,truth,MTOW_lb,10356.636230869675,paper,10557.394798,13.810789,-200.75856713032408,-0.019015919265267595,119.38473698,False
5,400.0,800.0,truth,MTOW_lb,9966.079273007543,paper,10143.071139,13.810789,-176.99186599245695,-0.01744953412698893,115.24150039,False
5,450.0,250.0,truth,MTOW_lb,8818.4904872,paper,8844.857007,13.810789,-26.366519799999878,-0.002981000120084799,102.25935907,True
5,450.0,300.0,truth,MTOW_lb,8885.6643712273,paper,8817.235429,13.810789,68.42894222729956,0.007760816049238732,101.98314329,True
5,450.0,350.0,truth,MTOW_lb,12566.34894426,paper,11316.988173,13.810789,1249.3607712600005,0.11039693177737145,126.98067073,False
5,450.0,400.0,truth,MTOW_lb,12566.348944259977,paper,12573.769939,13.810789,-7.420994740023161,-0.000590196478544235,139.54848839,True
5,450.0,450.0,truth,MTOW_lb,12566.348944259958,paper,12573.769939,13.810789,-7.420994740041351,-0.0005901964785456817,139.54848839,True
5,450.0,500.0,truth,MTOW_lb,12566.34894425996,paper,12573.769939,13.810789,-7.420994740039532,-0.000590196478545537,139.54848839,True
5,450.0,550.0,truth,MTOW_lb,12566.34894426,paper,12573.769939,13.810789,-7.420994739999514,-0.0005901964785423544,139.54848839,True
5,450.0,600.0,truth,MTOW_lb,12566.348944259997,paper,12573.769939,13.810789,-7.420994740003152,-0.0005901964785426437,139.54848839,True
5,450.0,650.0,truth,MTOW_lb,12566.34894426,paper,12573.769939,13.810789,-7.420994739999514,-0.0005901964785423544,139.54848839,True
5,450.0,700.0,truth,MTOW_lb,11898.02337203457,paper,12076.581548,13.810789,-178.55817596543056,-0.01478549002097382,134.57660448000001,False
5,450.0,750.0,truth,MTOW_lb,11247.566795176677,paper,11413.663693,13.810789,-166.09689782332316,-0.014552461180820526,127.94742593000001,False
5,450.0,800.0,truth,MTOW_lb,10733.984764727145,paper,10888.853725,13.810789,-154.86896027285547,-0.014222705546800378,122.69932625000001,False
5,500.0,250.0,truth,MTOW_lb,8913.328252574218,paper,8913.91095,13.810789,-0.5826974257815891,-6.536944659309045e-05,102.9498985,True
5,500.0,300.0,truth,MTOW_lb,9056.461919772602,paper,8969.154104,13.810789,87.30781577260313,0.009734230760252656,103.50233003999999,True
5,500.0,350.0,truth,MTOW_lb,8907.785024199113,paper,8955.343316,13.810789,-47.55829180088767,-0.005310605090473527,103.36422216000001,True
5,500.0,400.0,truth,MTOW_lb,12566.34894426,paper,12573.769939,13.810789,-7.420994739999514,-0.0005901964785423544,139.54848839,True
5,500.0,450.0,truth,MTOW_lb,12566.348944247791,paper,12573.769939,13.810789,-7.420994752208571,-0.0005901964795133486,139.54848839,True
5,500.0,500.0,truth,MTOW_lb,12566.348944259935,paper,12573.769939,13.810789,-7.420994740064998,-0.0005901964785475623,139.54848839,True
5,500.0,550.0,truth,MTOW_lb,12566.34894426,paper,12573.769939,13.810789,-7.420994739999514,-0.0005901964785423544,139.54848839,True
5,500.0,600.0,truth,MTOW_lb,12566.34894426,paper,12573.769939,13.810789,-7.420994739999514,-0.0005901964785423544,139.54848839,True
5,500.0,650.0,truth,MTOW_lb,12566.348944258647,paper,12573.769939,13.810789,-7.4209947413528425,-0.0005901964786499855,139.54848839,True
5,500.0,700.0,truth,MTOW_lb,12566.34894426,paper,12573.769939,13.810789,-7.420994739999514,-0.0005901964785423544,139.54848839,True
5,500.0,750.0,truth,MTOW_lb,12305.798858183889,paper,12490.905207,13.810789,-185.10634881611077,-0.014819290175413048,138.71984107,False
5,500.0,800.0,truth,MTOW_lb,11628.347679513097,paper,11814.176564,13.810789,-185.8288844869021,-0.015729313294094265,131.95255464000002,False
5,550.0,250.0,truth,MTOW_lb,9082.649637265262,paper,9065.829625,13.810789,16.82001226526154,0.0018553196961564936,104.46908525,True
5,550.0,300.0,truth,MTOW_lb,9232.951997298336,paper,9065.829625,13.810789,167.1223722983359,0.01843431646205638,104.46908525,False
5,550.0,350.0,truth,MTOW_lb,9078.306469532039,paper,9134.883568,13.810789,-56.57709846796024,-0.006193521575485968,105.15962468,True
5,550.0,400.0,truth,MTOW_lb,8965.836925469062,paper,9632.071959,13.810789,-666.2350335309384,-0.069168402849028,110.13150859000001,False
5,550.0,450.0,truth,MTOW_lb,12566.34894426,paper,12573.769939,13.810789,-7.420994739999514,-0.0005901964785423544,139.54848839,True
5,550.0,500.0,truth,MTOW_lb,12566.34894426,paper,12573.769939,13.810789,-7.420994739999514,-0.0005901964785423544,139.54848839,True
5,550.0,550.0,truth,MTOW_lb,12566.34894426,paper,12573.769939,13.810789,-7.420994739999514,-0.0005901964785423544,139.54848839,True
5,550.0,600.0,truth,MTOW_lb,12566.34894426,paper,12573.769939,13.810789,-7.420994739999514,-0.0005901964785423544,139.54848839,True
5,550.0,650.0,truth,MTOW_lb,12566.34894426,paper,12573.769939,13.810789,-7.420994739999514,-0.0005901964785423544,139.54848839,True
5,550.0,700.0,truth,MTOW_lb,12566.348944254474,paper,12573.769939,13.810789,-7.420994745525604,-0.0005901964789818479,139.54848839,True
5,550.0,750.0,truth,MTOW_lb,12566.34894425995,paper,12573.769939,13.810789,-7.420994740050446,-0.0005901964785464051,139.54848839,True
5,550.0,800.0,truth,MTOW_lb,12566.34894425279,paper,12573.769939,13.810789,-7.420994747209988,-0.0005901964791158081,139.54848839,True
5,600.0,250.0,truth,MTOW_lb,9257.570531210054,paper,9272.991454,13.810789,-15.420922789946417,-0.0016629933141256636,106.54070354000001,True
5,600.0,300.0,truth,MTOW_lb,9201.747517972746,paper,9245.369877,13.810789,-43.62235902725297,-0.004718292465050392,106.26448776999999,True
5,600.0,350.0,truth,MTOW_lb,9254.506491518561,paper,9217.7483,13.810789,36.758191518561944,0.0039877625556950765,105.988272,True
5,600.0,400.0,truth,MTOW_lb,9137.520369003192,paper,9286.802243,13.810789,-149.28187399680792,-0.016074626129713304,106.67881143,False
5,600.0,450.0,truth,MTOW_lb,9900.235862988615,paper,10723.124261,13.810789,-822.888398011386,-0.07673961226060122,121.04203161000001,False
5,600.0,500.0,truth,MTOW_lb,12566.34894426,paper,12573.769939,13.810789,-7.420994739999514,-0.0005901964785423544,139.54848839,True
5,600.0,550.0,truth,MTOW_lb,12566.34894426,paper,12573.769939,13.810789,-7.420994739999514,-0.0005901964785423544,139.54848839,True
5,600.0,600.0,truth,MTOW_lb,12566.34894426,paper,12573.769939,13.810789,-7.420994739999514,-0.0005901964785423544,139.54848839,True
5,600.0,650.0,truth,MTOW_lb,12566.348944242125,paper,12573.769939,13.810789,-7.420994757874723,-0.0005901964799639813,139.54848839,True
5,600.0,700.0,truth,MTOW_lb,12566.348944259978,paper,12573.769939,13.810789,-7.420994740021342,-0.0005901964785440904,139.54848839,True
5,600.0,750.0,truth,MTOW_lb,12566.348944259997,paper,12573.769939,13.810789,-7.420994740003152,-0.0005901964785426437,139.54848839,True
5,600.0,800.0,truth,MTOW_lb,12566.34894426,paper,12573.769939,13.810789,-7.420994739999514,-0.0005901964785423544,139.54848839,True
5,650.0,250.0,truth,MTOW_lb,9438.416411701957,paper,9549.207227,13.810789,-110.79081529804353,-0.011602095615307933,109.30286127000001,False
5,650.0,300.0,truth,MTOW_lb,9380.55520946973,paper,9397.288552,13.810789,-16.73334253026951,-0.0017806564561336363,107.78367452,True
5,650.0,350.0,truth,MTOW_lb,9436.719863015933,paper,9397.288552,13.810789,39.431311015932806,0.004196030673926762,107.78367452,True
5,650.0,400.0,truth,MTOW_lb,9314.950561070404,paper,9355.856186,13.810789,-40.90562492959725,-0.004372194710603608,107.36935086000001,True
5,650.0,450.0,truth,MTOW_lb,9222.501390168707,paper,9355.856186,13.810789,-133.3547958312938,-0.014253617539658684,107.36935086000001,False
5,650.0,500.0,truth,MTOW_lb,12566.34894426,paper,12573.769939,13.810789,-7.420994739999514,-0.0005901964785423544,139.54848839,True
5,650.0,550.0,truth,MTOW_lb,12566.34894426,paper,12573.769939,13.810789,-7.420994739999514,-0.0005901964785423544,139.54848839,True
5,650.0,600.0,truth,MTOW_lb,12566.34894426,paper,12573.769939,13.810789,-7.420994739999514,-0.0005901964785423544,139.54848839,True
5,650.0,650.0,truth,MTOW_lb,12566.34894426,paper,12573.769939,13.810789,-7.420994739999514,-0.0005901964785423544,139.54848839,True
5,650.0,700.0,truth,MTOW_lb,12566.34894426,paper,12573.769939,13.810789,-7.420994739999514,-0.0005901964785423544,139.54848839,True
5,650.0,750.0,truth,MTOW_lb,12566.34894426,paper,12573.769939,13.810789,-7.420994739999514,-0.0005901964785423544,139.54848839,True
5,650.0,800.0,truth,MTOW_lb,12566.348944259938,paper,12573.769939,13.810789,-7.42099474006136,-0.0005901964785472731,139.54848839,True
5,700.0,250.0,truth,MTOW_lb,9625.528819286126,paper,9632.071959,13.810789,-6.543139713874552,-0.000679307602946299,110.13150859000001,True
5,700.0,300.0,truth,MTOW_lb,9565.514465828692,paper,9604.450382,13.810789,-38.935916171309145,-0.004053945267319009,109.85529282000002,True
5,700.0,350.0,truth,MTOW_lb,9625.296529873653,paper,9563.018016,13.810789,62.27851387365263,0.006512432975599722,109.44096916000001,True
5,700.0,400.0,truth,MTOW_lb,9498.465230159027,paper,9549.207227,13.810789,-50.741996840974025,-0.005313739207324255,109.30286127000001,True
5,700.0,450.0,truth,MTOW_lb,9402.22097577332,paper,9549.207227,13.810789,-146.9862512266809,-0.015392508271375992,109.30286127000001,False
5,700.0,500.0,truth,MTOW_lb,9345.934352674602,paper,9507.774861,13.810789,-161.84050832539833,-0.017021912139427376,108.88853761,False
5,700.0,550.0,truth,MTOW_lb,12566.34894426,paper,12573.769939,13.810789,-7.420994739999514,-0.0005901964785423544,139.54848839,True
5,700.0,600.0,truth,MTOW_lb,12566.348944257867,paper,12573.769939,13.810789,-7.420994742133189,-0.000590196478712047,139.54848839,True
5,700.0,650.0,truth,MTOW_lb,12566.348944259998,paper,12573.769939,13.810789,-7.420994740001333,-0.0005901964785424991,139.54848839,True
5,700.0,700.0,truth,MTOW_lb,12566.348944200554,paper,12573.769939,13.810789,-7.420994799445907,-0.0005901964832701642,139.54848839,True
5,700.0,750.0,truth,MTOW_lb,12566.34894426,paper,12573.769939,13.810789,-7.420994739999514,-0.0005901964785423544,139.54848839,True
5,700.0,800.0,truth,MTOW_lb,12566.3489442598,paper,12573.769939,13.810789,-7.420994740199603,-0.0005901964785582676,139.54848839,True
5,750.0,250.0,truth,MTOW_lb,9819.268939468122,paper,9853.044577,13.810789,-33.7756375318786,-0.0034279391783856535,112.34123477000001,True
5,750.0,300.0,truth,MTOW_lb,9756.977861721949,paper,9825.423,13.810789,-68.44513827805167,-0.006966126372172646,112.065019,True
5,750.0,350.0,truth,MTOW_lb,9695.351933563037,paper,9825.423,13.810789,-130.07106643696352,-0.013238215437336744,112.065019,False
5,750.0,400.0,truth,MTOW_lb,9688.413895576517,paper,9783.990634,13.810789,-95.57673842348231,-0.009768686622751556,111.65069534,True
5,750.0,450.0,truth,MTOW_lb,9588.155411836004,paper,9770.179845,13.810789,-182.02443316399695,-0.018630612337924363,111.51258745000001,False
5,750.0,500.0,truth,MTOW_lb,9528.49316849361,paper,9728.747479,13.810789,-200.25431050639054,-0.020583771028968502,111.09826379,False
5,750.0,550.0,truth,MTOW_lb,9508.890709282916,paper,9963.530886,13.810789,-454.6401767170846,-0.04563042779903564,113.44609786000001,False
5,750.0,600.0,truth,MTOW_lb,12566.34894425993,paper,12573.769939,13.810789,-7.420994740070455,-0.0005901964785479963,139.54848839,True
5,750.0,650.0,truth,MTOW_lb,12566.348944259966,paper,12573.769939,13.810789,-7.420994740034075,-0.000590196478545103,139.54848839,True
5,750.0,700.0,truth,MTOW_lb,12566.348943001483,paper,12573.769939,13.810789,-7.420995998516446,-0.0005901965786330144,139.54848839,True
5,750.0,750.0,truth,MTOW_lb,12566.34894426,paper,12573.769939,13.810789,-7.420994739999514,-0.0005901964785423544,139.54848839,True
5,750.0,800.0,truth,MTOW_lb,12566.34894426,paper,12573.769939,13.810789,-7.420994739999514,-0.0005901964785423544,139.54848839,True
5,800.0,250.0,truth,MTOW_lb,10020.026944344772,paper,10074.017195,13.810789,-53.99025065522801,-0.005359356611186329,114.55096095,True
5,800.0,300.0,truth,MTOW_lb,9955.326062970305,paper,10032.584829,13.810789,-77.25876602969402,-0.007700783730865778,114.13663729,True
5,800.0,350.0,truth,MTOW_lb,9891.332644329716,paper,10004.963252,13.810789,-113.63060767028401,-0.011357423791393652,113.86042152,True
5,800.0,400.0,truth,MTOW_lb,9885.170108186063,paper,10004.963252,13.810789,-119.7931438139367,-0.011973371695292329,113.86042152,False
5,800.0,450.0,truth,MTOW_lb,9780.660368715604,paper,9963.530886,13.810789,-182.87051728439656,-0.018353987093205317,113.44609786000001,False
5,800.0,500.0,truth,MTOW_lb,9717.384104334813,paper,10032.584829,13.810789,-315.2007246651865,-0.031417698433416005,114.13663729,False
5,800.0,550.0,truth,MTOW_lb,9697.49726864397,paper,9935.909309,13.810789,-238.41204035603005,-0.0239949895818871,113.16988209,False
5,800.0,600.0,truth,MTOW_lb,12566.32502461508,paper,12532.337573,13.810789,33.98745161507941,0.0027119802205378568,139.13416473,True
5,800.0,650.0,truth,MTOW_lb,12566.348944216339,paper,12573.769939,13.810789,-7.420994783660717,-0.0005901964820147579,139.54848839,True
5,800.0,700.0,truth,MTOW_lb,12566.34894426,paper,12573.769939,13.810789,-7.420994739999514,-0.0005901964785423544,139.54848839,True
5,800.0,750.0,truth,MTOW_lb,12566.34894426,paper,12573.769939,13.810789,-7.420994739999514,-0.0005901964785423544,139.54848839,True
5,800.0,800.0,truth,MTOW_lb,12566.348944259935,paper,12573.769939,13.810789,-7.420994740064998,-0.0005901964785475623,139.54848839,True
5,300.0,250.0,lane_b,objective,215.7189502611949,truth,215.71895041062027,0.0,-1.4942537518436438e-07,-6.926854358410965e-10,2.157189504106203,True
5,300.0,300.0,lane_b,objective,179.4708213886649,truth,179.47082129395247,0.0,9.471241924075002e-08,5.277315752939138e-10,1.7947082129395246,True
5,300.0,350.0,lane_b,objective,139.9210431264442,truth,139.9210436905367,0.0,-5.640924882754916e-07,-4.031505722063471e-09,1.3992104369053668,True
5,300.0,400.0,lane_b,objective,95.92263822624278,truth,95.9226380411343,0.0,1.8510847610286874e-07,1.9297684038202645e-09,0.9592263804113431,True
5,300.0,450.0,lane_b,objective,55.70715061175676,truth,55.70715061662133,0.0,-4.864567415552301e-09,-8.732393169829192e-11,0.5570715061662133,True
5,300.0,500.0,lane_b,objective,51.01502690435694,truth,51.01502690705256,0.0,-2.69562150378988e-09,-5.283975462173528e-11,0.5101502690705256,True
5,300.0,550.0,lane_b,objective,47.72121388674929,truth,47.72121388316007,0.0,3.589221364563855e-09,7.521228134203905e-11,0.5,True
5,300.0,600.0,lane_b,objective,45.28058931678971,truth,45.28058931593476,0.0,8.549463359486253e-10,1.8881077937909253e-11,0.5,True
5,300.0,650.0,lane_b,objective,43.72090274202869,truth,43.399143135782644,0.0,0.32175960624604727,0.007413962189054283,0.5,True
5,300.0,700.0,lane_b,objective,41.90372964615067,truth,41.90372965962883,0.0,-1.3478157256940904e-08,-3.2164576677111676e-10,0.5,True
5,300.0,750.0,lane_b,objective,40.68618742313391,truth,40.68618742570175,0.0,-2.5678446036181413e-09,-6.31134241395156e-11,0.5,True
5,300.0,800.0,lane_b,objective,40.16225771187164,truth,40.16225749102944,0.0,2.2084219608586864e-07,5.498749569423369e-09,0.5,True
5,350.0,250.0,lane_b,objective,263.38700305164554,truth,263.3870029120076,0.0,1.3963796163807274e-07,5.301626887212921e-10,2.6338700291200756,True
5,350.0,300.0,lane_b,objective,241.2221861542092,truth,241.22218606155562,0.0,9.265357903132099e-08,3.8410056945457515e-10,2.4122218606155563,True
5,350.0,350.0,lane_b,objective,204.5438083911057,truth,204.54380800519556,0.0,3.859101411762822e-07,1.886686988669341e-09,2.0454380800519556,True
5,350.0,400.0,lane_b,objective,164.90111335465716,truth,164.9011124609067,0.0,8.937504674122465e-07,5.419917756007432e-09,1.6490111246090668,True
5,350.0,450.0,lane_b,objective,121.14657724160692,truth,121.14657850858381,0.0,-1.2669768949535865e-06,-1.045821442545994e-08,1.2114657850858381,True
5,350.0,500.0,lane_b,objective,71.40354413911464,truth,71.40354482249634,0.0,-6.833816996731912e-07,-9.570697104352801e-09,0.7140354482249635,True
5,350.0,550.0,lane_b,objective,53.62341135773474,truth,53.623411358000794,0.0,-2.660556219780119e-10,-4.9615571863149564e-12,0.5362341135800079,True
5,350.0,600.0,lane_b,objective,50.09036924278105,truth,50.09036924231632,0.0,4.6473047632389353e-10,9.277840897433221e-12,0.5009036924231632,True
5,350.0,650.0,lane_b,objective,47.44204567748407,truth,47.44204567472461,0.0,2.7594566631705675e-09,5.81647908290073e-11,0.5,True
5,350.0,700.0,lane_b,objective,45.38278330748327,truth,45.38278331427497,0.0,-6.791694318053487e-09,-1.496535430852957e-10,0.5,True
5,350.0,750.0,lane_b,objective,43.73511452902376,truth,43.73511451646103,0.0,1.2562729523324379e-08,2.8724583580536907e-10,0.5,True
5,350.0,800.0,lane_b,objective,42.38627905533906,truth,42.38627908893923,0.0,-3.360017331033305e-08,-7.927134448350544e-10,0.5,True
5,400.0,250.0,lane_b,objective,304.1185049254344,truth,304.1185048864177,0.0,3.901669742845115e-08,1.282943878835098e-10,3.041185048864177,True
5,400.0,300.0,lane_b,objective,297.7330600552173,truth,297.7330607304101,0.0,-6.751927799086843e-07,-2.26777899052351e-09,2.977330607304101,True
5,400.0,350.0,lane_b,objective,267.8638069702841,truth,267.8638061888579,0.0,7.814261948624335e-07,2.917251889982805e-09,2.678638061888579,True
5,400.0,400.0,lane_b,objective,230.7838703938107,truth,230.78387114439636,0.0,-7.505856558509549e-07,-3.2523315088225125e-09,2.3078387114439636,True
5,400.0,450.0,lane_b,objective,191.051068736771,truth,191.05107033369043,0.0,-1.5969194464560132e-06,-8.358599842789829e-09,1.9105107033369044,True
5,400.0,500.0,lane_b,objective,147.40551799188245,truth,147.40552041976377,0.0,-2.427881327093928e-06,-1.647076256153839e-08,1.4740552041976378,True
5,400.0,550.0,lane_b,objective,98.703244858846,truth,98.70324516508721,0.0,-3.062412048393526e-07,-3.1026457572610246e-09,0.9870324516508722,True
5,400.0,600.0,lane_b,objective,56.0159021704214,truth,56.01590214323245,0.0,2.7188946205569664e-08,4.853790649670808e-10,0.5601590214323245,True
5,400.0,650.0,lane_b,objective,52.28653934578603,truth,52.28653934605906,0.0,-2.730260462158185e-10,-5.22172722904441e-12,0.5228653934605906,True
5,400.0,700.0,lane_b,objective,49.46423970784443,truth,49.464239729104726,0.0,-2.1260298410652467e-08,-4.2981148658275896e-10,0.5,True
5,400.0,750.0,lane_b,objective,47.25157772982722,truth,47.25157773096675,0.0,-1.1395329124752607e-09,-2.4116293406398946e-11,0.5,True
5,400.0,800.0,lane_b,objective,45.47005156905932,truth,45.47005156905936,0.0,-3.552713678800501e-14,-7.81330470541623e-16,0.5,True
5,450.0,250.0,lane_b,objective,345.4104496276658,truth,345.4104497529282,0.0,-1.252623746950121e-07,-3.626479013145439e-10,3.454104497529282,True
5,450.0,300.0,lane_b,objective,338.8836432451875,truth,338.8836430002475,0.0,2.4493999717378756e-07,7.227849506256891e-10,3.388836430002475,True
5,450.0,350.0,lane_b,objective,330.7416642323608,truth,330.74166484639557,0.0,-6.140347750260844e-07,-1.8565389253611487e-09,3.3074166484639558,True
5,450.0,400.0,lane_b,objective,295.72375077076447,truth,295.7237506119447,0.0,1.588197733326524e-07,5.370545078100922e-10,2.957237506119447,True
5,450.0,450.0,lane_b,objective,258.2683399259394,truth,258.26834246965626,0.0,-2.5437168460484827e-06,-9.849123673945218e-09,2.5826834246965626,True
5,450.0,500.0,lane_b,objective,218.45943495972244,truth,218.4594366909866,0.0,-1.7312641489297675e-06,-7.9248769252237e-09,2.184594366909866,True
5,450.0,550.0,lane_b,objective,174.86369785621733,truth,174.8636953789956,0.0,2.4772217273039132e-06,1.4166586848887295e-08,1.748636953789956,True
5,450.0,600.0,lane_b,objective,126.60217835944049,truth,126.60218061955766,0.0,-2.260117170749254e-06,-1.785211881571737e-08,1.2660218061955766,True
5,450.0,650.0,lane_b,objective,71.18155783134429,truth,71.181557740939,0.0,9.04052939176836e-08,1.270066247309566e-09,0.71181557740939,True
5,450.0,700.0,lane_b,objective,54.33165616627031,truth,54.331656258408636,0.0,-9.213832896648455e-08,-1.6958498104357857e-09,0.5433165625840863,True
5,450.0,750.0,lane_b,objective,51.36182944087043,truth,51.36182945331934,0.0,-1.2448907682482968e-08,-2.4237664068795037e-10,0.5136182945331934,True
5,500.0,250.0,lane_b,objective,387.2016887101156,truth,387.201680140091,0.0,8.570024590426328e-06,2.2133231930516575e-08,3.8720168014009104,True
5,500.0,300.0,lane_b,objective,381.4821603439669,truth,381.482164410374,0.0,-4.066407143454853e-06,-1.0659494788543962e-08,3.8148216441037404,True
5,500.0,350.0,lane_b,objective,375.5563504667383,truth,375.5563430379339,0.0,7.428804394749022e-06,1.9780798627061557e-08,3.7555634303793393,True
5,500.0,400.0,lane_b,objective,359.88229611482984,truth,359.88229668552844,0.0,-5.706986030418193e-07,-1.5857923779465758e-09,3.5988229668552845,True
5,500.0,450.0,lane_b,objective,324.88902793411205,truth,324.8890298513876,0.0,-1.917275540108676e-06,-5.901324341377996e-09,3.248890298513876,True
5,500.0,500.0,lane_b,objective,287.0841097063801,truth,287.08411057954794,0.0,-8.731678349249705e-07,-3.0415052688296556e-09,2.8708411057954795,True
5,500.0,550.0,lane_b,objective,247.2221054560432,truth,247.22210787271717,0.0,-2.4166739649444935e-06,-9.77531494144821e-09,2.4722210787271717,True
5,500.0,600.0,lane_b,objective,203.65585338496945,truth,203.65585761974168,0.0,-4.234772234212869e-06,-2.0793765932919403e-08,2.0365585761974168,True
5,500.0,650.0,lane_b,objective,155.63751511125668,truth,155.63751730833957,0.0,-2.1970828925077512e-06,-1.4116666280116923e-08,1.5563751730833957,True
5,500.0,700.0,lane_b,objective,101.732688699905,truth,101.73268758719888,0.0,1.1127061156912532e-06,1.0937547626838338e-08,1.017326875871989,True
5,500.0,750.0,lane_b,objective,56.24388954068425,truth,56.24388964608861,0.0,-1.0540436079509163e-07,-1.8740588792550163e-09,0.5624388964608861,True
5,500.0,800.0,lane_b,objective,53.14804701757679,truth,53.14804701757707,0.0,-2.7711166694643907e-13,-5.213957661601243e-15,0.5314804701757707,True
5,550.0,250.0,lane_b,objective,430.61196531957216,truth,430.61196418226405,0.0,1.1373081179044675e-06,2.6411437965134707e-09,4.30611964182264,True
5,550.0,300.0,lane_b,objective,425.5099362350323,truth,425.5099373682388,0.0,-1.133206524173147e-06,-2.663172877188209e-09,4.2550993736823886,True
5,550.0,350.0,lane_b,objective,418.7579367989677,truth,418.7579459287764,0.0,-9.129808688612684e-06,-2.180211450880865e-08,4.187579459287764,True
5,550.0,400.0,lane_b,objective,413.8510964997038,truth,413.8510970498453,0.0,-5.501415216713212e-07,-1.3293223712418015e-09,4.138510970498453,True
5,550.0,450.0,lane_b,objective,390.38377882158153,truth,390.38377899706967,0.0,-1.7548813957546372e-07,-4.495272319621174e-10,3.9038377899706966,True
5,550.0,500.0,lane_b,objective,355.4549583656654,truth,355.4549604814011,0.0,-2.1157356968615204e-06,-5.952190662907417e-09,3.554549604814011,True
5,550.0,550.0,lane_b,objective,317.327992799119,truth,317.3279884000454,0.0,4.399073588956526e-06,1.3862860351954686e-08,3.173279884000454,True
5,550.0,600.0,lane_b,objective,277.4440421889557,truth,277.4440458188554,0.0,-3.629899708812445e-06,-1.3083357756332694e-08,2.774440458188554,True
5,550.0,650.0,lane_b,objective,233.9085226772372,truth,233.9085247279684,0.0,-2.0507312115114473e-06,-8.767235883755894e-09,2.339085247279684,True
5,550.0,700.0,lane_b,objective,186.04764940398576,truth,186.04763496454353,0.0,1.443944222501159e-05,7.76115333460886e-08,1.8604763496454353,True
5,550.0,750.0,lane_b,objective,132.7759627800138,truth,132.7759740857868,0.0,-1.130577300045843e-05,-8.514923786703873e-08,1.327759740857868,True
5,550.0,800.0,lane_b,objective,70.73656944362645,truth,70.73656707969526,0.0,2.36393118768774e-06,3.341879999667527e-08,0.7073656707969527,True
5,600.0,250.0,lane_b,objective,475.46166665667647,truth,475.46166661727614,0.0,3.9400333662342746e-08,8.286752945334314e-11,4.754616666172762,True
5,600.0,300.0,lane_b,objective,470.15461687805896,truth,470.1546170425715,0.0,-1.645125280447246e-07,-3.499115441629883e-10,4.701546170425715,True
5,600.0,350.0,lane_b,objective,463.4052479593471,truth,463.4052468047115,0.0,1.1546355835889699e-06,2.4916325215358577e-09,4.634052468047115,True
5,600.0,400.0,lane_b,objective,457.8571516102525,truth,457.8571505326179,0.0,1.0776346357488364e-06,2.3536481509467337e-09,4.578571505326179,True
5,600.0,450.0,lane_b,objective,453.1950361114097,truth,453.2556839168003,0.0,-0.06064780539060166,-0.0001338048424820949,4.532556839168003,True
5,600.0,500.0,lane_b,objective,422.3448527104583,truth,422.3448513845559,0.0,1.3259024171929923e-06,3.1393834039798056e-09,4.223448513845559,True
5,600.0,550.0,lane_b,objective,387.5263222756432,truth,387.526326514786,0.0,-4.23914275415882e-06,-1.0938980048874373e-08,3.87526326514786,True
5,600.0,600.0,lane_b,objective,349.42343653658185,truth,349.423455461425,0.0,-1.892484317522758e-05,-5.416019697428929e-08,3.49423455461425,True
5,600.0,650.0,lane_b,objective,309.2409545910649,truth,309.24095171891145,0.0,2.872153459065885e-06,9.287752618471326e-09,3.0924095171891146,True
5,600.0,700.0,lane_b,objective,265.7540552717684,truth,265.7540612954071,0.0,-6.023638718488655e-06,-2.266621510552531e-08,2.657540612954071,True
5,600.0,750.0,lane_b,objective,218.01799823939623,truth,218.01798979210955,0.0,8.447286688806344e-06,3.874582412607891e-08,2.1801798979210956,True
5,600.0,800.0,lane_b,objective,165.11758223349966,truth,165.1175716786952,0.0,1.0554804447338029e-05,6.392296313487932e-08,1.651175716786952,True
5,650.0,250.0,lane_b,objective,521.829596975439,truth,521.829601427869,0.0,-4.4524299482873175e-06,-8.532344535657325e-09,5.21829601427869,True
5,650.0,300.0,lane_b,objective,516.1619556778543,truth,516.1619539911476,0.0,1.686706696091278e-06,3.26778578515728e-09,5.161619539911476,True
5,650.0,350.0,lane_b,objective,509.5778495238105,truth,509.5778472305079,0.0,2.293302600264724e-06,4.500396971195937e-09,5.09577847230508,True
5,650.0,450.0,lane_b,objective,498.6079951157339,truth,498.6079951114807,0.0,4.253195129422238e-09,8.53013824712396e-12,4.9860799511148075,True
5,650.0,500.0,lane_b,objective,487.72862651471,truth,487.72863024926346,0.0,-3.7345534451560525e-06,-7.657031417752602e-09,4.877286302492634,True
5,650.0,550.0,lane_b,objective,455.87422648542,truth,455.87424127122006,0.0,-1.4785800033223495e-05,-3.243394492304021e-08,4.558742412712201,True
5,650.0,600.0,lane_b,objective,421.2187515085404,truth,421.2187446197288,0.0,6.888811583394272e-06,1.6354475367931235e-08,4.212187446197288,True
5,650.0,650.0,lane_b,objective,383.346387733916,truth,383.3463757195903,0.0,1.2014325704967632e-05,3.1340652908000504e-08,3.833463757195903,True
5,650.0,700.0,lane_b,objective,342.7409520522207,truth,342.74093286425034,0.0,1.918797033795272e-05,5.598388899044198e-08,3.4274093286425034,True
5,650.0,750.0,lane_b,objective,299.33513295798537,truth,299.3351241073001,0.0,8.850685276229342e-06,2.9567814009881156e-08,2.9933512410730008,True
5,650.0,800.0,lane_b,objective,251.72539338942408,truth,251.72539280254713,0.0,5.86876950592341e-07,2.331417359442502e-09,2.5172539280254713,True
5,700.0,250.0,lane_b,objective,569.8004124336767,truth,569.8004104883202,0.0,1.9453565300864284e-06,3.414101664860602e-09,5.698004104883202,True
5,700.0,300.0,lane_b,objective,563.7486039509025,truth,563.7485975723916,0.0,6.378510875038046e-06,1.1314459854100078e-08,5.637485975723917,True
5,700.0,350.0,lane_b,objective,557.3614084810009,truth,557.3614081226438,0.0,3.583571697163279e-07,6.429529646183787e-10,5.573614081226437,True
5,700.0,400.0,lane_b,objective,550.3827156373958,truth,550.3827159770251,0.0,-3.3962930956477067e-07,-6.170784432462955e-10,5.5038271597702515,True
5,700.0,500.0,lane_b,objective,540.9873040203936,truth,540.9873037625559,0.0,2.578376552264672e-07,4.766057418227959e-10,5.40987303762556,True
5,700.0,550.0,lane_b,objective,522.7592766175184,truth,522.759270244516,0.0,6.3730024066899205e-06,1.2191084442575271e-08,5.227592702445159,True
5,700.0,600.0,lane_b,objective,491.0918885846169,truth,491.09188792160137,0.0,6.630155553466466e-07,1.3500845191164944e-09,4.910918879216013,True
5,700.0,650.0,lane_b,objective,456.6600964310185,truth,456.66009814516394,0.0,-1.714145469122741e-06,-3.753657208249987e-09,4.566600981451639,True
5,700.0,700.0,lane_b,objective,419.0620174646119,truth,419.0620188129484,0.0,-1.3483364682542742e-06,-3.21751055386414e-09,4.1906201881294844,True
5,700.0,750.0,lane_b,objective,378.0863596261112,truth,378.0863481639221,0.0,1.1462189092981134e-05,3.031632628007933e-08,3.780863481639221,True
5,700.0,800.0,lane_b,objective,334.80794185996467,truth,334.8079462385386,0.0,-4.378573919439077e-06,-1.307786738227384e-08,3.348079462385386,True
5,750.0,250.0,lane_b,objective,619.4651231138045,truth,619.4651217613069,0.0,1.352497520201723e-06,2.183331187971014e-09,6.194651217613069,True
5,750.0,300.0,lane_b,objective,613.0036118395359,truth,613.003612337615,0.0,-4.980790890840581e-07,-8.125222740281967e-10,6.13003612337615,True
5,750.0,350.0,lane_b,objective,606.617557578026,truth,606.6175565583226,0.0,1.0197034043812891e-06,1.6809658628520931e-09,6.066175565583226,True
5,750.0,400.0,lane_b,objective,599.0718129944146,truth,599.0718199608963,0.0,-6.966481691961235e-06,-1.1628792174560913e-08,5.990718199608963,True
5,750.0,450.0,lane_b,objective,593.1785934011992,truth,593.1785935598716,0.0,-1.5867237834754633e-07,-2.674951187892639e-10,5.931785935598716,True
5,750.0,500.0,lane_b,objective,588.7064733459733,truth,588.7064651760301,0.0,8.169943271241209e-06,1.3877787580943758e-08,5.8870646517603005,True
5,750.0,700.0,lane_b,objective,493.99226148884304,truth,493.9922449135718,0.0,1.6575271217789123e-05,3.3553707347549774e-08,4.939922449135718,True
5,750.0,750.0,lane_b,objective,456.7267222259109,truth,456.7267368385923,0.0,-1.4612681354719825e-05,-3.1994363754281286e-08,4.567267368385923,True
5,750.0,800.0,lane_b,objective,415.8511753072013,truth,415.8514378872568,0.0,-0.0002625800555051683,-6.314275522028072e-07,4.158514378872568,True
5,800.0,250.0,lane_b,objective,670.922312200243,truth,670.9223127943653,0.0,-5.941222980254679e-07,-8.85530689165742e-10,6.709223127943654,True
5,800.0,300.0,lane_b,objective,664.0233559470473,truth,664.0233579845429,0.0,-2.03749561933364e-06,-3.0684095594436436e-09,6.64023357984543,True
5,800.0,350.0,lane_b,objective,657.2065839753975,truth,657.2065841374636,0.0,-1.620660441403743e-07,-2.465983269980083e-10,6.572065841374636,True
5,800.0,400.0,lane_b,objective,649.5025613976486,truth,649.5025611705921,0.0,2.2705648916598875e-07,3.495852098824169e-10,6.4950256117059215,True
5,800.0,450.0,lane_b,objective,642.9622238313011,truth,642.962201768694,0.0,2.2062607172301796e-05,3.4314003391818095e-08,6.429622017686939,True
5,800.0,500.0,lane_b,objective,638.0808839945144,truth,638.0808827914115,0.0,1.2031028973069624e-06,1.885502182801262e-09,6.380808827914115,True
5,800.0,600.0,lane_b,objective,626.8577167332567,truth,626.8577168889208,0.0,-1.5566411093459465e-07,-2.483244709934365e-10,6.268577168889208,True
5,800.0,650.0,lane_b,objective,598.191966464005,truth,598.1919970625388,0.0,-3.0598533840020536e-05,-5.11516937543074e-08,5.9819199706253885,True
5,800.0,700.0,lane_b,objective,567.1374278255068,truth,567.1374101287864,0.0,1.7696720419735357e-05,3.120358506365637e-08,5.6713741012878645,True
5,800.0,750.0,lane_b,objective,533.3731406291724,truth,533.3730684765411,0.0,7.215263133275585e-05,1.3527610522001687e-07,5.333730684765412,True
5,800.0,800.0,lane_b,objective,496.513330294846,truth,496.5133227713453,0.0,7.523500698880525e-06,1.515266631092043e-08,4.965133227713453,True
5,300.0,250.0,lane_b,MTOW_lb,12566.334,truth,12566.34894426,0.0,-0.01494425999953819,-1.1892284756555612e-06,125.66348944260001,True
5,300.0,300.0,lane_b,MTOW_lb,12566.334,truth,12566.34894425981,0.0,-0.014944259808544302,-1.1892284604567423e-06,125.66348944259809,True
5,300.0,350.0,lane_b,MTOW_lb,12566.334,truth,12566.34894426,0.0,-0.01494425999953819,-1.1892284756555612e-06,125.66348944260001,True
5,300.0,400.0,lane_b,MTOW_lb,12566.33399999998,truth,12566.348944258021,0.0,-0.014944258040486602,-1.1892283197591077e-06,125.66348944258021,True
5,300.0,450.0,lane_b,MTOW_lb,12232.176899714832,truth,12232.191447653448,0.0,-0.01454793861557846,-1.1893158047627885e-06,122.32191447653447,True
5,300.0,500.0,lane_b,MTOW_lb,11201.806114938716,truth,11201.819437053322,0.0,-0.013322114606125979,-1.189281319966572e-06,112.01819437053322,True
5,300.0,550.0,lane_b,MTOW_lb,10478.482595038036,truth,10478.495053471152,0.0,-0.01245843311517092,-1.1889525214829284e-06,104.78495053471151,True
5,300.0,600.0,lane_b,MTOW_lb,9942.510985586658,truth,9942.52280933015,0.0,-0.01182374349264137,-1.1892095919102006e-06,99.4252280933015,True
5,300.0,650.0,lane_b,MTOW_lb,9599.993240229664,truth,9529.343614709107,0.0,70.64962552055658,0.007413902612505723,95.29343614709107,True
5,300.0,700.0,lane_b,MTOW_lb,9200.926049791531,truth,9200.93699476776,0.0,-0.010944976229438907,-1.1895501768638257e-06,92.00936994767761,True
5,300.0,750.0,lane_b,MTOW_lb,8933.540994344197,truth,8933.551618942098,0.0,-0.010624597900459776,-1.1892916002110626e-06,89.33551618942099,True
5,300.0,800.0,lane_b,MTOW_lb,8818.48004849124,truth,8818.490487200002,0.0,-0.010438708763103932,-1.1837296619252091e-06,88.18490487200003,True
5,350.0,250.0,lane_b,MTOW_lb,8818.48,truth,8818.490487200004,0.0,-0.010487200004718034,-1.1892284762273262e-06,88.18490487200005,True
5,350.0,300.0,lane_b,MTOW_lb,12566.334,truth,12566.348944259986,0.0,-0.014944259984986275,-1.1892284744975558e-06,125.66348944259985,True
5,350.0,350.0,lane_b,MTOW_lb,12566.334,truth,12566.34894426,0.0,-0.01494425999953819,-1.1892284756555612e-06,125.66348944260001,True
5,350.0,400.0,lane_b,MTOW_lb,12566.334,truth,12566.34894426,0.0,-0.01494425999953819,-1.1892284756555612e-06,125.66348944260001,True
5,350.0,450.0,lane_b,MTOW_lb,12566.334,truth,12566.348944259991,0.0,-0.014944259990443243,-1.1892284749318077e-06,125.66348944259991,True
5,350.0,500.0,lane_b,MTOW_lb,12566.334,truth,12566.34894426,0.0,-0.01494425999953819,-1.1892284756555612e-06,125.66348944260001,True
5,350.0,550.0,lane_b,MTOW_lb,11764.011258948583,truth,11764.025249120774,0.0,-0.013990172190460726,-1.1892334378920456e-06,117.64025249120775,True
5,350.0,600.0,lane_b,MTOW_lb,10988.840800699563,truth,10988.853868938688,0.0,-0.013068239124550018,-1.189226763811007e-06,109.88853868938688,True
5,350.0,650.0,lane_b,MTOW_lb,10407.769583947951,truth,10407.781960573173,0.0,-0.012376625221804716,-1.1891703024419543e-06,104.07781960573173,True
5,350.0,700.0,lane_b,MTOW_lb,9955.93681188678,truth,9955.948653274627,0.0,-0.011841387846288853,-1.1893781555807928e-06,99.55948653274628,True
5,350.0,750.0,lane_b,MTOW_lb,9594.408834333402,truth,9594.42024114493,0.0,-0.011406811527194805,-1.1889005526647223e-06,95.9442024114493,True
5,350.0,800.0,lane_b,MTOW_lb,9298.4470835786,truth,9298.458148941649,0.0,-0.011065363049056032,-1.1900212779164353e-06,92.98458148941648,True
5,400.0,250.0,lane_b,MTOW_lb,8920.940971581198,truth,8920.951581937794,0.0,-0.010610356595861958,-1.1893749784882472e-06,89.20951581937794,True
5,400.0,300.0,lane_b,MTOW_lb,8818.48000000004,truth,8818.4904872,0.0,-0.010487199961062288,-1.1892284712768485e-06,88.184904872,True
5,400.0,350.0,lane_b,MTOW_lb,12566.334,truth,12566.34894426,0.0,-0.01494425999953819,-1.1892284756555612e-06,125.66348944260001,True
5,400.0,400.0,lane_b,MTOW_lb,12566.334,truth,12566.348944259975,0.0,-0.014944259974072338,-1.189228473629052e-06,125.66348944259975,True
5,400.0,450.0,lane_b,MTOW_lb,12566.333999997874,truth,12566.348944259926,0.0,-0.014944262051358237,-1.189228638934501e-06,125.66348944259926,True
5,400.0,500.0,lane_b,MTOW_lb,12566.334,truth,12566.34894426,0.0,-0.01494425999953819,-1.1892284756555612e-06,125.66348944260001,True
5,400.0,550.0,lane_b,MTOW_lb,12566.334,truth,12566.34894426,0.0,-0.01494425999953819,-1.1892284756555612e-06,125.66348944260001,True
5,400.0,600.0,lane_b,MTOW_lb,12277.897205112542,truth,12277.911800394879,0.0,-0.014595282336813398,-1.1887430512690267e-06,122.7791180039488,True
5,400.0,650.0,lane_b,MTOW_lb,11460.3823948779,truth,11460.396023967049,0.0,-0.013629089147798368,-1.1892336983203674e-06,114.60396023967049,True
5,400.0,700.0,lane_b,MTOW_lb,10841.687451790282,truth,10841.700349710367,0.0,-0.012897920085379155,-1.189658417899709e-06,108.41700349710368,True
5,400.0,750.0,lane_b,MTOW_lb,10356.623914212592,truth,10356.636230869675,0.0,-0.012316657082919846,-1.1892526500262705e-06,103.56636230869675,True
5,400.0,800.0,lane_b,MTOW_lb,9966.06742106227,truth,9966.079273007543,0.0,-0.01185194527351996,-1.1892284768013194e-06,99.66079273007543,True
5,450.0,250.0,lane_b,MTOW_lb,8818.480000415668,truth,8818.4904872,0.0,-0.010486784332897514,-1.1891813398357729e-06,88.184904872,True
5,450.0,300.0,lane_b,MTOW_lb,8885.653804132646,truth,8885.6643712273,0.0,-0.010567094654106768,-1.1892295514023817e-06,88.856643712273,True
5,450.0,350.0,lane_b,MTOW_lb,12566.333999999972,truth,12566.34894426,0.0,-0.01494426002864202,-1.1892284779715744e-06,125.66348944260001,True
5,450.0,400.0,lane_b,MTOW_lb,12566.334,truth,12566.348944259977,0.0,-0.014944259975891327,-1.1892284737738025e-06,125.66348944259977,True
5,450.0,450.0,lane_b,MTOW_lb,12566.334,truth,12566.348944259958,0.0,-0.014944259957701433,-1.189228472326296e-06,125.66348944259958,True
5,450.0,500.0,lane_b,MTOW_lb,12566.333999999984,truth,12566.34894425996,0.0,-0.014944259975891327,-1.1892284737738042e-06,125.66348944259961,True
5,450.0,550.0,lane_b,MTOW_lb,12566.334,truth,12566.34894426,0.0,-0.01494425999953819,-1.1892284756555612e-06,125.66348944260001,True
5,450.0,600.0,lane_b,MTOW_lb,12566.334,truth,12566.348944259997,0.0,-0.014944259995900211,-1.1892284753660597e-06,125.66348944259997,True
5,450.0,650.0,lane_b,MTOW_lb,12566.334,truth,12566.34894426,0.0,-0.01494425999953819,-1.1892284756555612e-06,125.66348944260001,True
5,450.0,700.0,lane_b,MTOW_lb,11898.009202385794,truth,11898.02337203457,0.0,-0.014169648775350652,-1.1909246042208465e-06,118.9802337203457,True
5,450.0,750.0,lane_b,MTOW_lb,11247.553419250064,truth,11247.566795176677,0.0,-0.013375926613662159,-1.1892284666758496e-06,112.47566795176678,True
5,500.0,250.0,lane_b,MTOW_lb,8913.31780504489,truth,8913.328252574218,0.0,-0.010447529328303062,-1.172124377365521e-06,89.13328252574217,True
5,500.0,300.0,lane_b,MTOW_lb,9056.451086313207,truth,9056.461919772602,0.0,-0.010833459395144018,-1.1962132111980474e-06,90.56461919772603,True
5,500.0,350.0,lane_b,MTOW_lb,8907.774623856865,truth,8907.785024199113,0.0,-0.010400342247521621,-1.1675564934793318e-06,89.07785024199113,True
5,500.0,400.0,lane_b,MTOW_lb,12566.334,truth,12566.34894426,0.0,-0.01494425999953819,-1.1892284756555612e-06,125.66348944260001,True
5,500.0,450.0,lane_b,MTOW_lb,12566.334,truth,12566.348944247791,0.0,-0.014944247790481313,-1.1892275040891648e-06,125.66348944247791,True
5,500.0,500.0,lane_b,MTOW_lb,12566.333999999952,truth,12566.348944259935,0.0,-0.014944259983167285,-1.18922847435281e-06,125.66348944259936,True
5,500.0,550.0,lane_b,MTOW_lb,12566.334,truth,12566.34894426,0.0,-0.01494425999953819,-1.1892284756555612e-06,125.66348944260001,True
5,500.0,600.0,lane_b,MTOW_lb,12566.334,truth,12566.34894426,0.0,-0.01494425999953819,-1.1892284756555612e-06,125.66348944260001,True
5,500.0,650.0,lane_b,MTOW_lb,12566.333999935778,truth,12566.348944258647,0.0,-0.014944322869268944,-1.1892334786785268e-06,125.66348944258647,True
5,500.0,700.0,lane_b,MTOW_lb,12566.333999998693,truth,12566.34894426,0.0,-0.014944261307391571,-1.1892285797314057e-06,125.66348944260001,True
5,500.0,750.0,lane_b,MTOW_lb,12305.784200712676,truth,12305.798858183889,0.0,-0.014657471212558448,-1.1911027785742325e-06,123.0579885818389,True
5,500.0,800.0,lane_b,MTOW_lb,11628.33385075085,truth,11628.347679513097,0.0,-0.013828762246703263,-1.189228480936021e-06,116.28347679513098,True
5,550.0,250.0,lane_b,MTOW_lb,9082.638854142337,truth,9082.649637265262,0.0,-0.010783122925204225,-1.1872221604763967e-06,90.82649637265261,True
5,550.0,300.0,lane_b,MTOW_lb,9232.9422822578,truth,9232.951997298336,0.0,-0.009715040536320885,-1.0522139115597713e-06,92.32951997298336,True
5,550.0,350.0,lane_b,MTOW_lb,9078.295428230327,truth,9078.306469532039,0.0,-0.011041301711884444,-1.2162292327253402e-06,90.78306469532039,True
5,550.0,400.0,lane_b,MTOW_lb,8965.826263006307,truth,8965.836925469062,0.0,-0.010662462755135493,-1.189232287378199e-06,89.65836925469063,True
5,550.0,450.0,lane_b,MTOW_lb,12566.33399999998,truth,12566.34894426,0.0,-0.014944260019547073,-1.1892284772478203e-06,125.66348944260001,True
5,550.0,500.0,lane_b,MTOW_lb,12566.333999626711,truth,12566.34894426,0.0,-0.014944633288905607,-1.1892581811308007e-06,125.66348944260001,True
5,550.0,550.0,lane_b,MTOW_lb,12566.333999999966,truth,12566.34894426,0.0,-0.014944260034098988,-1.1892284784058268e-06,125.66348944260001,True
5,550.0,600.0,lane_b,MTOW_lb,12566.334,truth,12566.34894426,0.0,-0.01494425999953819,-1.1892284756555612e-06,125.66348944260001,True
5,550.0,650.0,lane_b,MTOW_lb,12566.333999999955,truth,12566.34894426,0.0,-0.014944260045012925,-1.1892284792743318e-06,125.66348944260001,True
5,550.0,700.0,lane_b,MTOW_lb,12566.334,truth,12566.348944254474,0.0,-0.014944254473448382,-1.1892280359030713e-06,125.66348944254474,True
5,550.0,750.0,lane_b,MTOW_lb,12566.333999999972,truth,12566.34894425995,0.0,-0.014944259977710317,-1.189228473918556e-06,125.6634894425995,True
5,550.0,800.0,lane_b,MTOW_lb,12566.333999999888,truth,12566.34894425279,0.0,-0.014944252901841537,-1.189227910838516e-06,125.6634894425279,True
5,600.0,250.0,lane_b,MTOW_lb,9257.55952494476,truth,9257.570531210054,0.0,-0.01100626529478177,-1.1888934853562647e-06,92.57570531210055,True
5,600.0,300.0,lane_b,MTOW_lb,9201.736567252234,truth,9201.747517972746,0.0,-0.010950720512482803,-1.1900696569965632e-06,92.01747517972747,True
5,600.0,350.0,lane_b,MTOW_lb,9254.495479087169,truth,9254.506491518561,0.0,-0.0110124313923734,-1.1899533921626093e-06,92.54506491518562,True
5,600.0,400.0,lane_b,MTOW_lb,9137.509523323391,truth,9137.520369003192,0.0,-0.010845679800695507,-1.186939055970461e-06,91.37520369003192,True
5,600.0,450.0,lane_b,MTOW_lb,10382.640484015545,truth,9900.235862988615,0.0,482.4046210269298,0.048726578609138795,99.00235862988615,False
5,600.0,500.0,lane_b,MTOW_lb,12566.334,truth,12566.34894426,0.0,-0.01494425999953819,-1.1892284756555612e-06,125.66348944260001,True
5,600.0,550.0,lane_b,MTOW_lb,12566.334,truth,12566.34894426,0.0,-0.01494425999953819,-1.1892284756555612e-06,125.66348944260001,True
5,600.0,600.0,lane_b,MTOW_lb,12566.334,truth,12566.34894426,0.0,-0.01494425999953819,-1.1892284756555612e-06,125.66348944260001,True
5,600.0,650.0,lane_b,MTOW_lb,12566.334,truth,12566.348944242125,0.0,-0.014944242124329321,-1.1892270531908746e-06,125.66348944242125,True
5,600.0,700.0,lane_b,MTOW_lb,12566.333999999646,truth,12566.348944259978,0.0,-0.01494426033241325,-1.1892285021449644e-06,125.66348944259978,True
5,600.0,750.0,lane_b,MTOW_lb,12566.333999999995,truth,12566.348944259997,0.0,-0.01494426000135718,-1.1892284758003123e-06,125.66348944259997,True
5,600.0,800.0,lane_b,MTOW_lb,12566.333999971135,truth,12566.34894426,0.0,-0.014944288865081035,-1.1892307727064367e-06,125.66348944260001,True
5,650.0,250.0,lane_b,MTOW_lb,9438.405148099484,truth,9438.416411701957,0.0,-0.011263602473263745,-1.1933784209074397e-06,94.38416411701958,True
5,650.0,300.0,lane_b,MTOW_lb,9380.544053494685,truth,9380.55520946973,0.0,-0.011155975045767264,-1.1892659652496086e-06,93.8055520946973,True
5,650.0,350.0,lane_b,MTOW_lb,9436.708690194742,truth,9436.719863015933,0.0,-0.011172821190484683,-1.1839729644060771e-06,94.36719863015934,True
5,650.0,450.0,lane_b,MTOW_lb,9222.490422362876,truth,9222.501390168707,0.0,-0.010967805830659927,-1.1892441504375087e-06,92.22501390168708,True
5,650.0,500.0,lane_b,MTOW_lb,12566.333999999975,truth,12566.34894426,0.0,-0.014944260025004041,-1.1892284776820727e-06,125.66348944260001,True
5,650.0,550.0,lane_b,MTOW_lb,12566.333999999992,truth,12566.34894426,0.0,-0.014944260008633137,-1.1892284763793153e-06,125.66348944260001,True
5,650.0,600.0,lane_b,MTOW_lb,12566.33399984883,truth,12566.34894426,0.0,-0.01494441117029055,-1.1892405054625506e-06,125.66348944260001,True
5,650.0,650.0,lane_b,MTOW_lb,12566.3339999999,truth,12566.34894426,0.0,-0.014944260099582607,-1.1892284836168567e-06,125.66348944260001,True
5,650.0,700.0,lane_b,MTOW_lb,12566.334,truth,12566.34894426,0.0,-0.01494425999953819,-1.1892284756555612e-06,125.66348944260001,True
5,650.0,750.0,lane_b,MTOW_lb,12566.334,truth,12566.34894426,0.0,-0.01494425999953819,-1.1892284756555612e-06,125.66348944260001,True
5,650.0,800.0,lane_b,MTOW_lb,12566.333999999935,truth,12566.348944259938,0.0,-0.014944260003176169,-1.1892284759450686e-06,125.66348944259938,True
5,700.0,250.0,lane_b,MTOW_lb,9625.5174676472,truth,9625.528819286126,0.0,-0.011351638926498708,-1.179326262444311e-06,96.25528819286126,True
5,700.0,300.0,lane_b,MTOW_lb,9565.503090215989,truth,9565.514465828692,0.0,-0.011375612702977378,-1.1892316658570724e-06,95.65514465828691,True
5,700.0,350.0,lane_b,MTOW_lb,9625.285028796465,truth,9625.296529873653,0.0,-0.011501077187858755,-1.1948802981979117e-06,96.25296529873653,True
5,700.0,400.0,lane_b,MTOW_lb,9498.453934362942,truth,9498.465230159027,0.0,-0.011295796084596077,-1.1892232914355743e-06,94.98465230159027,True
5,700.0,500.0,lane_b,MTOW_lb,9345.923251238357,truth,9345.934352674602,0.0,-0.011101436244643992,-1.1878358894599985e-06,93.45934352674601,True
5,700.0,550.0,lane_b,MTOW_lb,12566.333999999766,truth,12566.34894426,0.0,-0.014944260234187823,-1.1892284943284178e-06,125.66348944260001,True
5,700.0,600.0,lane_b,MTOW_lb,12566.333999970464,truth,12566.348944257867,0.0,-0.014944287402613554,-1.1892306563269736e-06,125.66348944257867,True
5,700.0,650.0,lane_b,MTOW_lb,12566.334,truth,12566.348944259998,0.0,-0.0149442599977192,-1.1892284755108105e-06,125.66348944259998,True
5,700.0,700.0,lane_b,MTOW_lb,12566.334,truth,12566.348944200554,0.0,-0.014944200553145492,-1.1892237450594058e-06,125.66348944200554,True
5,700.0,750.0,lane_b,MTOW_lb,12566.334,truth,12566.34894426,0.0,-0.01494425999953819,-1.1892284756555612e-06,125.66348944260001,True
5,700.0,800.0,lane_b,MTOW_lb,12566.333999999955,truth,12566.3489442598,0.0,-0.01494425984492409,-1.1892284633517597e-06,125.663489442598,True
5,750.0,250.0,lane_b,MTOW_lb,9819.257287015846,truth,9819.268939468122,0.0,-0.011652452276393888,-1.1866924460697236e-06,98.19268939468122,True
5,750.0,300.0,lane_b,MTOW_lb,9756.966275316216,truth,9756.977861721949,0.0,-0.011586405733396532,-1.18749943861733e-06,97.5697786172195,True
5,750.0,350.0,lane_b,MTOW_lb,9695.340328253473,truth,9695.351933563037,0.0,-0.011605309564401978,-1.1969972460955353e-06,96.95351933563038,True
5,750.0,400.0,lane_b,MTOW_lb,9688.4023737276,truth,9688.413895576517,0.0,-0.011521848917254829,-1.1892399562445832e-06,96.88413895576518,True
5,750.0,450.0,lane_b,MTOW_lb,9588.144006019906,truth,9588.155411836004,0.0,-0.01140581609797664,-1.1895735527916916e-06,95.88155411836004,True
5,750.0,500.0,lane_b,MTOW_lb,9528.4818118105,truth,9528.49316849361,0.0,-0.01135668310962501,-1.1918655876436364e-06,95.2849316849361,True
5,750.0,700.0,lane_b,MTOW_lb,12566.334,truth,12566.348943001483,0.0,-0.014943001482606633,-1.1891283260066376e-06,125.66348943001483,True
5,750.0,750.0,lane_b,MTOW_lb,12566.334,truth,12566.34894426,0.0,-0.01494425999953819,-1.1892284756555612e-06,125.66348944260001,True
5,750.0,800.0,lane_b,MTOW_lb,12566.334,truth,12566.34894426,0.0,-0.01494425999953819,-1.1892284756555612e-06,125.66348944260001,True
5,800.0,250.0,lane_b,MTOW_lb,10020.015035778562,truth,10020.026944344772,0.0,-0.01190856620996783,-1.1884764657932317e-06,100.20026944344772,True
5,800.0,300.0,lane_b,MTOW_lb,9955.31423474758,truth,9955.326062970305,0.0,-0.011828222724943771,-1.188130117499603e-06,99.55326062970306,True
5,800.0,350.0,lane_b,MTOW_lb,9891.320878698822,truth,9891.332644329716,0.0,-0.011765630893933121,-1.1894889512868482e-06,98.91332644329715,True
5,800.0,400.0,lane_b,MTOW_lb,9885.158350964752,truth,9885.170108186063,0.0,-0.011757221311199828,-1.1893797661067552e-06,98.85170108186063,True
5,800.0,450.0,lane_b,MTOW_lb,9780.64909651662,truth,9780.660368715604,0.0,-0.011272198984443094,-1.1524987638358572e-06,97.80660368715604,True
5,800.0,500.0,lane_b,MTOW_lb,9717.372577025635,truth,9717.384104334813,0.0,-0.011527309177836287,-1.1862564095510116e-06,97.17384104334813,True
5,800.0,600.0,lane_b,MTOW_lb,12566.310312047395,truth,12566.32502461508,0.0,-0.014712567684910027,-1.1707931838537408e-06,125.66325024615081,True
5,800.0,650.0,lane_b,MTOW_lb,12566.334,truth,12566.348944216339,0.0,-0.014944216338335536,-1.1892250012055897e-06,125.6634894421634,True
5,800.0,700.0,lane_b,MTOW_lb,12566.334,truth,12566.34894426,0.0,-0.01494425999953819,-1.1892284756555612e-06,125.66348944260001,True
5,800.0,750.0,lane_b,MTOW_lb,12566.334,truth,12566.34894426,0.0,-0.01494425999953819,-1.1892284756555612e-06,125.66348944260001,True
5,800.0,800.0,lane_b,MTOW_lb,12566.334,truth,12566.348944259935,0.0,-0.014944259934054571,-1.1892284704445374e-06,125.66348944259936,True
5,300.0,250.0,lane_b,fuel_mileage_lb_per_nmi,1.1663832404161183,truth,1.1663846286120194,0.0,-1.3881959011197154e-06,-1.1901699208533364e-06,0.023327692572240388,True
5,300.0,300.0,lane_b,fuel_mileage_lb_per_nmi,0.9000054074995946,truth,0.9000064771169156,0.0,-1.0696173210478221e-06,-1.1884551369832789e-06,0.02,True
5,300.0,350.0,lane_b,fuel_mileage_lb_per_nmi,0.6093646336580714,truth,0.6093653624780779,0.0,-7.288200065680428e-07,-1.1960312342076422e-06,0.02,True
5,300.0,400.0,lane_b,fuel_mileage_lb_per_nmi,0.2860320889544651,truth,0.28603242775212573,0.0,-3.3879766064837114e-07,-1.1844729050860328e-06,0.02,True
5,300.0,450.0,lane_b,fuel_mileage_lb_per_nmi,0.0016377646151428,truth,0.001637766562962415,0.0,-1.9478196150186228e-09,-1.1893145574393579e-06,0.02,True
5,300.0,500.0,lane_b,fuel_mileage_lb_per_nmi,0.0015022915483207,truth,0.0015022933349684339,0.0,-1.7866477338389364e-09,-1.1892802106297552e-06,0.02,True
5,300.0,550.0,lane_b,fuel_mileage_lb_per_nmi,0.0014077220287495,truth,0.0014077237728646246,0.0,-1.7441151244600162e-09,-1.2389611925859983e-06,0.02,True
5,300.0,600.0,lane_b,fuel_mileage_lb_per_nmi,0.0013379432123811,truth,0.0013379448034788388,0.0,-1.591097738805336e-09,-1.1892102982636242e-06,0.02,True
5,300.0,650.0,lane_b,fuel_mileage_lb_per_nmi,0.0012934806694487,truth,0.001284321922638457,0.0,9.1587468102432e-06,0.0071311924594636335,0.02,True
5,300.0,700.0,lane_b,fuel_mileage_lb_per_nmi,0.0012417998486045,truth,0.0012418013257724449,0.0,-1.477167944820973e-09,-1.189536453347013e-06,0.02,True
5,300.0,750.0,lane_b,fuel_mileage_lb_per_nmi,0.0012072419111583,truth,0.0012072433469194138,0.0,-1.435761113732087e-09,-1.189288901360106e-06,0.02,True
5,300.0,800.0,lane_b,fuel_mileage_lb_per_nmi,0.0011923870394468,truth,0.001192388450933326,0.0,-1.4114865259668569e-09,-1.1837472300759327e-06,0.02,True
5,350.0,250.0,lane_b,fuel_mileage_lb_per_nmi,1.4070955847649107,truth,1.4070972572454696,0.0,-1.6724805589340974e-06,-1.1886033821202534e-06,0.02814194514490939,True
5,350.0,300.0,lane_b,fuel_mileage_lb_per_nmi,1.1603997601122644,truth,1.1604011395107265,0.0,-1.3793984621202071e-06,-1.1887255321912378e-06,0.02320802279021453,True
5,350.0,350.0,lane_b,fuel_mileage_lb_per_nmi,0.9293658024434268,truth,0.9293669052422001,0.0,-1.1027987733003286e-06,-1.1866129158245965e-06,0.02,True
5,350.0,400.0,lane_b,fuel_mileage_lb_per_nmi,0.6796598643541264,truth,0.6796606669962879,0.0,-8.026421615126011e-07,-1.180945434226496e-06,0.02,True
5,350.0,450.0,lane_b,fuel_mileage_lb_per_nmi,0.4040537917668327,truth,0.40405428026026763,0.0,-4.884934349247416e-07,-1.208979730669066e-06,0.02,True
5,350.0,500.0,lane_b,fuel_mileage_lb_per_nmi,0.0907266899427855,truth,0.09072680214224489,0.0,-1.1219945939000553e-07,-1.236673802456908e-06,0.02,True
5,350.0,550.0,lane_b,fuel_mileage_lb_per_nmi,0.001654664451438,truth,0.0016546664192225267,0.0,-1.967784526686958e-09,-1.1892333728580504e-06,0.02,True
5,350.0,600.0,lane_b,fuel_mileage_lb_per_nmi,0.0015480623800694,truth,0.0015480642186817407,0.0,-1.8386123407185956e-09,-1.1876847992031442e-06,0.02,True
5,350.0,650.0,lane_b,fuel_mileage_lb_per_nmi,0.0014685340057582,truth,0.0014685357520999502,0.0,-1.7463417502448092e-09,-1.1891721040823193e-06,0.02,True
5,350.0,700.0,lane_b,fuel_mileage_lb_per_nmi,0.0014069246185027,truth,0.0014069262918626128,0.0,-1.6733599128744558e-09,-1.1893728353452795e-06,0.02,True
5,350.0,750.0,lane_b,fuel_mileage_lb_per_nmi,0.001357770998978,truth,0.0013577726244407248,0.0,-1.6254627247056647e-09,-1.1971538499498053e-06,0.02,True
5,350.0,800.0,lane_b,fuel_mileage_lb_per_nmi,0.0013176219862731,truth,0.0013176235542492476,0.0,-1.5679761475751591e-09,-1.1900031253376894e-06,0.02,True
5,400.0,250.0,lane_b,fuel_mileage_lb_per_nmi,1.453140821532248,truth,1.453142549403031,0.0,-1.7278707828971562e-06,-1.1890580064612292e-06,0.02906285098806062,True
5,400.0,300.0,lane_b,fuel_mileage_lb_per_nmi,1.420508647147332,truth,1.4205103401800383,0.0,-1.6930327062514294e-06,-1.1918482100150367e-06,0.028410206803600766,True
5,400.0,350.0,lane_b,fuel_mileage_lb_per_nmi,1.1621864153070691,truth,1.1621877931070173,0.0,-1.3777999481323633e-06,-1.1855226464295619e-06,0.023243755862140347,True
5,400.0,400.0,lane_b,fuel_mileage_lb_per_nmi,0.9578184908690074,truth,0.9578196340722818,0.0,-1.143203274378557e-06,-1.193547546648313e-06,0.02,True
5,400.0,450.0,lane_b,fuel_mileage_lb_per_nmi,0.7388291678962031,truth,0.7388300553353939,0.0,-8.874391907998103e-07,-1.2011411614771882e-06,0.02,True
5,400.0,500.0,lane_b,fuel_mileage_lb_per_nmi,0.4982745326881597,truth,0.49827513863253264,0.0,-6.059443729555802e-07,-1.216083898182308e-06,0.02,True
5,400.0,550.0,lane_b,fuel_mileage_lb_per_nmi,0.2298495192017726,truth,0.22984979423355686,0.0,-2.750317842636907e-07,-1.1965718097803609e-06,0.02,True
5,400.0,600.0,lane_b,fuel_mileage_lb_per_nmi,0.0017870154795724,truth,0.0017870176038914676,0.0,-2.1243190676586282e-09,-1.1887510582059415e-06,0.02,True
5,400.0,650.0,lane_b,fuel_mileage_lb_per_nmi,0.0016703160593195,truth,0.0016703180457177439,0.0,-1.9863982438084182e-09,-1.1892335408223725e-06,0.02,True
5,400.0,700.0,lane_b,fuel_mileage_lb_per_nmi,0.0015824440670128,truth,0.0015824459495472757,0.0,-1.8825344757448376e-09,-1.1896358774739918e-06,0.02,True
5,400.0,750.0,lane_b,fuel_mileage_lb_per_nmi,0.0015138353815143,truth,0.0015138371818341934,0.0,-1.8003198933806003e-09,-1.1892427501346605e-06,0.02,True
5,400.0,800.0,lane_b,fuel_mileage_lb_per_nmi,0.0014587771988921,truth,0.0014587789337135507,0.0,-1.7348214507734855e-09,-1.1892284777908228e-06,0.02,True
5,450.0,250.0,lane_b,fuel_mileage_lb_per_nmi,1.496253301008862,truth,1.496255081020928,0.0,-1.7800120661881635e-06,-1.1896447930346354e-06,0.029925101620418563,True
5,450.0,300.0,lane_b,fuel_mileage_lb_per_nmi,1.462784710066397,truth,1.462786448453484,0.0,-1.7383870869469575e-06,-1.1884079790217153e-06,0.02925572896906968,True
5,450.0,350.0,lane_b,fuel_mileage_lb_per_nmi,1.3411029951109943,truth,1.3411045929990169,0.0,-1.59788802256422e-06,-1.191471590587112e-06,0.026822091859980336,True
5,450.0,400.0,lane_b,fuel_mileage_lb_per_nmi,1.1695447898316509,truth,1.1695461799111893,0.0,-1.390079538365896e-06,-1.1885631899301772e-06,0.023390923598223784,True
5,450.0,450.0,lane_b,fuel_mileage_lb_per_nmi,0.98604490570561,truth,0.9860460908017651,0.0,-1.1850961550985417e-06,-1.2018668966426577e-06,0.02,True
5,450.0,500.0,lane_b,fuel_mileage_lb_per_nmi,0.7910148877797852,truth,0.7910158369600765,0.0,-9.491802912542369e-07,-1.199951059010394e-06,0.02,True
5,450.0,550.0,lane_b,fuel_mileage_lb_per_nmi,0.5774325901506084,truth,0.5774332647143953,0.0,-6.745637868288412e-07,-1.1682108185479888e-06,0.02,True
5,450.0,600.0,lane_b,fuel_mileage_lb_per_nmi,0.3409918987884214,truth,0.34099231537885866,0.0,-4.165904372577245e-07,-1.2217003682176025e-06,0.02,True
5,450.0,650.0,lane_b,fuel_mileage_lb_per_nmi,0.0694776578358628,truth,0.06947774001786003,0.0,-8.218199723519781e-08,-1.1828536336108804e-06,0.02,True
5,450.0,700.0,lane_b,fuel_mileage_lb_per_nmi,0.0017790306520552,truth,0.0017790327706744935,0.0,-2.1186192934556647e-09,-1.1908826685932391e-06,0.02,True
5,450.0,750.0,lane_b,fuel_mileage_lb_per_nmi,0.0016839605098468,truth,0.0016839625734546,0.0,-2.0636078000482033e-09,-1.2254475441308486e-06,0.02,True
5,500.0,250.0,lane_b,fuel_mileage_lb_per_nmi,1.5289988178272915,truth,1.5290006014201405,0.0,-1.7835928489695618e-06,-1.1665089257080444e-06,0.03058001202840281,True
5,500.0,300.0,lane_b,fuel_mileage_lb_per_nmi,1.5009173789487684,truth,1.5009191805492228,0.0,-1.8016004543763842e-06,-1.2003314220537409e-06,0.030018383610984457,True
5,500.0,350.0,lane_b,fuel_mileage_lb_per_nmi,1.477762590254824,truth,1.4777643187598377,0.0,-1.728505013787185e-06,-1.1696756998692272e-06,0.029555286375196756,True
5,500.0,400.0,lane_b,fuel_mileage_lb_per_nmi,1.3354807353213525,truth,1.3354823260313102,0.0,-1.59070995775501e-06,-1.191112698946879e-06,0.026709646520626205,True
5,500.0,450.0,lane_b,fuel_mileage_lb_per_nmi,1.181187017528204,truth,1.1811884306850933,0.0,-1.4131568892850055e-06,-1.1963856507342945e-06,0.023623768613701867,True
5,500.0,500.0,lane_b,fuel_mileage_lb_per_nmi,1.0144960598817605,truth,1.0144972702008095,0.0,-1.2103190489831661e-06,-1.1930234654486508e-06,0.02028994540401619,True
5,500.0,550.0,lane_b,fuel_mileage_lb_per_nmi,0.8387349162610038,truth,0.8387359243653443,0.0,-1.0081043404497336e-06,-1.201932945953814e-06,0.02,True
5,500.0,600.0,lane_b,fuel_mileage_lb_per_nmi,0.6466408549791426,truth,0.6466416426559248,0.0,-7.876767822434516e-07,-1.2181040166362606e-06,0.02,True
5,500.0,650.0,lane_b,fuel_mileage_lb_per_nmi,0.4349164771304417,truth,0.43491700403233596,0.0,-5.269018942821724e-07,-1.211499871002968e-06,0.02,True
5,500.0,700.0,lane_b,fuel_mileage_lb_per_nmi,0.1972371603231951,truth,0.19723738997730147,0.0,-2.2965410637065808e-07,-1.1643538093719816e-06,0.02,True
5,500.0,750.0,lane_b,fuel_mileage_lb_per_nmi,0.001877123504113,truth,0.0018771257399016856,0.0,-2.235788685699819e-09,-1.1910702827062176e-06,0.02,True
5,500.0,800.0,lane_b,fuel_mileage_lb_per_nmi,0.0017758178167632,truth,0.0017758199286189076,0.0,-2.111855707453633e-09,-1.1892285211012738e-06,0.02,True
5,550.0,250.0,lane_b,fuel_mileage_lb_per_nmi,1.5609261135298391,truth,1.5609279656023602,0.0,-1.8520725211246258e-06,-1.1865201738569104e-06,0.031218559312047204,True
5,550.0,300.0,lane_b,fuel_mileage_lb_per_nmi,1.5377423505452703,truth,1.5377442068177039,0.0,-1.8562724335424718e-06,-1.207139929588126e-06,0.030754884136354077,True
5,550.0,350.0,lane_b,fuel_mileage_lb_per_nmi,1.5134893969880667,truth,1.5134912290141114,0.0,-1.8320260446458292e-06,-1.2104636019854647e-06,0.03026982458028223,True
5,550.0,400.0,lane_b,fuel_mileage_lb_per_nmi,1.4958657122456611,truth,1.4958674933784466,0.0,-1.7811327854833081e-06,-1.190702246935378e-06,0.029917349867568933,True
5,550.0,450.0,lane_b,fuel_mileage_lb_per_nmi,1.3363355390284275,truth,1.3363371289420207,0.0,-1.589913593225134e-06,-1.1897548596018356e-06,0.026726742578840414,True
5,550.0,500.0,lane_b,fuel_mileage_lb_per_nmi,1.19632685511972,truth,1.1963282863013125,0.0,-1.4311815925704963e-06,-1.1963117556931464e-06,0.02392656572602625,True
5,550.0,550.0,lane_b,fuel_mileage_lb_per_nmi,1.0434987263359892,truth,1.0434999496625965,0.0,-1.2233266073469196e-06,-1.1723302983794756e-06,0.02086999899325193,True
5,550.0,600.0,lane_b,fuel_mileage_lb_per_nmi,0.88362789871021,truth,0.883628964097026,0.0,-1.0653868159904434e-06,-1.2056947647468239e-06,0.02,True
5,550.0,650.0,lane_b,fuel_mileage_lb_per_nmi,0.7091201222994381,truth,0.7091209738264433,0.0,-8.515270052411594e-07,-1.2008205040760363e-06,0.02,True
5,550.0,700.0,lane_b,fuel_mileage_lb_per_nmi,0.5172745978709364,truth,0.5172751551503211,0.0,-5.572793846386759e-07,-1.0773364602765998e-06,0.02,True
5,550.0,750.0,lane_b,fuel_mileage_lb_per_nmi,0.3037403692074077,truth,0.3037407757426485,0.0,-4.065352408044731e-07,-1.338428269337534e-06,0.02,True
5,550.0,800.0,lane_b,fuel_mileage_lb_per_nmi,0.0550616649578342,truth,0.05506172096334808,0.0,-5.600551388623698e-08,-1.0171406361148272e-06,0.02,True
5,600.0,250.0,lane_b,fuel_mileage_lb_per_nmi,1.592727840491991,truth,1.5927297345184606,0.0,-1.89402646966208e-06,-1.1891700321867302e-06,0.03185459469036921,True
5,600.0,300.0,lane_b,fuel_mileage_lb_per_nmi,1.5741581763153063,truth,1.5741600488267358,0.0,-1.8725114294682044e-06,-1.1895305250973928e-06,0.03148320097653472,True
5,600.0,350.0,lane_b,fuel_mileage_lb_per_nmi,1.5484792049421068,truth,1.548481042085489,0.0,-1.8371433823105576e-06,-1.1864164509475035e-06,0.03096962084170978,True
5,600.0,400.0,lane_b,fuel_mileage_lb_per_nmi,1.5300432305829348,truth,1.5300450465451088,0.0,-1.8159621739677334e-06,-1.1868684376765474e-06,0.030600900930902175,True
5,600.0,450.0,lane_b,fuel_mileage_lb_per_nmi,1.4921607261196344,truth,1.500425625987537,0.0,-0.008264899867902686,-0.005508370241585928,0.03000851251975074,True
5,600.0,500.0,lane_b,fuel_mileage_lb_per_nmi,1.3424109486375506,truth,1.3424125402009184,0.0,-1.591563367764337e-06,-1.1855992998442403e-06,0.02684825080401837,True
5,600.0,550.0,lane_b,fuel_mileage_lb_per_nmi,1.2144749010255471,truth,1.2144763608915838,0.0,-1.459866036723767e-06,-1.2020538923063396e-06,0.024289527217831678,True
5,600.0,600.0,lane_b,fuel_mileage_lb_per_nmi,1.0744709277621318,truth,1.0744722750919706,0.0,-1.3473298388078092e-06,-1.2539456531742367e-06,0.021489445501839413,True
5,600.0,650.0,lane_b,fuel_mileage_lb_per_nmi,0.9268257555175892,truth,0.9268268471734209,0.0,-1.0916558317308755e-06,-1.1778422636980573e-06,0.02,True
5,600.0,700.0,lane_b,fuel_mileage_lb_per_nmi,0.7670389422220825,truth,0.7670398765407976,0.0,-9.343187151733545e-07,-1.2180836273949046e-06,0.02,True
5,600.0,750.0,lane_b,fuel_mileage_lb_per_nmi,0.5916391654642295,truth,0.5916398380207438,0.0,-6.725565143694823e-07,-1.1367667813233046e-06,0.02,True
5,600.0,800.0,lane_b,fuel_mileage_lb_per_nmi,0.3972636402398444,truth,0.39726407389489077,0.0,-4.3365504637238317e-07,-1.0916039855321044e-06,0.02,True
5,650.0,250.0,lane_b,fuel_mileage_lb_per_nmi,1.6246952532353809,truth,1.624697199870366,0.0,-1.946634985205975e-06,-1.1981524836512897e-06,0.03249394399740732,True
5,650.0,300.0,lane_b,fuel_mileage_lb_per_nmi,1.6063623541408676,truth,1.6063642587487346,0.0,-1.9046078669759936e-06,-1.185663747560951e-06,0.03212728517497469,True
5,650.0,350.0,lane_b,fuel_mileage_lb_per_nmi,1.5831668180234395,truth,1.5831686937574816,0.0,-1.8757340420894053e-06,-1.1847973304964432e-06,0.031663373875149635,True
5,650.0,450.0,lane_b,fuel_mileage_lb_per_nmi,1.5492557753360314,truth,1.5492576177406572,0.0,-1.8424046257514703e-06,-1.189217728965129e-06,0.030985152354813143,True
5,650.0,500.0,lane_b,fuel_mileage_lb_per_nmi,1.4609122224413231,truth,1.4609139724683908,0.0,-1.7500270677039964e-06,-1.1978987816422305e-06,0.029218279449367817,True
5,650.0,550.0,lane_b,fuel_mileage_lb_per_nmi,1.3528709187604409,truth,1.3528725777843738,0.0,-1.6590239328984069e-06,-1.2262972582498665e-06,0.027057451555687475,True
5,650.0,600.0,lane_b,fuel_mileage_lb_per_nmi,1.2353291445419536,truth,1.2353305902650018,0.0,-1.4457230481657035e-06,-1.1703126754560239e-06,0.02470661180530004,True
5,650.0,650.0,lane_b,fuel_mileage_lb_per_nmi,1.1068765743476106,truth,1.1068778499290015,0.0,-1.2755813909581804e-06,-1.1524138738886138e-06,0.02213755699858003,True
5,650.0,700.0,lane_b,fuel_mileage_lb_per_nmi,0.9691541810974872,truth,0.9691552685642483,0.0,-1.0874667610849542e-06,-1.1220769224068483e-06,0.02,True
5,650.0,750.0,lane_b,fuel_mileage_lb_per_nmi,0.8219336628028209,truth,0.8219346102517912,0.0,-9.474489702787636e-07,-1.1527060163441986e-06,0.02,True
5,650.0,800.0,lane_b,fuel_mileage_lb_per_nmi,0.6604546104218348,truth,0.6604553938636722,0.0,-7.834418374041974e-07,-1.1862146099239994e-06,0.02,True
5,700.0,250.0,lane_b,fuel_mileage_lb_per_nmi,1.657054586547229,truth,1.6570565524008791,0.0,-1.9658536500877233e-06,-1.1863527815266376e-06,0.03314113104801758,True
5,700.0,300.0,lane_b,fuel_mileage_lb_per_nmi,1.6388520233429695,truth,1.6388539522254746,0.0,-1.9288825050534086e-06,-1.176970347134405e-06,0.032777079044509494,True
5,700.0,350.0,lane_b,fuel_mileage_lb_per_nmi,1.6178817972534565,truth,1.617883719381066,0.0,-1.9221276095215956e-06,-1.188050529525645e-06,0.03235767438762132,True
5,700.0,400.0,lane_b,fuel_mileage_lb_per_nmi,1.5977145760069795,truth,1.597716477127262,0.0,-1.9011202825325313e-06,-1.1898984017181807e-06,0.03195432954254524,True
5,700.0,500.0,lane_b,fuel_mileage_lb_per_nmi,1.5703031395386522,truth,1.5703050063639616,0.0,-1.8668253094489273e-06,-1.188829750833921e-06,0.031406100127279235,True
5,700.0,550.0,lane_b,fuel_mileage_lb_per_nmi,1.466888880595022,truth,1.466890604991599,0.0,-1.7243965770852299e-06,-1.1755454505042014e-06,0.02933781209983198,True
5,700.0,600.0,lane_b,fuel_mileage_lb_per_nmi,1.3671537991595906,truth,1.36715542293122,0.0,-1.6237716293776572e-06,-1.1877008291392685e-06,0.0273431084586244,True
5,700.0,650.0,lane_b,fuel_mileage_lb_per_nmi,1.2587123454196456,truth,1.2587138477166238,0.0,-1.5022969781508522e-06,-1.1935174788742506e-06,0.025174276954332477,True
5,700.0,700.0,lane_b,fuel_mileage_lb_per_nmi,1.1402988070611897,truth,1.1403001673859967,0.0,-1.3603248070204188e-06,-1.1929532643486342e-06,0.022806003347719934,True
5,700.0,750.0,lane_b,fuel_mileage_lb_per_nmi,1.0112477287984531,truth,1.0112488953047623,0.0,-1.166506309102644e-06,-1.1535303667759176e-06,0.020224977906095246,True
5,700.0,800.0,lane_b,fuel_mileage_lb_per_nmi,0.8749442068333081,truth,0.8749452611332607,0.0,-1.0542999525631203e-06,-1.204989614090318e-06,0.02,True
5,750.0,250.0,lane_b,fuel_mileage_lb_per_nmi,1.689990169131996,truth,1.6899921752751832,0.0,-2.0061431871276625e-06,-1.1870724707947243e-06,0.03379984350550366,True
5,750.0,300.0,lane_b,fuel_mileage_lb_per_nmi,1.671827146640687,truth,1.671829136516539,0.0,-1.989875851871048e-06,-1.1902387680700423e-06,0.03343658273033078,True
5,750.0,350.0,lane_b,fuel_mileage_lb_per_nmi,1.6538770620068437,truth,1.6538790248451847,0.0,-1.9628383409742156e-06,-1.18680889683449e-06,0.033077580496903694,True
5,750.0,400.0,lane_b,fuel_mileage_lb_per_nmi,1.631788902168627,truth,1.6317908632172315,0.0,-1.961048604615101e-06,-1.201776924249169e-06,0.032635817264344634,True
5,750.0,450.0,lane_b,fuel_mileage_lb_per_nmi,1.6158026006986037,truth,1.6158045226816542,0.0,-1.9219830504901836e-06,-1.1894898321613701e-06,0.03231609045363308,True
5,750.0,500.0,lane_b,fuel_mileage_lb_per_nmi,1.6034523295331928,truth,1.6034542120560715,0.0,-1.8825228786933934e-06,-1.174042180025508e-06,0.03206908424112143,True
5,750.0,700.0,lane_b,fuel_mileage_lb_per_nmi,1.2845358393647106,truth,1.2845373182669488,0.0,-1.478902238227775e-06,-1.1513112287177894e-06,0.025690746365338978,True
5,750.0,750.0,lane_b,fuel_mileage_lb_per_nmi,1.1749940351382502,truth,1.1749954754302079,0.0,-1.4402919576994577e-06,-1.2257851096593502e-06,0.023499909508604158,True
5,750.0,800.0,lane_b,fuel_mileage_lb_per_nmi,1.0548406374743495,truth,1.0548426637756052,0.0,-2.026301255675378e-06,-1.920951176190224e-06,0.021096853275512105,True
5,800.0,250.0,lane_b,fuel_mileage_lb_per_nmi,1.7236607469563925,truth,1.7236627985167323,0.0,-2.051560339833003e-06,-1.1902329977756884e-06,0.03447325597033465,True
5,800.0,300.0,lane_b,fuel_mileage_lb_per_nmi,1.7054575358006294,truth,1.7054595697332748,0.0,-2.0339326454177353e-06,-1.1926009162069036e-06,0.0341091913946655,True
5,800.0,350.0,lane_b,fuel_mileage_lb_per_nmi,1.6874719629710655,truth,1.687473970177575,0.0,-2.007206509446746e-06,-1.1894740570342104e-06,0.0337494794035515,True
5,800.0,400.0,lane_b,fuel_mileage_lb_per_nmi,1.6663184417485453,truth,1.6663204227398314,0.0,-1.980991286121281e-06,-1.1888417492141487e-06,0.033326408454796626,True
5,800.0,450.0,lane_b,fuel_mileage_lb_per_nmi,1.649601108672246,truth,1.649603014118053,0.0,-1.9054458071376956e-06,-1.1550935533155695e-06,0.03299206028236106,True
5,800.0,500.0,lane_b,fuel_mileage_lb_per_nmi,1.636940190877162,truth,1.6369421346208899,0.0,-1.943743727972347e-06,-1.1874236033532799e-06,0.0327388426924178,True
5,800.0,600.0,lane_b,fuel_mileage_lb_per_nmi,1.5703999454299975,truth,1.57040181632133,0.0,-1.8708913325227172e-06,-1.1913456244627153e-06,0.0314080363264266,True
5,800.0,650.0,lane_b,fuel_mileage_lb_per_nmi,1.4914032913823432,truth,1.4914051493270362,0.0,-1.8579446929845034e-06,-1.2457679214952826e-06,0.029828102986540723,True
5,800.0,700.0,lane_b,fuel_mileage_lb_per_nmi,1.405823970165836,truth,1.405825593245484,0.0,-1.6230796480165566e-06,-1.1545384120298455e-06,0.02811651186490968,True
5,800.0,750.0,lane_b,fuel_mileage_lb_per_nmi,1.3127771916173574,truth,1.3127785539745787,0.0,-1.3623572212573265e-06,-1.037766207508984e-06,0.026255571079491575,True
5,800.0,800.0,lane_b,fuel_mileage_lb_per_nmi,1.2111998477932793,truth,1.211201267455242,0.0,-1.419661962653862e-06,-1.1721106977014647e-06,0.02422402534910484,True
5,300.0,250.0,lane_b,W_battery_kg,1524.8086571362735,truth,1524.8086569459508,0.0,1.903226802824065e-07,1.2481741851046744e-10,30.496173138919016,True
5,300.0,300.0,lane_b,W_battery_kg,1594.884545652145,truth,1594.884545732973,0.0,-8.082793101493735e-08,-5.067948725892923e-11,31.89769091465946,True
5,300.0,350.0,lane_b,W_battery_kg,1670.1361772617315,truth,1670.1361776564625,0.0,-3.947309323848458e-07,-2.3634655524840665e-10,33.40272355312925,True
5,300.0,400.0,lane_b,W_battery_kg,1756.4351445084064,truth,1756.4351444789486,0.0,2.9457851269398816e-08,1.677138570245221e-11,35.128702889578975,True
5,300.0,450.0,lane_b,W_battery_kg,1745.4492984384456,truth,1745.4492987799163,0.0,-3.414706952753477e-07,-1.9563484056170442e-10,34.90898597559833,True
5,300.0,500.0,lane_b,W_battery_kg,1442.142783354448,truth,1442.1427836999476,0.0,-3.454995294305263e-07,-2.395737324594976e-10,28.84285567399895,True
5,300.0,550.0,lane_b,W_battery_kg,1229.0462510062027,truth,1229.046250428152,0.0,5.780507308372762e-07,4.703246363885051e-10,24.580925008563042,True
5,300.0,600.0,lane_b,W_battery_kg,1071.0616669533151,truth,1071.0616669361561,0.0,1.715898179099895e-08,1.6020535811055e-11,21.421233338723123,True
5,300.0,650.0,lane_b,W_battery_kg,955.9627947917955,truth,949.2215308528071,0.0,6.741263938988482,0.007101886882961812,18.98443061705614,True
5,300.0,700.0,lane_b,W_battery_kg,852.3541643798367,truth,852.3541646971446,0.0,-3.1730792215967085e-07,-3.7227239016590663e-10,17.047083293942894,True
5,300.0,750.0,lane_b,W_battery_kg,773.4701725469646,truth,773.4701725931558,0.0,-4.6191189539968036e-08,-5.9719419282978e-11,15.469403451863116,True
5,300.0,800.0,lane_b,W_battery_kg,716.2336806453866,truth,716.5078255513334,0.0,-0.27414490594685503,-0.00038261257751917495,14.330156511026669,True
5,350.0,250.0,lane_b,W_battery_kg,277.9925313767384,truth,277.9925313764425,0.0,2.958699951705057e-10,1.0643091514205268e-12,5.55985062752885,True
5,350.0,300.0,lane_b,W_battery_kg,1495.86844327273,truth,1495.8684435589682,0.0,-2.8623821890505496e-07,-1.9135253513606944e-10,29.917368871179367,True
5,350.0,350.0,lane_b,W_battery_kg,1563.885121117898,truth,1563.8851211184613,0.0,-5.632045940728858e-10,-3.6013169155934707e-13,31.277702422369227,True
5,350.0,400.0,lane_b,W_battery_kg,1634.5818097682209,truth,1634.5818097683114,0.0,-9.049472282640636e-11,-5.536261463672672e-14,32.69163619536623,True
5,350.0,450.0,lane_b,W_battery_kg,1714.1384956489862,truth,1714.1384926020874,0.0,3.0468988825305132e-06,1.7775103328467212e-09,34.282769852041746,True
5,350.0,500.0,lane_b,W_battery_kg,1809.9844292455016,truth,1809.9844292476741,0.0,-2.1725554688600823e-09,-1.2003172147525668e-12,36.199688584953485,True
5,350.0,550.0,lane_b,W_battery_kg,1607.637348346926,truth,1607.637348378321,0.0,-3.139484761049971e-08,-1.9528563231109785e-11,32.152746967566415,True
5,350.0,600.0,lane_b,W_battery_kg,1379.367345791552,truth,1379.3673457892537,0.0,2.2982931113801897e-09,1.666193649136402e-12,27.587346915785076,True
5,350.0,650.0,lane_b,W_battery_kg,1208.1643082910848,truth,1208.164308223295,0.0,6.778986971767154e-08,5.610980994576981e-11,24.163286164465898,True
5,350.0,700.0,lane_b,W_battery_kg,1074.9789892639317,truth,1074.9789894181788,0.0,-1.5424711818923242e-07,-1.434884957823381e-10,21.499579788363576,True
5,350.0,750.0,lane_b,W_battery_kg,968.3745254239552,truth,968.3745249449738,0.0,4.789814056493924e-07,4.946241286929865e-10,19.36749049889948,True
5,350.0,800.0,lane_b,W_battery_kg,881.0829735758058,truth,881.0829750477594,0.0,-1.471953623877198e-06,-1.6706186199970668e-09,17.62165950095519,True
5,400.0,250.0,lane_b,W_battery_kg,263.6236901138223,truth,263.6236912668908,0.0,-1.1530684673743963e-06,-4.3739182234840865e-09,5.272473825337816,True
5,400.0,300.0,lane_b,W_battery_kg,244.74455169736527,truth,244.74455173019751,0.0,-3.283224714323296e-08,-1.341490419751068e-10,5.0,True
5,400.0,350.0,lane_b,W_battery_kg,1465.739660188363,truth,1465.7396604724338,0.0,-2.840708930307301e-07,-1.9380719556921112e-10,29.314793209448677,True
5,400.0,400.0,lane_b,W_battery_kg,1532.234162984715,truth,1532.2341630051783,0.0,-2.046317604254e-08,-1.335512321589637e-11,30.644683260103566,True
5,400.0,450.0,lane_b,W_battery_kg,1599.4622864276496,truth,1599.4622864221278,0.0,5.5217697081388906e-09,3.4522662741180712e-12,31.989245728442558,True
5,400.0,500.0,lane_b,W_battery_kg,1674.3199168738129,truth,1674.3199123553072,0.0,4.5185056478658225e-06,2.698711049496825e-09,33.486398247106145,True
5,400.0,550.0,lane_b,W_battery_kg,1760.3278044503031,truth,1760.3278044502574,0.0,4.5702108764089644e-11,2.5962271713569968e-14,35.20655608900515,True
5,400.0,600.0,lane_b,W_battery_kg,1758.7973907747846,truth,1758.7973899352214,0.0,8.395631994062569e-07,4.77350719423787e-10,35.17594779870443,True
5,400.0,650.0,lane_b,W_battery_kg,1518.1990147049623,truth,1518.1990149878382,0.0,-2.8287581699260045e-07,-1.863232779102195e-10,30.363980299756765,True
5,400.0,700.0,lane_b,W_battery_kg,1335.9736871031548,truth,1335.9736874283835,0.0,-3.252287115174113e-07,-2.4343945885898713e-10,26.719473748567673,True
5,400.0,750.0,lane_b,W_battery_kg,1193.0484210191014,truth,1193.048421029182,0.0,-1.0080611900775693e-08,-8.449457476402897e-12,23.860968420583642,True
5,400.0,800.0,lane_b,W_battery_kg,1077.9246615425052,truth,1077.9246615425102,0.0,-5.002220859751105e-12,-4.640603409697416e-15,21.558493230850203,True
5,450.0,250.0,lane_b,W_battery_kg,162.62712784543754,truth,162.6271277538271,0.0,9.16104454518063e-08,5.633158914943108e-10,5.0,True
5,450.0,300.0,lane_b,W_battery_kg,219.07838444912272,truth,219.0783844546982,0.0,-5.575486738962354e-09,-2.5449734590841264e-11,5.0,True
5,450.0,350.0,lane_b,W_battery_kg,1368.3509556764316,truth,1368.350955672317,0.0,4.114554030820727e-09,3.0069435138437187e-12,27.36701911344634,True
5,450.0,400.0,lane_b,W_battery_kg,1434.2913475505882,truth,1434.2913475503688,0.0,2.1941559680271894e-10,1.529784009207471e-13,28.685826951007375,True
5,450.0,450.0,lane_b,W_battery_kg,1499.6498321869278,truth,1499.6498322069908,0.0,-2.006299837375991e-08,-1.3378455385304036e-11,29.99299664413982,True
5,450.0,500.0,lane_b,W_battery_kg,1564.132054957126,truth,1564.132054948775,0.0,8.350980351679027e-09,5.339050705634007e-12,31.2826410989755,True
5,450.0,550.0,lane_b,W_battery_kg,1635.461688457286,truth,1635.4616895844342,0.0,-1.1271481525909621e-06,-6.891926357977649e-10,32.70923379168868,True
5,450.0,600.0,lane_b,W_battery_kg,1715.8816068451383,truth,1715.8816012501939,0.0,5.594944468612084e-06,3.2606821266313476e-09,34.31763202500388,True
5,450.0,650.0,lane_b,W_battery_kg,1813.635560773288,truth,1813.635560960615,0.0,-1.8732703210844193e-07,-1.0328813359240805e-10,36.272711219212304,True
5,450.0,700.0,lane_b,W_battery_kg,1646.979431452568,truth,1646.9794368107914,0.0,-5.358223461371381e-06,-3.2533639106915853e-09,32.93958873621583,True
5,450.0,750.0,lane_b,W_battery_kg,1455.47808951411,truth,1455.4780895140639,0.0,4.615685611497611e-11,3.171250494769479e-14,29.109561790281276,True
5,500.0,250.0,lane_b,W_battery_kg,138.40136724199607,truth,138.40137873759724,0.0,-1.1495601171418457e-05,-8.305987466507539e-08,5.0,True
5,500.0,300.0,lane_b,W_battery_kg,223.81818595924392,truth,223.8182006867326,0.0,-1.4727488689914026e-05,-6.58011218244372e-08,5.0,True
5,500.0,350.0,lane_b,W_battery_kg,188.536661335687,truth,188.53661157905483,0.0,4.975663216555404e-05,2.6390965525913624e-07,5.0,True
5,500.0,400.0,lane_b,W_battery_kg,1339.4310397605464,truth,1339.4310398623156,0.0,-1.0176927389693446e-07,-7.597947999427851e-11,26.788620797246313,True
5,500.0,450.0,lane_b,W_battery_kg,1401.4058116196834,truth,1401.4058115507523,0.0,6.893105819472112e-08,4.918707887934626e-11,28.028116231015048,True
5,500.0,500.0,lane_b,W_battery_kg,1465.9104716102215,truth,1465.9104716184406,0.0,-8.219103619921952e-09,-5.606825095428672e-12,29.318209432368814,True
5,500.0,550.0,lane_b,W_battery_kg,1528.1447735727336,truth,1528.1447735612223,0.0,1.151124706666451e-08,7.532824942913259e-12,30.562895471224447,True
5,500.0,600.0,lane_b,W_battery_kg,1596.6858804311466,truth,1596.685870879668,0.0,9.55147856984695e-06,5.9820649409171e-09,31.93371741759336,True
5,500.0,650.0,lane_b,W_battery_kg,1673.1905678429282,truth,1673.1905578691978,0.0,9.973730357160093e-06,5.960905235959258e-09,33.46381115738396,True
5,500.0,700.0,lane_b,W_battery_kg,1761.4881930591373,truth,1761.4881930690924,0.0,-9.95510163193103e-09,-5.651529014557835e-12,35.22976386138185,True
5,500.0,750.0,lane_b,W_battery_kg,1766.898875907174,truth,1766.8988868724232,0.0,-1.0965249202854466e-05,-6.2059290909758764e-09,35.33797773744846,True
5,500.0,800.0,lane_b,W_battery_kg,1567.553313651212,truth,1567.5533136512154,0.0,-3.410605131648481e-12,-2.1757506439792765e-15,31.35106627302431,True
5,550.0,250.0,lane_b,W_battery_kg,141.00395565842902,truth,141.00395266579991,0.0,2.992629106302047e-06,2.122372493624358e-08,5.0,True
5,550.0,300.0,lane_b,W_battery_kg,228.70576248608464,truth,228.70521371692894,0.0,0.0005487691556993468,2.399460627856804e-06,5.0,True
5,550.0,350.0,lane_b,W_battery_kg,192.596782755368,truth,192.5968515661949,0.0,-6.881082691734264e-05,-3.5727908508251276e-07,5.0,True
5,550.0,400.0,lane_b,W_battery_kg,166.33154596106013,truth,166.33154596900357,0.0,-7.943441460156464e-09,-4.775667426091711e-11,5.0,True
5,550.0,450.0,lane_b,W_battery_kg,1308.1351053094245,truth,1308.1351053116573,0.0,-2.232809492852539e-09,-1.7068645920335438e-12,26.162702106233148,True
5,550.0,500.0,lane_b,W_battery_kg,1366.9650145532828,truth,1366.965013581101,0.0,9.721818514663028e-07,7.111973180055526e-10,27.33930027162202,True
5,550.0,550.0,lane_b,W_battery_kg,1430.824707698537,truth,1430.8247161089664,0.0,-8.410429472860415e-06,-5.878029208030473e-09,28.616494322179328,True
5,550.0,600.0,lane_b,W_battery_kg,1491.1612309280658,truth,1491.1612268861631,0.0,4.041902684548404e-06,2.7105738881024215e-09,29.823224537723263,True
5,550.0,650.0,lane_b,W_battery_kg,1557.416956429149,truth,1557.4169571871162,0.0,-7.579672001156723e-07,-4.866822571937658e-10,31.148339143742323,True
5,550.0,700.0,lane_b,W_battery_kg,1630.9314763657767,truth,1630.9315003360562,0.0,-2.397027947154129e-05,-1.4697293826627404e-08,32.618630006721126,True
5,550.0,750.0,lane_b,W_battery_kg,1714.1722043601474,truth,1714.172181793543,0.0,2.2566604457097128e-05,1.3164724463959991e-08,34.28344363587086,True
5,550.0,800.0,lane_b,W_battery_kg,1816.6670821412624,truth,1816.6670828790802,0.0,-7.37817799745244e-07,-4.061381453424805e-10,36.333341657581606,True
5,600.0,250.0,lane_b,W_battery_kg,143.69340682742856,truth,143.6934060580583,0.0,7.693702741562447e-07,5.3542489893056485e-09,5.0,True
5,600.0,300.0,lane_b,W_battery_kg,142.83496699517164,truth,142.8349700060209,0.0,-3.010849269458049e-06,-2.1079216590524946e-08,5.0,True
5,600.0,350.0,lane_b,W_battery_kg,196.783802583546,truth,196.78380693481043,0.0,-4.351264436763813e-06,-2.211190292809651e-08,5.0,True
5,600.0,400.0,lane_b,W_battery_kg,169.90923778684046,truth,169.90923793928567,0.0,-1.5244521023305424e-07,-8.972155492070894e-10,5.0,True
5,600.0,450.0,lane_b,W_battery_kg,558.2284759620546,truth,410.6403973094469,0.0,147.58807865260775,0.3594095457232611,8.212807946188939,False
5,600.0,500.0,lane_b,W_battery_kg,1274.6096196200283,truth,1274.609619672563,0.0,-5.253468771115877e-08,-4.1216296268542604e-11,25.492192393451262,True
5,600.0,550.0,lane_b,W_battery_kg,1330.8445702205108,truth,1330.8445588571979,0.0,1.1363312978573958e-05,8.538422389712954e-09,26.61689117714396,True
5,600.0,600.0,lane_b,W_battery_kg,1392.619276827172,truth,1392.6192676697026,0.0,9.15746932150796e-06,6.57571637424731e-09,27.85238535339405,True
5,600.0,650.0,lane_b,W_battery_kg,1452.9004751258724,truth,1452.9004876455015,0.0,-1.251962908099813e-05,-8.616990074307718e-09,29.05800975291003,True
5,600.0,700.0,lane_b,W_battery_kg,1517.2202113193575,truth,1517.220211307953,0.0,1.1404608812881634e-08,7.516778861685503e-12,30.34440422615906,True
5,600.0,750.0,lane_b,W_battery_kg,1588.3223576206246,truth,1588.3223576597206,0.0,-3.909599399776198e-08,-2.4614646900373e-11,31.766447153194413,True
5,600.0,800.0,lane_b,W_battery_kg,1668.040772802912,truth,1668.0407814141781,0.0,-8.611266139268992e-06,-5.1625033603604654e-09,33.36081562828356,True
5,650.0,250.0,lane_b,W_battery_kg,146.47572944958225,truth,146.47572881167486,0.0,6.379073909101862e-07,4.355038176531959e-09,5.0,True
5,650.0,300.0,lane_b,W_battery_kg,145.5852950886212,truth,145.58529524519523,0.0,-1.5657403196200903e-07,-1.0754797158484073e-09,5.0,True
5,650.0,350.0,lane_b,W_battery_kg,201.1072720632011,truth,201.1072598434896,0.0,1.221971149334422e-05,6.076215996803959e-08,5.0,True
5,650.0,450.0,lane_b,W_battery_kg,152.71100602704718,truth,152.71100609305913,0.0,-6.601194968425261e-08,-4.3226713891221575e-10,5.0,True
5,650.0,500.0,lane_b,W_battery_kg,1189.3586848345938,truth,1189.358686333695,0.0,-1.4991012449172558e-06,-1.26042821408096e-09,23.7871737266739,True
5,650.0,550.0,lane_b,W_battery_kg,1238.895122709035,truth,1238.8951226469699,0.0,6.206505531736184e-08,5.009710199258539e-11,24.777902452939397,True
5,650.0,600.0,lane_b,W_battery_kg,1292.9101708804697,truth,1292.9101683859299,0.0,2.494539785402594e-06,1.92939915424811e-09,25.8582033677186,True
5,650.0,650.0,lane_b,W_battery_kg,1352.1184585957162,truth,1352.1184739982966,0.0,-1.5402580402223975e-05,-1.1391442908606675e-08,27.042369479965934,True
5,650.0,700.0,lane_b,W_battery_kg,1413.112050481942,truth,1413.1120505365784,0.0,-5.463630259328056e-08,-3.866381478562467e-11,28.262241010731568,True
5,650.0,750.0,lane_b,W_battery_kg,1475.7380016477184,truth,1475.738001645217,0.0,2.501337803550996e-09,1.6949741761494218e-12,29.51476003290434,True
5,650.0,800.0,lane_b,W_battery_kg,1544.80386470157,truth,1544.8038647015794,0.0,-9.322320693172514e-12,-6.034630613105938e-15,30.89607729403159,True
5,700.0,250.0,lane_b,W_battery_kg,149.35668889784267,truth,149.3566597312856,0.0,2.9166557084181477e-05,1.95281262560748e-07,5.0,True
5,700.0,300.0,lane_b,W_battery_kg,148.43241031382368,truth,148.43241031442258,0.0,-5.989022611174732e-10,-4.034848318159261e-12,5.0,True
5,700.0,350.0,lane_b,W_battery_kg,205.5756969646138,truth,205.57572256365296,0.0,-2.5599039162216286e-05,-1.2452364920809162e-07,5.0,True
5,700.0,400.0,lane_b,W_battery_kg,177.4121042665488,truth,177.4121042378019,0.0,2.874688220799726e-08,1.620345034038103e-10,5.0,True
5,700.0,500.0,lane_b,W_battery_kg,145.05261750926448,truth,145.05261356949418,0.0,3.939770294891787e-06,2.7160974200607954e-08,5.0,True
5,700.0,550.0,lane_b,W_battery_kg,1153.1817674061908,truth,1153.1817683175955,0.0,-9.114046406466514e-07,-7.903390997729018e-10,23.06363536635191,True
5,700.0,600.0,lane_b,W_battery_kg,1200.9646205370036,truth,1200.964621641027,0.0,-1.1040233403036837e-06,-9.192804853777621e-10,24.01929243282054,True
5,700.0,650.0,lane_b,W_battery_kg,1253.0149925498429,truth,1253.014992542412,0.0,7.430799087160267e-09,5.930335336277909e-12,25.060299850848242,True
5,700.0,700.0,lane_b,W_battery_kg,1309.990053519224,truth,1309.9900567939312,0.0,-3.2747072964411927e-06,-2.499795536201022e-09,26.199801135878626,True
5,700.0,750.0,lane_b,W_battery_kg,1371.5585781074938,truth,1371.5585800449305,0.0,-1.9374367639102275e-06,-1.4125803972928079e-09,27.43117160089861,True
5,700.0,800.0,lane_b,W_battery_kg,1432.6541465458477,truth,1432.6541465539765,0.0,-8.12883627077099e-09,-5.67396973674604e-12,28.65308293107953,True
5,750.0,250.0,lane_b,W_battery_kg,152.34192665482112,truth,152.34192372183733,0.0,2.9329837900604616e-06,1.9252637215057272e-08,5.0,True
5,750.0,300.0,lane_b,W_battery_kg,151.3818820089294,truth,151.3818757679367,0.0,6.2409927181761304e-06,4.12268158689179e-08,5.0,True
5,750.0,350.0,lane_b,W_battery_kg,150.4322649010243,truth,150.43230080757834,0.0,-3.5906554046505335e-05,-2.3868912363731174e-07,5.0,True
5,750.0,400.0,lane_b,W_battery_kg,181.3522854985033,truth,181.3522855206738,0.0,-2.2170496549733798e-08,-1.2225099058487688e-10,5.0,True
5,750.0,450.0,lane_b,W_battery_kg,159.46790763661213,truth,159.4679085257932,0.0,-8.89181080765411e-07,-5.575924892885831e-09,5.0,True
5,750.0,500.0,lane_b,W_battery_kg,147.86235227230708,truth,147.8623596420187,0.0,-7.369711624960473e-06,-4.984170172045726e-08,5.0,True
5,750.0,700.0,lane_b,W_battery_kg,1210.9971257845757,truth,1210.9971272204866,0.0,-1.4359109172801254e-06,-1.1857261136332066e-09,24.219942544409733,True
5,750.0,750.0,lane_b,W_battery_kg,1265.9619201121288,truth,1265.961939506116,0.0,-1.939398725880892e-05,-1.531956582073471e-08,25.319238790122323,True
5,750.0,800.0,lane_b,W_battery_kg,1326.408788393452,truth,1326.408505623221,0.0,0.0002827702310241875,2.1318487466372682e-07,26.52817011246442,True
5,800.0,250.0,lane_b,W_battery_kg,155.43747542530815,truth,155.43747515590627,0.0,2.6940188035950996e-07,1.7331848712113702e-09,5.0,True
5,800.0,300.0,lane_b,W_battery_kg,154.43961177734298,truth,154.43961022561288,0.0,1.5517300937517575e-06,1.0047487762271057e-08,5.0,True
5,800.0,350.0,lane_b,W_battery_kg,153.45285877768305,truth,153.45285966388494,0.0,-8.862018887612066e-07,-5.7750757509654535e-09,5.0,True
5,800.0,400.0,lane_b,W_battery_kg,185.42668691651852,truth,185.42668719695658,0.0,-2.8043805855304527e-07,-1.5123931878002516e-09,5.0,True
5,800.0,450.0,lane_b,W_battery_kg,163.0173749197879,truth,163.01729662515723,0.0,7.829463066855169e-05,4.802841924718133e-07,5.0,True
5,800.0,500.0,lane_b,W_battery_kg,150.77176266356932,truth,150.77175901307578,0.0,3.6504935394532367e-06,2.4212051138414092e-08,5.0,True
5,800.0,600.0,lane_b,W_battery_kg,1032.3686461899322,truth,1032.3685754867176,0.0,7.070321453284123e-05,6.84864070949735e-08,20.647371509734352,True
5,800.0,650.0,lane_b,W_battery_kg,1073.51085961388,truth,1073.5108595963698,0.0,1.7510274119558744e-08,1.631122215768031e-11,21.470217191927397,True
5,800.0,700.0,lane_b,W_battery_kg,1118.1178717515309,truth,1118.1178718652448,0.0,-1.1371389518899377e-07,-1.0170116948340715e-10,22.362357437304894,True
5,800.0,750.0,lane_b,W_battery_kg,1166.677012253246,truth,1166.6770145355008,0.0,-2.2822548544354504e-06,-1.956201095934083e-09,23.333540290710015,True
5,800.0,800.0,lane_b,W_battery_kg,1219.771730725319,truth,1219.7717307617067,0.0,-3.638774614955764e-08,-2.9831603103996116e-11,24.395434615234137,True
5,300.0,250.0,lane_b,S_ref_m2,34.03668610461674,truth,34.03668610301107,0.0,1.6056702634159592e-09,4.717469434469746e-11,0.6807337220602214,True
5,300.0,300.0,lane_b,S_ref_m2,34.03668610300117,truth,34.036686103213064,0.0,-2.1189094923101948e-10,-6.225369549446736e-12,0.6807337220642613,True
5,300.0,350.0,lane_b,S_ref_m2,34.03668610299589,truth,34.03668610576871,0.0,-2.772821972030215e-09,-8.146568568437287e-11,0.6807337221153742,True
5,300.0,400.0,lane_b,S_ref_m2,34.03668610301589,truth,34.03668610300639,0.0,9.49995637711254e-12,2.79109321875887e-13,0.6807337220601278,True
5,300.0,450.0,lane_b,S_ref_m2,33.131601109131466,truth,33.131601112029585,0.0,-2.898119078054151e-09,-8.747295575165812e-11,0.6626320222405917,True
5,300.0,500.0,lane_b,S_ref_m2,30.3407786647181,truth,30.34077866632581,0.0,-1.6077095210675907e-09,-5.29884067494923e-11,0.6068155733265163,True
5,300.0,550.0,lane_b,S_ref_m2,28.381612562837645,truth,28.38161255496186,0.0,7.875787133571066e-09,2.7749611190411974e-10,0.5676322510992372,True
5,300.0,600.0,lane_b,S_ref_m2,26.929900597276244,truth,26.92990059676738,0.0,5.088658383556321e-10,1.8895941948508922e-11,0.5385980119353476,True
5,300.0,650.0,lane_b,S_ref_m2,26.00217028361184,truth,25.81078074628479,0.0,0.19138953732704778,0.007415100659231179,0.5162156149256958,True
5,300.0,700.0,lane_b,S_ref_m2,24.921272330873062,truth,24.921272338817914,0.0,-7.944851887486948e-09,-3.187980043503587e-10,0.4984254467763583,True
5,300.0,750.0,lane_b,S_ref_m2,24.19704351427326,truth,24.197043515806406,0.0,-1.5331451663769258e-09,-6.336084676524297e-11,0.48394087031612815,True
5,300.0,800.0,lane_b,S_ref_m2,23.885393908858724,truth,23.885393756500065,0.0,1.523586590224113e-07,6.37873759066455e-09,0.4777078751300013,True
5,350.0,250.0,lane_b,S_ref_m2,23.88539375653867,truth,23.885393756509604,0.0,2.9064750606266898e-11,1.216842012426349e-12,0.4777078751301921,True
5,350.0,300.0,lane_b,S_ref_m2,34.03668610301168,truth,34.03668610316217,0.0,-1.5048584600663162e-10,-4.421283715768404e-12,0.6807337220632433,True
5,350.0,350.0,lane_b,S_ref_m2,34.036686103004286,truth,34.03668610299169,0.0,1.2597922705026576e-11,3.701277693987744e-13,0.6807337220598337,True
5,350.0,400.0,lane_b,S_ref_m2,34.036686103011235,truth,34.0366861029825,0.0,2.873434823413845e-11,8.442169765646067e-13,0.68073372205965,True
5,350.0,450.0,lane_b,S_ref_m2,34.036686103391695,truth,34.036686103013906,0.0,3.7778846717628767e-10,1.1099449165905578e-11,0.6807337220602782,True
5,350.0,500.0,lane_b,S_ref_m2,34.03668610306448,truth,34.03668610301291,0.0,5.157119176146807e-11,1.5151648901830962e-12,0.6807337220602583,True
5,350.0,550.0,lane_b,S_ref_m2,31.863545767058167,truth,31.863545767217662,0.0,-1.594955278960697e-10,-5.005580014894774e-12,0.6372709153443532,True
5,350.0,600.0,lane_b,S_ref_m2,29.763949053828288,truth,29.763949053777292,0.0,5.099565214550239e-11,1.7133362260956638e-12,0.5952789810755459,True
5,350.0,650.0,lane_b,S_ref_m2,28.190082036768395,truth,28.19008203511942,0.0,1.6489742904468585e-09,5.849483830492418e-11,0.5638016407023885,True
5,350.0,700.0,lane_b,S_ref_m2,26.966265270970748,truth,26.966265275016916,0.0,-4.0461678452174965e-09,-1.5004554037989446e-10,0.5393253055003383,True
5,350.0,750.0,lane_b,S_ref_m2,25.987044577852373,truth,25.98704456933024,0.0,8.522132333155241e-09,3.2793772721708465e-10,0.5197408913866048,True
5,350.0,800.0,lane_b,S_ref_m2,25.185414030004893,truth,25.185414049964947,0.0,-1.9960054942202987e-08,-7.925243914038716e-10,0.503708280999299,True
5,400.0,250.0,lane_b,S_ref_m2,24.162915580103828,truth,24.162915583619302,0.0,-3.515474134019314e-09,-1.4549047782969327e-10,0.48325831167238603,True
5,400.0,300.0,lane_b,S_ref_m2,23.885393756392208,truth,23.88539375596867,0.0,4.235367612182017e-10,1.773204015581133e-11,0.47770787511937346,True
5,400.0,350.0,lane_b,S_ref_m2,34.03668610300617,truth,34.03668610337326,0.0,-3.6709479900309816e-10,-1.0785268515512636e-11,0.6807337220674653,True
5,400.0,400.0,lane_b,S_ref_m2,34.03668610297204,truth,34.03668610291265,0.0,5.939426728218677e-11,1.7450073459737956e-12,0.680733722058253,True
5,400.0,450.0,lane_b,S_ref_m2,34.0366861029966,truth,34.03668610300838,0.0,-1.1780798558902461e-11,-3.461206100749391e-13,0.6807337220601676,True
5,400.0,500.0,lane_b,S_ref_m2,34.03668610384012,truth,34.03668610322084,0.0,6.192806267790729e-10,1.8194504156515735e-11,0.6807337220644167,True
5,400.0,550.0,lane_b,S_ref_m2,34.036686103002985,truth,34.036686103000335,0.0,2.6503244043851737e-12,7.786669937152159e-14,0.6807337220600067,True
5,400.0,600.0,lane_b,S_ref_m2,33.25543735949331,truth,33.255437343350266,0.0,1.6143040681981802e-08,4.854256016936656e-10,0.6651087468670054,True
5,400.0,650.0,lane_b,S_ref_m2,31.04114837270375,truth,31.04114837285484,0.0,-1.510898073320277e-10,-4.867403921955226e-12,0.6208229674570968,True
5,400.0,700.0,lane_b,S_ref_m2,29.365375186077024,truth,29.365375198702765,0.0,-1.2625740453131584e-08,-4.299533163699994e-10,0.5873075039740553,True
5,400.0,750.0,lane_b,S_ref_m2,28.05155085445027,truth,28.051550854422683,0.0,2.758682171588589e-11,9.834330322430811e-13,0.5610310170884537,True
5,400.0,800.0,lane_b,S_ref_m2,26.993704647047924,truth,26.99370464704794,0.0,-1.7763568394002505e-14,-6.580633753783457e-16,0.5398740929409589,True
5,450.0,250.0,lane_b,S_ref_m2,23.885393756979028,truth,23.885393756605257,0.0,3.737703480055643e-10,1.564849011133434e-11,0.47770787513210516,True
5,450.0,300.0,lane_b,S_ref_m2,24.06733812359205,truth,24.067338123537613,0.0,5.4438231700260076e-11,2.2619132793509905e-12,0.48134676247075225,True
5,450.0,350.0,lane_b,S_ref_m2,34.03668610300438,truth,34.03668610302267,0.0,-1.828937001846498e-11,-5.373428530352951e-13,0.6807337220604534,True
5,450.0,400.0,lane_b,S_ref_m2,34.03668610301876,truth,34.036686103001664,0.0,1.709565822238801e-11,5.022715246323689e-13,0.6807337220600332,True
5,450.0,450.0,lane_b,S_ref_m2,34.03668610291786,truth,34.036686102985165,0.0,-6.730260793119669e-11,-1.9773548966417726e-12,0.6807337220597033,True
5,450.0,500.0,lane_b,S_ref_m2,34.03668610301899,truth,34.03668610298977,0.0,2.921751729445532e-11,8.584125142514642e-13,0.6807337220597954,True
5,450.0,550.0,lane_b,S_ref_m2,34.036686103029005,truth,34.036686103267,0.0,-2.3799628934284556e-10,-6.9923461003449904e-12,0.68073372206534,True
5,450.0,600.0,lane_b,S_ref_m2,34.03668610488374,truth,34.03668610299046,0.0,1.8932837519969326e-09,5.5624796910842293e-11,0.6807337220598092,True
5,450.0,650.0,lane_b,S_ref_m2,34.03668610301217,truth,34.036686103008634,0.0,3.538502824085299e-12,1.0396143776677827e-13,0.6807337220601727,True
5,450.0,700.0,lane_b,S_ref_m2,32.22648741264418,truth,32.22648746716745,0.0,-5.4523269454875845e-08,-1.691877512571747e-09,0.6445297493433491,True
5,450.0,750.0,lane_b,S_ref_m2,30.464688043297304,truth,30.464688043297127,0.0,1.7763568394002505e-13,5.830871587707219e-15,0.6092937608659426,True
5,500.0,250.0,lane_b,S_ref_m2,24.14226776622416,truth,24.14226735308297,0.0,4.1314118703894565e-07,1.7112774910356025e-08,0.48284534706165944,True
5,500.0,300.0,lane_b,S_ref_m2,24.5299530341998,truth,24.52995320555654,0.0,-1.713567421290918e-07,-6.985612271379138e-09,0.49059906411113086,True
5,500.0,350.0,lane_b,S_ref_m2,24.12725372029792,truth,24.127253197258614,0.0,5.230393043120785e-07,2.1678360981908508e-08,0.4825450639451723,True
5,500.0,400.0,lane_b,S_ref_m2,34.0366861029989,truth,34.036686103908195,0.0,-9.092957498069154e-10,-2.6715166894655684e-11,0.680733722078164,True
5,500.0,450.0,lane_b,S_ref_m2,34.03668610380157,truth,34.036686103393684,0.0,4.078870574630855e-10,1.198374766051083e-11,0.6807337220678737,True
5,500.0,500.0,lane_b,S_ref_m2,34.03668610292372,truth,34.03668610300523,0.0,-8.151346264639869e-11,-2.3948707109650592e-12,0.6807337220601046,True
5,500.0,550.0,lane_b,S_ref_m2,34.03668610301347,truth,34.036686102999035,0.0,1.4438228390645236e-11,4.2419606735372095e-13,0.6807337220599807,True
5,500.0,600.0,lane_b,S_ref_m2,34.036686103145264,truth,34.036686104861275,0.0,-1.7160104448521452e-09,-5.0416495882278523e-11,0.6807337220972255,True
5,500.0,650.0,lane_b,S_ref_m2,34.03668610381752,truth,34.03668610294609,0.0,8.714309274182597e-10,2.5602696008141396e-11,0.6807337220589219,True
5,500.0,700.0,lane_b,S_ref_m2,34.03668610300951,truth,34.03668610297925,0.0,3.0254909688665066e-11,8.888911686974377e-13,0.680733722059585,True
5,500.0,750.0,lane_b,S_ref_m2,33.330970996875486,truth,33.3309710593492,0.0,-6.24737168664069e-08,-1.874344337438176e-09,0.666619421186984,True
5,500.0,800.0,lane_b,S_ref_m2,31.496055188334232,truth,31.496055188334296,0.0,-6.394884621840902e-14,-2.0303763705016236e-15,0.629921103766686,True
5,550.0,250.0,lane_b,S_ref_m2,24.6008842089911,truth,24.600884159619547,0.0,4.937155395623449e-08,2.006901607108662e-09,0.4920176831923909,True
5,550.0,300.0,lane_b,S_ref_m2,25.00799025938629,truth,25.007986833130413,0.0,3.426255876348705e-06,1.3700646514295282e-07,0.5001597366626083,True
5,550.0,350.0,lane_b,S_ref_m2,24.589119917367817,truth,24.589120437588107,0.0,-5.202202899567965e-07,-2.115652291334353e-08,0.49178240875176216,True
5,550.0,400.0,lane_b,S_ref_m2,24.28449014387111,truth,24.284490144173063,0.0,-3.019522409886122e-10,-1.2433954313883919e-11,0.48568980288346125,True
5,550.0,450.0,lane_b,S_ref_m2,34.03668610300988,truth,34.036686103059395,0.0,-4.951772325512138e-11,-1.4548338550112395e-12,0.6807337220611879,True
5,550.0,500.0,lane_b,S_ref_m2,34.0366861021013,truth,34.036686102988256,0.0,-8.869562861946179e-10,-2.6058832035259374e-11,0.6807337220597651,True
5,550.0,550.0,lane_b,S_ref_m2,34.03668610390582,truth,34.036686103815626,0.0,9.019629487738712e-11,2.6499728734542053e-12,0.6807337220763126,True
5,550.0,600.0,lane_b,S_ref_m2,34.036686104862824,truth,34.036686121088366,0.0,-1.6225541799030907e-08,-4.767074485837776e-10,0.6807337224217673,True
5,550.0,650.0,lane_b,S_ref_m2,34.036686102957646,truth,34.03668610313001,0.0,-1.723634568406851e-10,-5.064049311922719e-12,0.6807337220626002,True
5,550.0,700.0,lane_b,S_ref_m2,34.036686102981335,truth,34.03668610384123,0.0,-8.598917133895156e-10,-2.526367316624494e-11,0.6807337220768246,True
5,550.0,750.0,lane_b,S_ref_m2,34.03668610741832,truth,34.03668610299455,0.0,4.423768018568808e-09,1.299705854201712e-10,0.680733722059891,True
5,550.0,800.0,lane_b,S_ref_m2,34.03668610300588,truth,34.036686103006716,0.0,-8.384404281969182e-13,-2.463343304514162e-14,0.6807337220601343,True
5,600.0,250.0,lane_b,S_ref_m2,25.07466757056996,truth,25.074667562157714,0.0,8.412246899069942e-09,3.354878734968981e-10,0.5014933512431543,True
5,600.0,300.0,lane_b,S_ref_m2,24.923467667054023,truth,24.923467688007165,0.0,-2.0953141444124412e-08,-8.406992841612798e-10,0.4984693537601433,True
5,600.0,350.0,lane_b,S_ref_m2,25.066368414676468,truth,25.066368432573192,0.0,-1.7896724102683947e-08,-7.139735518858627e-10,0.5013273686514639,True
5,600.0,400.0,lane_b,S_ref_m2,24.74950478068252,truth,24.749504724033503,0.0,5.664901792101773e-08,2.2888950123518053e-09,0.49499009448067005,True
5,600.0,450.0,lane_b,S_ref_m2,28.1220183288848,truth,26.815363946047544,0.0,1.3066543828372552,0.04872782578920954,0.5363072789209509,False
5,600.0,500.0,lane_b,S_ref_m2,34.03668610315636,truth,34.036686103284254,0.0,-1.2789058700946043e-10,-3.757433570982108e-12,0.680733722065685,True
5,600.0,550.0,lane_b,S_ref_m2,34.03668610827163,truth,34.03668610336195,0.0,4.90967977384571e-09,1.4424670365781467e-10,0.680733722067239,True
5,600.0,600.0,lane_b,S_ref_m2,34.0366861025904,truth,34.03668610284627,0.0,-2.558664391472121e-10,-7.517372236946875e-12,0.6807337220569254,True
5,600.0,650.0,lane_b,S_ref_m2,34.03668610269914,truth,34.03668610301445,0.0,-3.1531044442090206e-10,-9.26384088822844e-12,0.680733722060289,True
5,600.0,700.0,lane_b,S_ref_m2,34.03668610288564,truth,34.03668610300445,0.0,-1.1880985084644635e-10,-3.490640965659665e-12,0.680733722060089,True
5,600.0,750.0,lane_b,S_ref_m2,34.03668610301378,truth,34.036686103158736,0.0,-1.4495782352241804e-10,-4.25887006399737e-12,0.6807337220631747,True
5,600.0,800.0,lane_b,S_ref_m2,34.03668609640969,truth,34.03668610495191,0.0,-8.542222929008858e-09,-2.5097105231305325e-10,0.6807337220990383,True
5,650.0,250.0,lane_b,S_ref_m2,25.56449902864693,truth,25.564499134927324,0.0,-1.0628039248672394e-07,-4.1573430375375155e-09,0.5112899826985465,True
5,650.0,300.0,lane_b,S_ref_m2,25.4077787065583,truth,25.407778707287832,0.0,-7.295319903732889e-10,-2.8712938615292402e-11,0.5081555741457566,True
5,650.0,350.0,lane_b,S_ref_m2,25.55990406877141,truth,25.55990393448988,0.0,1.3428152811911787e-07,5.253600657626956e-09,0.5111980786897976,True
5,650.0,450.0,lane_b,S_ref_m2,24.97968075605688,truth,24.979680756445724,0.0,-3.8884451214471483e-10,-1.5566432411045843e-11,0.4995936151289145,True
5,650.0,500.0,lane_b,S_ref_m2,34.036686103010084,truth,34.03668611675977,0.0,-1.3749684057984268e-08,-4.0396659095474873e-10,0.6807337223351954,True
5,650.0,550.0,lane_b,S_ref_m2,34.036686103034285,truth,34.03668610305197,0.0,-1.7685408693068894e-11,-5.195984309260675e-13,0.6807337220610394,True
5,650.0,600.0,lane_b,S_ref_m2,34.036686108576674,truth,34.03668610323221,0.0,5.344460873857315e-09,1.5702059999753593e-10,0.6807337220646443,True
5,650.0,650.0,lane_b,S_ref_m2,34.0366861028393,truth,34.036686108639664,0.0,-5.800366409403068e-09,-1.7041513356762247e-10,0.6807337221727933,True
5,650.0,700.0,lane_b,S_ref_m2,34.03668610301381,truth,34.03668610298968,0.0,2.4130031306413002e-11,7.089418527232442e-13,0.6807337220597935,True
5,650.0,750.0,lane_b,S_ref_m2,34.03668610299136,truth,34.036686102836214,0.0,1.5514700635321788e-10,4.558228902909845e-12,0.6807337220567243,True
5,650.0,800.0,lane_b,S_ref_m2,34.036686102945104,truth,34.03668610293773,0.0,7.37543359718984e-12,2.1669070763482057e-13,0.6807337220587546,True
5,700.0,250.0,lane_b,S_ref_m2,26.07130421504507,truth,26.07130396090709,0.0,2.541379799936294e-07,9.74780472717051e-09,0.5214260792181419,True
5,700.0,300.0,lane_b,S_ref_m2,25.90875159813429,truth,25.90875159733838,0.0,7.959108927479974e-10,3.0719770103850227e-11,0.5181750319467676,True
5,700.0,350.0,lane_b,S_ref_m2,26.070674643618425,truth,26.070674791783564,0.0,-1.4816513882465188e-07,-5.68321073420576e-09,0.5214134958356713,True
5,700.0,400.0,lane_b,S_ref_m2,25.72714484874279,truth,25.72714484816969,0.0,5.730989016683452e-10,2.2276039764634718e-11,0.5145428969633938,True
5,700.0,500.0,lane_b,S_ref_m2,25.314006140680043,truth,25.314006105397276,0.0,3.5282766930322396e-08,1.3938041566166665e-09,0.5062801221079455,True
5,700.0,550.0,lane_b,S_ref_m2,34.03668610301281,truth,34.03668611093872,0.0,-7.925905265437905e-09,-2.328636001637855e-10,0.6807337222187744,True
5,700.0,600.0,lane_b,S_ref_m2,34.036686102960786,truth,34.03668610274968,0.0,2.1110935222168337e-10,6.202406179743473e-12,0.6807337220549935,True
5,700.0,650.0,lane_b,S_ref_m2,34.03668610464712,truth,34.0366861029976,0.0,1.649517855639715e-09,4.846293938981452e-11,0.680733722059952,True
5,700.0,700.0,lane_b,S_ref_m2,34.036686102875144,truth,34.036686102784685,0.0,9.045919568961835e-11,2.657696916099523e-12,0.6807337220556937,True
5,700.0,750.0,lane_b,S_ref_m2,34.03668610296459,truth,34.03668610950765,0.0,-6.543061203956313e-09,-1.922355538052397e-10,0.6807337221901529,True
5,700.0,800.0,lane_b,S_ref_m2,34.03668610287883,truth,34.03668610299796,0.0,-1.191295950775384e-10,-3.5000350714826326e-12,0.6807337220599593,True
5,750.0,250.0,lane_b,S_ref_m2,26.596060398851204,truth,26.596060328835943,0.0,7.001526114436274e-08,2.6325425750539033e-09,0.5319212065767188,True
5,750.0,300.0,lane_b,S_ref_m2,26.42734137334933,truth,26.427341326735558,0.0,4.661377062120664e-08,1.7638463909363907e-09,0.5285468265347112,True
5,750.0,350.0,lane_b,S_ref_m2,26.26042371772317,truth,26.260423922727366,0.0,-2.0500419495306232e-07,-7.80658360871468e-09,0.5252084784545473,True
5,750.0,400.0,lane_b,S_ref_m2,26.24163184177278,truth,26.241631843777707,0.0,-2.0049277793532383e-09,-7.64025572528805e-11,0.5248326368755541,True
5,750.0,450.0,lane_b,S_ref_m2,25.97007590734376,truth,25.97007591520131,0.0,-7.857551054257783e-09,-3.025617283489899e-10,0.5194015183040263,True
5,750.0,500.0,lane_b,S_ref_m2,25.8084771952042,truth,25.808477262734524,0.0,-6.753032266715309e-08,-2.6165946165549928e-09,0.5161695452546905,True
5,750.0,700.0,lane_b,S_ref_m2,34.03668610303647,truth,34.03668610851782,0.0,-5.4813469319014985e-09,-1.6104232105398089e-10,0.6807337221703564,True
5,750.0,750.0,lane_b,S_ref_m2,34.036686102501704,truth,34.03668613989037,0.0,-3.738866638514082e-08,-1.0984813924444305e-09,0.6807337227978074,True
5,750.0,800.0,lane_b,S_ref_m2,34.03668610409487,truth,34.03668610296548,0.0,1.1293863622086064e-09,3.3181443069753124e-11,0.6807337220593097,True
5,800.0,250.0,lane_b,S_ref_m2,27.13982506903057,truth,27.139825048434997,0.0,2.0595575023207857e-08,7.588691152743997e-10,0.5427965009686999,True
5,800.0,300.0,lane_b,S_ref_m2,26.96457898248667,truth,26.96457895300474,0.0,2.9481931562713726e-08,1.0933577570076789e-09,0.5392915790600948,True
5,800.0,350.0,lane_b,S_ref_m2,26.79124905475473,truth,26.7912490611929,0.0,-6.438170885303407e-09,-2.4030872433749613e-10,0.535824981223858,True
5,800.0,400.0,lane_b,S_ref_m2,26.774557470489896,truth,26.774557474065197,0.0,-3.5753018323703145e-09,-1.335335546006122e-10,0.5354911494813039,True
5,800.0,450.0,lane_b,S_ref_m2,26.49148774728888,truth,26.491486773800958,0.0,9.734879213851855e-07,3.6747198437647784e-08,0.5298297354760192,True
5,800.0,500.0,lane_b,S_ref_m2,26.32009941403232,truth,26.320099335668626,0.0,7.836369420033407e-08,2.977332767666902e-09,0.5264019867133726,True
5,800.0,600.0,lane_b,S_ref_m2,34.03662194272677,truth,34.03662131534676,0.0,6.273800110534467e-07,1.8432499666780014e-08,0.6807324263069352,True
5,800.0,650.0,lane_b,S_ref_m2,34.03668610247307,truth,34.036686103015676,0.0,-5.426059601632005e-10,-1.5941797580438515e-11,0.6807337220603136,True
5,800.0,700.0,lane_b,S_ref_m2,34.03668610273411,truth,34.03668610306095,0.0,-3.268425530222885e-10,-9.602654971539525e-12,0.6807337220612191,True
5,800.0,750.0,lane_b,S_ref_m2,34.03668610243895,truth,34.03668611622255,0.0,-1.3783598262762098e-08,-4.049629924516231e-10,0.680733722324451,True
5,800.0,800.0,lane_b,S_ref_m2,34.036686103172926,truth,34.03668610294643,0.0,2.2649260245088954e-10,6.654367048714619e-12,0.6807337220589287,True
5,300.0,250.0,lane_b,cruise_hybridization,0.552010905324645,truth,0.5520109047681359,0.0,5.565091720782789e-10,1.0081488740010172e-09,0.011040218095362717,True
5,300.0,300.0,lane_b,cruise_hybridization,0.6598915111747241,truth,0.6598915114980685,0.0,-3.233443512939971e-10,-4.899962276525564e-10,0.01319783022996137,True
5,300.0,350.0,lane_b,cruise_hybridization,0.7699725766640735,truth,0.7699725746745429,0.0,1.989530540313922e-09,2.5838979279942142e-09,0.015399451493490859,True
5,300.0,400.0,lane_b,cruise_hybridization,0.8921091547242489,truth,0.89210915535826,0.0,-6.340110658697995e-10,-7.106877696095255e-10,0.0178421831071652,True
5,300.0,450.0,lane_b,cruise_hybridization,0.999,truth,0.999,0.0,0.0,0.0,0.01998,True
5,300.0,500.0,lane_b,cruise_hybridization,0.999,truth,0.999,0.0,0.0,0.0,0.01998,True
5,300.0,550.0,lane_b,cruise_hybridization,0.999,truth,0.9989999999607251,0.0,3.927491665223215e-11,3.9314230884660873e-11,0.0199799999992145,True
5,300.0,600.0,lane_b,cruise_hybridization,0.999,truth,0.999,0.0,0.0,0.0,0.01998,True
5,300.0,650.0,lane_b,cruise_hybridization,0.999,truth,0.9989999999848228,0.0,1.517719283583574e-11,1.5192385221287605e-11,0.019979999999696456,True
5,300.0,700.0,lane_b,cruise_hybridization,0.999,truth,0.999,0.0,0.0,0.0,0.01998,True
5,300.0,750.0,lane_b,cruise_hybridization,0.999,truth,0.999,0.0,0.0,0.0,0.01998,True
5,300.0,800.0,lane_b,cruise_hybridization,0.999,truth,0.999,0.0,0.0,0.0,0.01998,True
5,350.0,250.0,lane_b,cruise_hybridization,0.0106321869018678,truth,0.01063218771198132,0.0,-8.101135214044763e-10,-7.619443367159201e-08,0.01,True
5,350.0,300.0,lane_b,cruise_hybridization,0.5408983937986017,truth,0.5408983946129439,0.0,-8.143421492690095e-10,-1.5055362659224319e-09,0.010817967892258877,True
5,350.0,350.0,lane_b,cruise_hybridization,0.6412066694307603,truth,0.6412066708155896,0.0,-1.384829251271924e-09,-2.159723712029502e-09,0.012824133416311792,True
5,350.0,400.0,lane_b,cruise_hybridization,0.7378689818844076,truth,0.7378689850813616,0.0,-3.1969539238119182e-09,-4.332685054460453e-09,0.014757379701627231,True
5,350.0,450.0,lane_b,cruise_hybridization,0.8442960589078617,truth,0.8442960540608628,0.0,4.846998913343725e-09,5.740875952257287e-09,0.016885921081217257,True
5,350.0,500.0,lane_b,cruise_hybridization,0.965068419164536,truth,0.965068415704678,0.0,3.4598579556899267e-09,3.585090859246069e-09,0.019301368314093563,True
5,350.0,550.0,lane_b,cruise_hybridization,0.999,truth,0.999,0.0,0.0,0.0,0.01998,True
5,350.0,600.0,lane_b,cruise_hybridization,0.999,truth,0.999,0.0,0.0,0.0,0.01998,True
5,350.0,650.0,lane_b,cruise_hybridization,0.999,truth,0.999,0.0,0.0,0.0,0.01998,True
5,350.0,700.0,lane_b,cruise_hybridization,0.999,truth,0.999,0.0,0.0,0.0,0.01998,True
5,350.0,750.0,lane_b,cruise_hybridization,0.999,truth,0.9989999999856386,0.0,1.4361400957341175e-11,1.4375776734281914e-11,0.019979999999712773,True
5,350.0,800.0,lane_b,cruise_hybridization,0.999,truth,0.999,0.0,0.0,0.0,0.01998,True
5,400.0,250.0,lane_b,cruise_hybridization,0.001,truth,0.0010000002603602232,0.0,-2.6036022318133567e-10,-2.603601553939075e-07,0.01,True
5,400.0,300.0,lane_b,cruise_hybridization,0.0158261339812198,truth,0.015826130750405485,0.0,3.230814313998076e-09,2.0414429559261026e-07,0.01,True
5,400.0,350.0,lane_b,cruise_hybridization,0.5295982613639001,truth,0.5295982640032235,0.0,-2.639323426478768e-09,-4.983633077888456e-09,0.01059196528006447,True
5,400.0,400.0,lane_b,cruise_hybridization,0.6240616098932538,truth,0.6240616075515864,0.0,2.3416674155285477e-09,3.752301675335764e-09,0.012481232151031727,True
5,400.0,450.0,lane_b,cruise_hybridization,0.7102851425211314,truth,0.710285137213976,0.0,5.3071553818284656e-09,7.47186602080013e-09,0.01420570274427952,True
5,400.0,500.0,lane_b,cruise_hybridization,0.8047935615302804,truth,0.8047935570404188,0.0,4.489861593626188e-09,5.578898531615227e-09,0.016095871140808377,True
5,400.0,550.0,lane_b,cruise_hybridization,0.9100304466989896,truth,0.9100304456882411,0.0,1.0107484849086745e-09,1.110675461131701e-09,0.01820060891376482,True
5,400.0,600.0,lane_b,cruise_hybridization,0.999,truth,0.999,0.0,0.0,0.0,0.01998,True
5,400.0,650.0,lane_b,cruise_hybridization,0.999,truth,0.999,0.0,0.0,0.0,0.01998,True
5,400.0,700.0,lane_b,cruise_hybridization,0.999,truth,0.999,0.0,0.0,0.0,0.01998,True
5,400.0,750.0,lane_b,cruise_hybridization,0.999,truth,0.999,0.0,0.0,0.0,0.01998,True
5,400.0,800.0,lane_b,cruise_hybridization,0.999,truth,0.999,0.0,0.0,0.0,0.01998,True
5,450.0,250.0,lane_b,cruise_hybridization,0.0010000000407284,truth,0.001,0.0,4.072840003623013e-11,4.072840003623013e-08,0.01,True
5,450.0,300.0,lane_b,cruise_hybridization,0.001,truth,0.001000000807747266,0.0,-8.077472659923784e-10,-8.077466135372598e-07,0.01,True
5,450.0,350.0,lane_b,cruise_hybridization,0.416524376685882,truth,0.41652437482847465,0.0,1.8574073390453805e-09,4.459300466653995e-09,0.01,True
5,450.0,400.0,lane_b,cruise_hybridization,0.5179442518871623,truth,0.5179442523664503,0.0,-4.792879426673835e-10,-9.253658873084336e-10,0.010358885047329005,True
5,450.0,450.0,lane_b,cruise_hybridization,0.6078312349696365,truth,0.6078312274116009,0.0,7.55803564178592e-09,1.2434431304181576e-08,0.012156624548232018,True
5,450.0,500.0,lane_b,cruise_hybridization,0.6856840819924527,truth,0.6856840768233898,0.0,5.169062844423422e-09,7.53854875611295e-09,0.013713681536467797,True
5,450.0,550.0,lane_b,cruise_hybridization,0.7707803424723105,truth,0.7707803496004126,0.0,-7.128102108566736e-09,-9.247903260977114e-09,0.015415606992008253,True
5,450.0,600.0,lane_b,cruise_hybridization,0.8647568179981068,truth,0.8647568136122268,0.0,4.385879992518937e-09,5.071807383856762e-09,0.017295136272244535,True
5,450.0,650.0,lane_b,cruise_hybridization,0.972472061408542,truth,0.972472061641972,0.0,-2.334299420425623e-10,-2.400376846286228e-10,0.01944944123283944,True
5,450.0,700.0,lane_b,cruise_hybridization,0.999,truth,0.999,0.0,0.0,0.0,0.01998,True
5,450.0,750.0,lane_b,cruise_hybridization,0.999,truth,0.9989999999588727,0.0,4.1127323768819224e-11,4.116849226277515e-11,0.019979999999177454,True
5,500.0,250.0,lane_b,cruise_hybridization,0.001,truth,0.001000003733986903,0.0,-3.733986902879419e-09,-3.733972960273289e-06,0.01,True
5,500.0,300.0,lane_b,cruise_hybridization,0.0010000000000369,truth,0.001,0.0,3.6899953578806155e-14,3.6899953578806155e-11,0.01,True
5,500.0,350.0,lane_b,cruise_hybridization,0.001,truth,0.001,0.0,0.0,0.0,0.01,True
5,500.0,400.0,lane_b,cruise_hybridization,0.4172541043602919,truth,0.41725410282162356,0.0,1.5386683593909822e-09,3.6876051043859097e-09,0.01,True
5,500.0,450.0,lane_b,cruise_hybridization,0.5058349346764538,truth,0.5058349293486353,0.0,5.327818519695882e-09,1.0532721665853572e-08,0.010116698586972705,True
5,500.0,500.0,lane_b,cruise_hybridization,0.5920997076367114,truth,0.5920997052767513,0.0,2.3599601162160866e-09,3.985747831293085e-09,0.011841994105535025,True
5,500.0,550.0,lane_b,cruise_hybridization,0.6630704019731961,truth,0.6630703954718113,0.0,6.501384763879514e-09,9.804969137935073e-09,0.013261407909436227,True
5,500.0,600.0,lane_b,cruise_hybridization,0.7404938391915059,truth,0.7404938214862683,0.0,1.7705237609355606e-08,2.391004096944235e-08,0.014809876429725366,True
5,500.0,650.0,lane_b,cruise_hybridization,0.8256286994854711,truth,0.8256286994426361,0.0,4.283506882529764e-11,5.1881758536512434e-11,0.01651257398885272,True
5,500.0,700.0,lane_b,cruise_hybridization,0.9210021452399046,truth,0.9210021480931735,0.0,-2.8532688434168563e-09,-3.09800454789841e-09,0.018420042961863472,True
5,500.0,750.0,lane_b,cruise_hybridization,0.999,truth,0.999,0.0,0.0,0.0,0.01998,True
5,500.0,800.0,lane_b,cruise_hybridization,0.999,truth,0.999,0.0,0.0,0.0,0.01998,True
5,550.0,250.0,lane_b,cruise_hybridization,0.0010000000129827,truth,0.001000000000001127,0.0,1.2981573064771434e-11,1.2981573064756805e-08,0.01,True
5,550.0,300.0,lane_b,cruise_hybridization,0.0010000005652428,truth,0.001,0.0,5.6524280004841e-10,5.6524280004841e-07,0.01,True
5,550.0,350.0,lane_b,cruise_hybridization,0.001,truth,0.001,0.0,0.0,0.0,0.01,True
5,550.0,400.0,lane_b,cruise_hybridization,0.0010000013425007,truth,0.001,0.0,1.3425007000175682e-09,1.3425007000175682e-06,0.01,True
5,550.0,450.0,lane_b,cruise_hybridization,0.4146271642662912,truth,0.4146271638409048,0.0,4.2538639277722723e-10,1.0259491655989303e-09,0.01,True
5,550.0,500.0,lane_b,cruise_hybridization,0.4931939371984097,truth,0.4931939335047265,0.0,3.6936831926404068e-09,7.489311894800523e-09,0.01,True
5,550.0,550.0,lane_b,cruise_hybridization,0.576572357839958,truth,0.5765723677638198,0.0,-9.92386184339722e-09,-1.721182352509531e-08,0.011531447355276397,True
5,550.0,600.0,lane_b,cruise_hybridization,0.6417641219749813,truth,0.6417641140142644,0.0,7.960716974508841e-09,1.2404428357195273e-08,0.012835282280285288,True
5,550.0,650.0,lane_b,cruise_hybridization,0.7127949118317456,truth,0.7127949067379893,0.0,5.093756305640795e-09,7.146173825724557e-09,0.014255898134759786,True
5,550.0,700.0,lane_b,cruise_hybridization,0.7907126655450263,truth,0.7907126962242649,0.0,-3.067923859401134e-08,-3.879947639706291e-08,0.015814253924485298,True
5,550.0,750.0,lane_b,cruise_hybridization,0.8772350616795965,truth,0.8772350425751055,0.0,1.9104490989185763e-08,2.1778075500842875e-08,0.017544700851502112,True
5,550.0,800.0,lane_b,cruise_hybridization,0.9777725687604149,truth,0.9777725742383465,0.0,-5.4779316638331466e-09,-5.602459925919153e-09,0.01955545148476693,True
5,600.0,250.0,lane_b,cruise_hybridization,0.001,truth,0.001,0.0,0.0,0.0,0.01,True
5,600.0,300.0,lane_b,cruise_hybridization,0.001,truth,0.001,0.0,0.0,0.0,0.01,True
5,600.0,350.0,lane_b,cruise_hybridization,0.001000000057292,truth,0.0010000013167152922,0.0,-1.2594232922172321e-09,-1.2594216339175075e-06,0.01,True
5,600.0,400.0,lane_b,cruise_hybridization,0.001,truth,0.0010000001919046445,0.0,-1.919046445190975e-10,-1.91904607691712e-07,0.01,True
5,600.0,450.0,lane_b,cruise_hybridization,0.1588123012988407,truth,0.1066044489740738,0.0,0.05220785232476689,0.48973427307394873,0.01,False
5,600.0,500.0,lane_b,cruise_hybridization,0.4094513815932785,truth,0.40945138448979884,0.0,-2.896520356898691e-09,-7.074149622202231e-09,0.01,True
5,600.0,550.0,lane_b,cruise_hybridization,0.4799545707129233,truth,0.479954561730335,0.0,8.982588284300874e-09,1.8715497258567132e-08,0.01,True
5,600.0,600.0,lane_b,cruise_hybridization,0.5569016124127085,truth,0.5569015711742286,0.0,4.123847996417851e-08,7.404985386776168e-08,0.011138031423484572,True
5,600.0,650.0,lane_b,cruise_hybridization,0.6212766749332894,truth,0.6212766786589691,0.0,-3.72567965367665e-09,-5.996812340869709e-09,0.012425533573179381,True
5,600.0,700.0,lane_b,cruise_hybridization,0.6868776322163902,truth,0.686877619057977,0.0,1.3158413247893463e-08,1.9156852520452856e-08,0.01373755238115954,True
5,600.0,750.0,lane_b,cruise_hybridization,0.7587430809237775,truth,0.7587430993727058,0.0,-1.844892827396194e-08,-2.4315118370387385e-08,0.015174861987454116,True
5,600.0,800.0,lane_b,cruise_hybridization,0.838178530251141,truth,0.8381785469904098,0.0,-1.6739268859922163e-08,-1.9971006082208507e-08,0.0167635709398082,True
5,650.0,250.0,lane_b,cruise_hybridization,0.001000006336503,truth,0.0010000003141354657,0.0,6.022367534351536e-09,6.0223656425129e-06,0.01,True
5,650.0,300.0,lane_b,cruise_hybridization,0.001,truth,0.0010000045312587083,0.0,-4.531258708312044e-09,-4.5312381760995995e-06,0.01,True
5,650.0,350.0,lane_b,cruise_hybridization,0.0010000005192064,truth,0.001,0.0,5.192063998789992e-10,5.192063998789992e-07,0.01,True
5,650.0,450.0,lane_b,cruise_hybridization,0.0010000000042998,truth,0.001000000010946548,0.0,-6.646748039115802e-12,-6.646747966356856e-09,0.01,True
5,650.0,500.0,lane_b,cruise_hybridization,0.3433985030422655,truth,0.34339849589068955,0.0,7.1515759425544445e-09,2.0825880218272508e-08,0.01,True
5,650.0,550.0,lane_b,cruise_hybridization,0.4022155744436971,truth,0.40221554462412296,0.0,2.981957414327496e-08,7.413829361354456e-08,0.01,True
5,650.0,600.0,lane_b,cruise_hybridization,0.4660524337848335,truth,0.4660524479037924,0.0,-1.411895889091852e-08,-3.029478539255116e-08,0.01,True
5,650.0,650.0,lane_b,cruise_hybridization,0.5356332237137156,truth,0.5356332473823818,0.0,-2.3668666249143655e-08,-4.4188194748573726e-08,0.010712664947647636,True
5,650.0,700.0,lane_b,cruise_hybridization,0.6012399953994867,truth,0.6012400337209503,0.0,-3.832146355797761e-08,-6.373737843239412e-08,0.012024800674419005,True
5,650.0,750.0,lane_b,cruise_hybridization,0.6621475604566941,truth,0.6621475780833368,0.0,-1.7626642700996342e-08,-2.6620414065424374e-08,0.013242951561666737,True
5,650.0,800.0,lane_b,cruise_hybridization,0.7288193007160245,truth,0.7288193018770764,0.0,-1.1610519212723602e-09,-1.5930586885968405e-09,0.014576386037541529,True
5,700.0,250.0,lane_b,cruise_hybridization,0.0010000017244889,truth,0.0010000000000001757,0.0,1.7244887243455381e-09,1.724488724345235e-06,0.01,True
5,700.0,300.0,lane_b,cruise_hybridization,0.001,truth,0.0010000146597591909,0.0,-1.4659759190859684e-08,-1.4659544285470611e-05,0.01,True
5,700.0,350.0,lane_b,cruise_hybridization,0.0010000005275719,truth,0.0010000000000504148,0.0,5.275214852613896e-10,5.275214852347948e-07,0.01,True
5,700.0,400.0,lane_b,cruise_hybridization,0.001000002334268,truth,0.0010000006134261647,0.0,1.7208418353481525e-09,1.720840779739393e-06,0.01,True
5,700.0,500.0,lane_b,cruise_hybridization,0.0033089727294989,truth,0.003308971771894581,0.0,9.576043187575767e-10,2.893963396397582e-07,0.01,True
5,700.0,550.0,lane_b,cruise_hybridization,0.3395700425277724,truth,0.3395700544045091,0.0,-1.1876736705218605e-08,-3.497580705709277e-08,0.01,True
5,700.0,600.0,lane_b,cruise_hybridization,0.3932218496299054,truth,0.3932218509959348,0.0,-1.3660294007067364e-09,-3.473940721368657e-09,0.01,True
5,700.0,650.0,lane_b,cruise_hybridization,0.4514217895270085,truth,0.4514217867345905,0.0,2.7924180190375125e-09,6.185829087330449e-09,0.01,True
5,700.0,700.0,lane_b,cruise_hybridization,0.5148122625775569,truth,0.51481225995085,0.0,2.6267068520269277e-09,5.102261652194732e-09,0.010296245199017,True
5,700.0,750.0,lane_b,cruise_hybridization,0.5813637170344869,truth,0.5813637380600383,0.0,-2.1025551411035792e-08,-3.6165914787180024e-08,0.011627274761200766,True
5,700.0,800.0,lane_b,cruise_hybridization,0.6381490193538777,truth,0.6381490113612247,0.0,7.992652983901394e-09,1.252474397296707e-08,0.012762980227224495,True
5,750.0,250.0,lane_b,cruise_hybridization,0.0010000000258121,truth,0.0010000000002919102,0.0,2.5520189910963054e-11,2.5520189903513452e-08,0.01,True
5,750.0,300.0,lane_b,cruise_hybridization,0.0010000044193936,truth,0.0010000000001876648,0.0,4.4192059352188284e-09,4.419205934389499e-06,0.01,True
5,750.0,350.0,lane_b,cruise_hybridization,0.0010000002630658,truth,0.0010000049269030854,0.0,-4.663837285335051e-09,-4.663814307173951e-06,0.01,True
5,750.0,400.0,lane_b,cruise_hybridization,0.0010000163477241,truth,0.0010000030746851385,0.0,1.3273038961545205e-08,1.3272998151255047e-05,0.01,True
5,750.0,450.0,lane_b,cruise_hybridization,0.0010000036433007,truth,0.0010000017714424808,0.0,1.871858219208017e-09,1.8718549033247232e-06,0.01,True
5,750.0,500.0,lane_b,cruise_hybridization,0.0030068384684741,truth,0.003006860014648338,0.0,-2.1546174238003257e-08,-7.165672539805e-06,0.01,True
5,750.0,700.0,lane_b,cruise_hybridization,0.4359927930354611,truth,0.4359928211802039,0.0,-2.8144742758584584e-08,-6.45532251709985e-08,0.01,True
5,750.0,750.0,lane_b,cruise_hybridization,0.4940714556921917,truth,0.494071430317517,0.0,2.5374674694766952e-08,5.1358312053096885e-08,0.01,True
5,750.0,800.0,lane_b,cruise_hybridization,0.5576027214993229,truth,0.5576023076371648,0.0,4.1386215809957605e-07,7.422174414114489e-07,0.011152046152743296,True
5,800.0,250.0,lane_b,cruise_hybridization,0.0010000022263519,truth,0.0010000000000006824,0.0,2.226351217531758e-09,2.2263512175302388e-06,0.01,True
5,800.0,300.0,lane_b,cruise_hybridization,0.0010000051469439,truth,0.0010000000023852396,0.0,5.144558660368295e-09,5.14455864809729e-06,0.01,True
5,800.0,350.0,lane_b,cruise_hybridization,0.0010000009508983,truth,0.0010000000000159315,0.0,9.508823685042134e-10,9.508823684890644e-07,0.01,True
5,800.0,400.0,lane_b,cruise_hybridization,0.001,truth,0.001,0.0,0.0,0.0,0.01,True
5,800.0,450.0,lane_b,cruise_hybridization,0.0010000015193274,truth,0.0010000000000137375,0.0,1.5193136625093334e-09,1.5193136624884619e-06,0.01,True
5,800.0,500.0,lane_b,cruise_hybridization,0.0027506662504368,truth,0.0027506649962253985,0.0,1.2542114014024719e-09,4.5596661284582605e-07,0.01,True
5,800.0,600.0,lane_b,cruise_hybridization,0.2835646932286382,truth,0.28356467638848293,0.0,1.684015527025906e-08,5.938735206633455e-08,0.01,True
5,800.0,650.0,lane_b,cruise_hybridization,0.3253988555643362,truth,0.3253988069927616,0.0,4.8571574595701605e-08,1.492678324317952e-07,0.01,True
5,800.0,700.0,lane_b,cruise_hybridization,0.3706254330534144,truth,0.37062546103062116,0.0,-2.7977206773499574e-08,-7.548646737787961e-08,0.01,True
5,800.0,750.0,lane_b,cruise_hybridization,0.4196897227228646,truth,0.4196898369995861,0.0,-1.1427672153008217e-07,-2.722885127432687e-07,0.01,True
5,800.0,800.0,lane_b,cruise_hybridization,0.4731227170513092,truth,0.47312272883955203,0.0,-1.1788242826327178e-08,-2.4915824389246096e-08,0.01,True
5,300.0,250.0,lane_b,electric_percent,46.9412144603376,truth,46.9412144090594,0.0,5.1278199464377394e-08,1.0923918375337342e-09,1.0,True
5,300.0,300.0,lane_b,electric_percent,59.10625101585977,truth,59.10625104773508,0.0,-3.187530950299333e-08,-5.392882975651825e-10,1.1821250209547016,True
5,300.0,350.0,lane_b,electric_percent,72.34578009946902,truth,72.34577991141084,0.0,1.8805818058353907e-07,2.5994353895116047e-09,1.446915598228217,True
5,300.0,400.0,lane_b,electric_percent,87.03697742414754,truth,87.0369774859,0.0,-6.175245914619154e-08,-7.094968245674139e-10,1.740739549718,True
5,300.0,450.0,lane_b,electric_percent,99.92389299274326,truth,99.92389299274332,0.0,-5.684341886080802e-14,-5.688671363608311e-16,1.9984778598548665,True
5,300.0,500.0,lane_b,electric_percent,99.92396330619798,truth,99.92396330619955,0.0,-1.5774048733874224e-12,-1.5786051925840255e-14,1.9984792661239912,True
5,300.0,550.0,lane_b,electric_percent,99.92400700065775,truth,99.92400699686215,0.0,3.7956056075927336e-09,3.798492195886345e-11,1.998480139937243,True
5,300.0,600.0,lane_b,electric_percent,99.92403510276743,truth,99.9240351027786,0.0,-1.1169731806148775e-11,-1.1178223332014117e-13,1.9984807020555722,True
5,300.0,650.0,lane_b,electric_percent,99.92405072629786,truth,99.92405369616802,0.0,-2.9698701524694116e-06,-2.972127373354653e-08,1.9984810739233603,True
5,300.0,700.0,lane_b,electric_percent,99.92406628460155,truth,99.92406628460144,0.0,1.1368683772161603e-13,1.1377322996225532e-15,1.9984813256920289,True
5,300.0,750.0,lane_b,electric_percent,99.92407494476203,truth,99.92407494476203,0.0,0.0,0.0,1.9984814988952406,True
5,300.0,800.0,lane_b,electric_percent,99.92407820284156,truth,99.92407820283849,0.0,3.069544618483633e-12,3.071876842589115e-14,1.9984815640567697,True
5,350.0,250.0,lane_b,electric_percent,9.743274697343267,truth,9.743274754492619,0.0,-5.714935191747372e-08,-5.865517842563373e-09,1.0,True
5,350.0,300.0,lane_b,electric_percent,47.37414838526949,truth,47.374148412236316,0.0,-2.69668234409437e-08,-5.692307797553657e-10,1.0,True
5,350.0,350.0,lane_b,electric_percent,57.902384448791146,truth,57.90238455955474,0.0,-1.107635938524254e-07,-1.912936655285776e-09,1.1580476911910949,True
5,350.0,400.0,lane_b,electric_percent,69.25003598480644,truth,69.25003624057506,0.0,-2.557686116233526e-07,-3.693407621258289e-09,1.385000724811501,True
5,350.0,450.0,lane_b,electric_percent,81.74359342663578,truth,81.74359306484139,0.0,3.6179439177885797e-07,4.425966344443315e-09,1.6348718612968278,True
5,350.0,500.0,lane_b,electric_percent,95.90692654045642,truth,95.9069263461385,0.0,1.943179199770384e-07,2.0261093476786437e-09,1.9181385269227702,True
5,350.0,550.0,lane_b,electric_percent,99.92043151510025,truth,99.92043151510049,0.0,-2.4158453015843406e-13,-2.4177690838126993e-15,1.9984086303020099,True
5,350.0,600.0,lane_b,electric_percent,99.92047518286981,truth,99.9204751829939,0.0,-1.240891833731439e-10,-1.2418794360804184e-12,1.998409503659878,True
5,350.0,650.0,lane_b,electric_percent,99.9205039084333,truth,99.92050390843664,0.0,-3.339550858072471e-12,-3.342207782631589e-14,1.9984100781687328,True
5,350.0,700.0,lane_b,electric_percent,99.92052318462498,truth,99.92052318463284,0.0,-7.858602657506708e-12,-7.864853392516375e-14,1.998410463692657,True
5,350.0,750.0,lane_b,electric_percent,99.92053633555537,truth,99.92053633490063,0.0,6.547367092935019e-10,6.552574008400443e-12,1.9984107266980127,True
5,350.0,800.0,lane_b,electric_percent,99.92054541183514,truth,99.92054541183465,0.0,4.831690603168681e-13,4.8355326557258895e-15,1.998410908236693,True
5,400.0,250.0,lane_b,electric_percent,7.940119635077952,truth,7.9401196642865655,0.0,-2.9208613305797826e-08,-3.6786112225957586e-09,1.0,True
5,400.0,300.0,lane_b,electric_percent,9.03262600737153,truth,9.03262576528584,0.0,2.420856901608204e-07,2.680125319607543e-08,1.0,True
5,400.0,350.0,lane_b,electric_percent,47.39918415313963,truth,47.399184349878745,0.0,-1.9673911566542301e-07,-4.1506856787489485e-09,1.0,True
5,400.0,400.0,lane_b,electric_percent,56.70314968881905,truth,56.70314950058164,0.0,1.8823741498863455e-07,3.3196994637256208e-09,1.1340629900116328,True
5,400.0,450.0,lane_b,electric_percent,66.64175953663363,truth,66.64175913721118,0.0,3.9942244711710373e-07,5.99357598431215e-09,1.3328351827442237,True
5,400.0,500.0,lane_b,electric_percent,77.53231976615564,truth,77.53231916125797,0.0,6.048976644024151e-07,7.801877603381116e-09,1.5506463832251596,True
5,400.0,550.0,lane_b,electric_percent,89.65115579961898,truth,89.65115572350798,0.0,7.611099306359392e-08,8.489683423415855e-10,1.7930231144701596,True
5,400.0,600.0,lane_b,electric_percent,99.91780005308728,truth,99.91780005308769,0.0,-4.121147867408581e-13,-4.124538235648662e-15,1.9983560010617538,True
5,400.0,650.0,lane_b,electric_percent,99.91784337784777,truth,99.91784337784817,0.0,-3.979039320256561e-13,-3.982311052500875e-15,1.9983568675569634,True
5,400.0,700.0,lane_b,electric_percent,99.91787266883209,truth,99.91787266883323,0.0,-1.1368683772161603e-12,-1.137802824309706e-14,1.9983574533766646,True
5,400.0,750.0,lane_b,electric_percent,99.91789278584343,truth,99.91789278584613,0.0,-2.7000623958883807e-12,-2.702281163670475e-14,1.9983578557169228,True
5,400.0,800.0,lane_b,electric_percent,99.91790676622506,truth,99.91790676623101,0.0,-5.9543481256696396e-12,-5.959240258706074e-14,1.9983581353246203,True
5,450.0,250.0,lane_b,electric_percent,4.161975037766745,truth,4.161974993681412,0.0,4.4085333605892174e-08,1.0592407131907624e-08,1.0,True
5,450.0,300.0,lane_b,electric_percent,7.059545591043415,truth,7.059545668598342,0.0,-7.755492692496091e-08,-1.098582409770844e-08,1.0,True
5,450.0,350.0,lane_b,electric_percent,39.29376307830142,truth,39.29376294075465,0.0,1.3754677041788455e-07,3.5004733607537494e-09,1.0,True
5,450.0,400.0,lane_b,electric_percent,47.13553444880901,truth,47.13553448425796,0.0,-3.544894866536197e-08,-7.520642134057267e-10,1.0,True
5,450.0,450.0,lane_b,electric_percent,55.488401142065015,truth,55.48840057551676,0.0,5.66548251867971e-07,1.0210210530341902e-08,1.1097680115103352,True
5,450.0,500.0,lane_b,electric_percent,64.33450822881306,truth,64.33450784413779,0.0,3.8467527474495e-07,5.979299253783006e-09,1.2866901568827558,True
5,450.0,550.0,lane_b,electric_percent,73.9984917995432,truth,73.99849234841153,0.0,-5.488683285648221e-07,-7.417290692634014e-09,1.4799698469682308,True
5,450.0,600.0,lane_b,electric_percent,84.66765466812551,truth,84.66765416842685,0.0,4.996986575633855e-07,5.901883812315737e-09,1.693353083368537,True
5,450.0,650.0,lane_b,electric_percent,96.88127822333877,truth,96.88127824322767,0.0,-1.988890119264397e-08,-2.0529148204167376e-10,1.9376255648645535,True
5,450.0,700.0,lane_b,electric_percent,99.91580636791475,truth,99.915806367914,0.0,7.531752999057062e-13,7.538099598899635e-15,1.9983161273582801,True
5,450.0,750.0,lane_b,electric_percent,99.91583591772442,truth,99.91583591467673,0.0,3.047688323931652e-09,3.050255543609954e-11,1.9983167182935346,True
5,500.0,250.0,lane_b,electric_percent,3.06453530410007,truth,3.0645359523730606,0.0,-6.482729908441343e-07,-2.1154034441727993e-07,1.0,True
5,500.0,300.0,lane_b,electric_percent,6.374265771249648,truth,6.374265337295662,0.0,4.339539865227948e-07,6.807905908524725e-08,1.0,True
5,500.0,350.0,lane_b,electric_percent,6.362731026628998,truth,6.362730935051693,0.0,9.157730485043203e-08,1.43927671600792e-08,1.0,True
5,500.0,400.0,lane_b,electric_percent,39.59977659919799,truth,39.599776484969304,0.0,1.1422868340105197e-07,2.8845789936316734e-09,1.0,True
5,500.0,450.0,lane_b,electric_percent,46.65235036022055,truth,46.65234997449344,0.0,3.8572711247297775e-07,8.268117526424049e-09,1.0,True
5,500.0,500.0,lane_b,electric_percent,54.24412164317511,truth,54.24412146818659,0.0,1.74988521450814e-07,3.2259444288989413e-09,1.0848824293637318,True
5,500.0,550.0,lane_b,electric_percent,62.215980277462315,truth,62.21597979422982,0.0,4.832324975723168e-07,7.767015791932186e-09,1.2443195958845963,True
5,500.0,600.0,lane_b,electric_percent,70.90747414052969,truth,70.90747329400669,0.0,8.465229939247365e-07,1.1938417131502656e-08,1.418149465880134,True
5,500.0,650.0,lane_b,electric_percent,80.46129741987886,truth,80.4612969834633,0.0,4.3641556146667426e-07,5.423919049631626e-09,1.609225939669266,True
5,500.0,700.0,lane_b,electric_percent,91.15359365117672,truth,91.15359387157953,0.0,-2.204028106689293e-07,-2.4179278216878727e-09,1.8230718774315906,True
5,500.0,750.0,lane_b,electric_percent,99.91418313900328,truth,99.91418313900226,0.0,1.0231815394945443e-12,1.02406035594674e-14,1.9982836627800453,True
5,500.0,800.0,lane_b,electric_percent,99.91421257442965,truth,99.91421257442981,0.0,-1.5631940186722204e-13,-1.5645361939951627e-15,1.9982842514885963,True
5,550.0,250.0,lane_b,electric_percent,2.788186813646003,truth,2.78818689524548,0.0,-8.159947695318692e-08,-2.9266143203073434e-08,1.0,True
5,550.0,300.0,lane_b,electric_percent,5.815160267386213,truth,5.815145842844212,0.0,1.4424542000845975e-05,2.4805125083141284e-06,1.0,True
5,550.0,350.0,lane_b,electric_percent,5.805061202276235,truth,5.805061355476356,0.0,-1.5320012103359204e-07,-2.6390784119631517e-08,1.0,True
5,550.0,400.0,lane_b,electric_percent,5.797220903618154,truth,5.797220762825935,0.0,1.407922187723898e-07,2.4286157890554212e-08,1.0,True
5,550.0,450.0,lane_b,electric_percent,39.58904761149649,truth,39.58904757938507,0.0,3.211142285408641e-08,8.111188527507687e-10,1.0,True
5,550.0,500.0,lane_b,electric_percent,45.99156307862024,truth,45.991562692176494,0.0,3.864437445599833e-07,8.40249215158154e-09,1.0,True
5,550.0,550.0,lane_b,electric_percent,52.959497164755234,truth,52.959497966604886,0.0,-8.018496515660445e-07,-1.5140809153283015e-08,1.0591899593320977,True
5,550.0,600.0,lane_b,electric_percent,60.213486468564895,truth,60.2134858177516,0.0,6.50813298364028e-07,1.080843086105075e-08,1.204269716355032,True
5,550.0,650.0,lane_b,electric_percent,68.11242697075751,truth,68.11242659891327,0.0,3.7184423717917525e-07,5.4592716152783196e-09,1.3622485319782656,True
5,550.0,700.0,lane_b,electric_percent,76.77280846518103,truth,76.77281107466757,0.0,-2.6094865432924053e-06,-3.398972249113654e-08,1.5354562214933516,True
5,550.0,750.0,lane_b,electric_percent,86.38320392731165,truth,86.38320188968382,0.0,2.0376278371259104e-06,2.3588241608919234e-08,1.7276640377936765,True
5,550.0,800.0,lane_b,electric_percent,97.5362577656786,truth,97.5362581898622,0.0,-4.2418359669227357e-07,-4.348983696571238e-09,1.950725163797244,True
5,600.0,250.0,lane_b,electric_percent,2.5584166370975328,truth,2.5584166107975146,0.0,2.6300018163283312e-08,1.0279802770309962e-08,1.0,True
5,600.0,300.0,lane_b,electric_percent,3.1645841684308125,truth,3.1645842182404937,0.0,-4.980968126844232e-08,-1.5739723715154108e-08,1.0,True
5,600.0,350.0,lane_b,electric_percent,5.341286709865972,truth,5.341287051332855,0.0,-3.414668823253919e-07,-6.392970065897935e-08,1.0,True
5,600.0,400.0,lane_b,electric_percent,5.334377632275252,truth,5.334377650997342,0.0,-1.872209054454288e-08,-3.509704743353239e-09,1.0,True
5,600.0,450.0,lane_b,electric_percent,18.4846788202497,truth,14.136639442620686,0.0,4.348039377629016,0.30757234739396916,1.0,False
5,600.0,500.0,lane_b,electric_percent,39.32392345009942,truth,39.3239236731204,0.0,-2.2302097590909398e-07,-5.671381568201406e-09,1.0,True
5,600.0,550.0,lane_b,electric_percent,45.179159855630225,truth,45.17915914029166,0.0,7.153385652713951e-07,1.583337492072627e-08,1.0,True
5,600.0,600.0,lane_b,electric_percent,51.56953470998067,truth,51.56953154430626,0.0,3.1656744141628224e-06,6.138652648886319e-08,1.0313906308861251,True
5,600.0,650.0,lane_b,electric_percent,58.27691390599221,truth,58.276914384621456,0.0,-4.78629246458695e-07,-8.21301627776297e-09,1.1655382876924292,True
5,600.0,700.0,lane_b,electric_percent,65.51492543709017,truth,65.51492443503547,0.0,1.0020547023259496e-06,1.5295060033528484e-08,1.3102984887007094,True
5,600.0,750.0,lane_b,electric_percent,73.43890002516557,truth,73.43890142630457,0.0,-1.4011390021551051e-06,-1.907897551492023e-08,1.4687780285260914,True
5,600.0,800.0,lane_b,electric_percent,82.19386959625515,truth,82.19387134292633,0.0,-1.7466711739189122e-06,-2.125062544665299e-08,1.6438774268585266,True
5,650.0,250.0,lane_b,electric_percent,2.364237344202774,truth,2.3642368483940306,0.0,4.958087433948322e-07,2.0971196000587807e-07,1.0,True
5,650.0,300.0,lane_b,electric_percent,2.924591137302418,truth,2.9245914931812824,0.0,-3.558788645996458e-07,-1.2168498247682842e-07,1.0,True
5,650.0,350.0,lane_b,electric_percent,4.949372985864718,truth,4.949372931747571,0.0,5.41171472079327e-08,1.0934142153807051e-08,1.0,True
5,650.0,450.0,lane_b,electric_percent,4.938403533615808,truth,4.938403536121454,0.0,-2.505646357064961e-09,-5.07379832113286e-10,1.0,True
5,650.0,500.0,lane_b,electric_percent,33.883499581174696,truth,33.88349901376492,0.0,5.674097778296527e-07,1.6745902706185885e-08,1.0,True
5,650.0,550.0,lane_b,electric_percent,38.8455634166735,truth,38.84556112024301,0.0,2.2964304875472408e-06,5.9116934376075625e-08,1.0,True
5,650.0,600.0,lane_b,electric_percent,44.23114838657761,truth,44.23114944965302,0.0,-1.0630754090357186e-06,-2.4034541771196455e-08,1.0,True
5,650.0,650.0,lane_b,electric_percent,50.10126521239877,truth,50.10126707441221,0.0,-1.8620134412117295e-06,-3.716499701387192e-08,1.0020253414882443,True
5,650.0,700.0,lane_b,electric_percent,56.36964784432682,truth,56.36965080201283,0.0,-2.9576860072211275e-06,-5.2469475420548736e-08,1.1273930160402565,True
5,650.0,750.0,lane_b,electric_percent,63.04539016523584,truth,63.04539152577715,0.0,-1.360541311612451e-06,-2.158034518758078e-08,1.260907830515543,True
5,650.0,800.0,lane_b,electric_percent,70.34817055795668,truth,70.34817064759645,0.0,-8.963976938503038e-08,-1.274230282889283e-09,1.406963412951929,True
5,700.0,250.0,lane_b,electric_percent,2.1978795425261923,truth,2.1978788875083937,0.0,6.55017798667501e-07,2.980226992443866e-07,1.0,True
5,700.0,300.0,lane_b,electric_percent,2.7190565313295263,truth,2.71905774763684,0.0,-1.2163073135340596e-06,-4.4732676773458175e-07,1.0,True
5,700.0,350.0,lane_b,electric_percent,4.613670760635453,truth,4.613671416809524,0.0,-6.561740706345631e-07,-1.4222384113525035e-07,1.0,True
5,700.0,400.0,lane_b,electric_percent,4.608327353728371,truth,4.608327288954164,0.0,6.477420733119743e-08,1.4055904294483737e-08,1.0,True
5,700.0,500.0,lane_b,electric_percent,4.7986977717182455,truth,4.798697681940202,0.0,8.977804366594455e-08,1.8708835108288304e-08,1.0,True
5,700.0,550.0,lane_b,electric_percent,33.594674159871914,truth,33.59467509011744,0.0,-9.30245526831186e-07,-2.7690267113338945e-08,1.0,True
5,700.0,600.0,lane_b,electric_percent,38.18138631458203,truth,38.18138641007964,0.0,-9.549761159632908e-08,-2.5011562066043346e-09,1.0,True
5,700.0,650.0,lane_b,electric_percent,43.15693332300295,truth,43.156933074273205,0.0,2.4872974790923763e-07,5.763378678488878e-09,1.0,True
5,700.0,700.0,lane_b,electric_percent,48.57616255570439,truth,48.57616236269763,0.0,1.9300676257216764e-07,3.973281403563087e-09,1.0,True
5,700.0,750.0,lane_b,electric_percent,54.46339941629296,truth,54.463401063634464,0.0,-1.647341505872646e-06,-3.0246761562832065e-08,1.0892680212726893,True
5,700.0,800.0,lane_b,electric_percent,60.65217907712628,truth,60.65217845181714,0.0,6.253091342500738e-07,1.0309755563797718e-08,1.2130435690363428,True
5,750.0,250.0,lane_b,electric_percent,2.0537030602563533,truth,2.0537030286000157,0.0,3.165633755131125e-08,1.541427222459276e-08,1.0,True
5,750.0,300.0,lane_b,electric_percent,2.5409911774019887,truth,2.5409909154322343,0.0,2.6196975433379066e-07,1.0309747773703803e-07,1.0,True
5,750.0,350.0,lane_b,electric_percent,3.0277579468370597,truth,3.027758936674875,0.0,-9.898378152684018e-07,-3.2692094581197235e-07,1.0,True
5,750.0,400.0,lane_b,electric_percent,4.318085057927946,truth,4.318083831254218,0.0,1.2266737279276185e-06,2.840782568992697e-07,1.0,True
5,750.0,450.0,lane_b,electric_percent,4.314290274214445,truth,4.314290282335756,0.0,-8.12131162319929e-09,-1.882421230775972e-09,1.0,True
5,750.0,500.0,lane_b,electric_percent,4.4853633844809035,truth,4.485365109702628,0.0,-1.7252217245911083e-06,-3.8463350973572974e-07,1.0,True
5,750.0,700.0,lane_b,electric_percent,41.96125853248949,truth,41.96126076645399,0.0,-2.233964501385799e-06,-5.3238736410221166e-08,1.0,True
5,750.0,750.0,lane_b,electric_percent,46.98297225243584,truth,46.98297032078783,0.0,1.931648014874554e-06,4.111379084135699e-08,1.0,True
5,750.0,800.0,lane_b,electric_percent,52.475995744022285,truth,52.475960514698926,0.0,3.522932335897622e-05,6.713421348258734e-07,1.0495192102939785,True
5,800.0,250.0,lane_b,electric_percent,1.9274968546312115,truth,1.9274966817702825,0.0,1.7286092890422822e-07,8.968157016253148e-08,1.0,True
5,800.0,300.0,lane_b,electric_percent,2.385176848142835,truth,2.385176407444187,0.0,4.406986482408115e-07,1.847656411766365e-07,1.0,True
5,800.0,350.0,lane_b,electric_percent,2.842370360166855,truth,2.8423703620904153,0.0,-1.9235604220568803e-09,-6.767451728712094e-10,1.0,True
5,800.0,400.0,lane_b,electric_percent,4.0640348943954105,truth,4.064034947791886,0.0,-5.339647568547434e-08,-1.3138783591043249e-08,1.0,True
5,800.0,450.0,lane_b,electric_percent,4.06072047499032,truth,4.060720396498262,0.0,7.849205818644123e-08,1.9329589462531916e-08,1.0,True
5,800.0,500.0,lane_b,electric_percent,4.211385009335398,truth,4.211384909376189,0.0,9.995920891014975e-08,2.3735472074186685e-08,1.0,True
5,800.0,600.0,lane_b,electric_percent,28.75954282127137,truth,28.759541357070695,0.0,1.4642006753717851e-06,5.0911822869240684e-08,1.0,True
5,800.0,650.0,lane_b,electric_percent,32.412282492006675,truth,32.41227860540535,0.0,3.886601326996697e-06,1.19911388344926e-07,1.0,True
5,800.0,700.0,lane_b,electric_percent,36.36128247287923,truth,36.36128471675413,0.0,-2.243874895668796e-06,-6.171055047004128e-08,1.0,True
5,800.0,750.0,lane_b,electric_percent,40.64539389377259,truth,40.6454030348572,0.0,-9.141084611030692e-06,-2.2489836312341064e-07,1.0,True
5,800.0,800.0,lane_b,electric_percent,45.31093171355759,truth,45.31093266270808,0.0,-9.491504897596315e-07,-2.0947493992786506e-08,1.0,True
5,300.0,250.0,lane_b,fuel_mileage_lb_per_nmi,1.1663832404161183,paper,1.151026,0.044826,0.01535724041611819,0.013342218521665183,0.06784652,True
5,300.0,300.0,lane_b,fuel_mileage_lb_per_nmi,0.9000054074995946,paper,0.947814,0.044826,-0.04780859250040548,-0.050440901379812365,0.064826,True
5,300.0,350.0,lane_b,fuel_mileage_lb_per_nmi,0.6093646336580714,paper,0.648974,0.044826,-0.03960936634192869,-0.06103382622713496,0.064826,True
5,300.0,400.0,lane_b,fuel_mileage_lb_per_nmi,0.2860320889544651,paper,0.350133,0.044826,-0.06410091104553495,-0.1830758912914091,0.064826,True
5,300.0,450.0,lane_b,fuel_mileage_lb_per_nmi,0.0016377646151428,paper,0.054281,0.041838,-0.052643235384857205,-0.9698280316290636,0.061838000000000004,True
5,300.0,500.0,lane_b,fuel_mileage_lb_per_nmi,0.0015022915483207,paper,0.054281,0.041838,-0.052778708451679306,-0.9723238048613567,0.061838000000000004,True
5,300.0,550.0,lane_b,fuel_mileage_lb_per_nmi,0.0014077220287495,paper,0.054281,0.041838,-0.0528732779712505,-0.9740660262568946,0.061838000000000004,True
5,300.0,600.0,lane_b,fuel_mileage_lb_per_nmi,0.0013379432123811,paper,0.054281,0.041838,-0.0529430567876189,-0.9753515371422579,0.061838000000000004,True
5,300.0,650.0,lane_b,fuel_mileage_lb_per_nmi,0.0012934806694487,paper,0.054281,0.041838,-0.052987519330551305,-0.9761706551196792,0.061838000000000004,True
5,300.0,700.0,lane_b,fuel_mileage_lb_per_nmi,0.0012417998486045,paper,0.054281,0.041838,-0.0530392001513955,-0.9771227529226709,0.061838000000000004,True
5,300.0,750.0,lane_b,fuel_mileage_lb_per_nmi,0.0012072419111583,paper,0.054281,0.041838,-0.053073758088841703,-0.9777594017951345,0.061838000000000004,True
5,300.0,800.0,lane_b,fuel_mileage_lb_per_nmi,0.0011923870394468,paper,0.054281,0.041838,-0.0530886129605532,-0.9780330679345111,0.061838000000000004,True
5,350.0,250.0,lane_b,fuel_mileage_lb_per_nmi,1.4070955847649107,paper,1.348261,0.044826,0.05883458476491077,0.04363738531702005,0.07179121999999999,True
5,350.0,300.0,lane_b,fuel_mileage_lb_per_nmi,1.1603997601122644,paper,1.151026,0.044826,0.009373760112264318,0.008143830037083712,0.06784652,True
5,350.0,350.0,lane_b,fuel_mileage_lb_per_nmi,0.9293658024434268,paper,0.947814,0.044826,-0.01844819755657323,-0.019463942879692882,0.064826,True
5,350.0,400.0,lane_b,fuel_mileage_lb_per_nmi,0.6796598643541264,paper,0.75058,0.044826,-0.07092013564587363,-0.09448711082879056,0.064826,False
5,350.0,450.0,lane_b,fuel_mileage_lb_per_nmi,0.4040537917668327,paper,0.451739,0.044826,-0.0476852082331673,-0.10555920173632849,0.064826,True
5,350.0,500.0,lane_b,fuel_mileage_lb_per_nmi,0.0907266899427855,paper,0.14991,0.041838,-0.059183310057214486,-0.3947922757468781,0.061838000000000004,True
5,350.0,550.0,lane_b,fuel_mileage_lb_per_nmi,0.001654664451438,paper,0.054281,0.041838,-0.052626335548562005,-0.9695166918178,0.061838000000000004,True
5,350.0,600.0,lane_b,fuel_mileage_lb_per_nmi,0.0015480623800694,paper,0.054281,0.041838,-0.0527329376199306,-0.9714805847337116,0.061838000000000004,True
5,350.0,650.0,lane_b,fuel_mileage_lb_per_nmi,0.0014685340057582,paper,0.054281,0.041838,-0.0528124659942418,-0.9729457083370203,0.061838000000000004,True
5,350.0,700.0,lane_b,fuel_mileage_lb_per_nmi,0.0014069246185027,paper,0.054281,0.041838,-0.052874075381497306,-0.9740807166687663,0.061838000000000004,True
5,350.0,750.0,lane_b,fuel_mileage_lb_per_nmi,0.001357770998978,paper,0.054281,0.041838,-0.052923229001022004,-0.9749862567200678,0.061838000000000004,True
5,350.0,800.0,lane_b,fuel_mileage_lb_per_nmi,0.0013176219862731,paper,0.054281,0.041838,-0.0529633780137269,-0.9757259080290874,0.061838000000000004,True
5,400.0,250.0,lane_b,fuel_mileage_lb_per_nmi,1.453140821532248,paper,1.449867,0.044826,0.003273821532248089,0.0022580150677600696,0.07382334,True
5,400.0,300.0,lane_b,fuel_mileage_lb_per_nmi,1.420508647147332,paper,1.449867,0.044826,-0.029358352852667968,-0.02024899722020569,0.07382334,True
5,400.0,350.0,lane_b,fuel_mileage_lb_per_nmi,1.1621864153070691,paper,1.151026,0.044826,0.011160415307069016,0.009696058392311743,0.06784652,True
5,400.0,400.0,lane_b,fuel_mileage_lb_per_nmi,0.9578184908690074,paper,0.947814,0.044826,0.010004490869007343,0.010555331393086979,0.064826,True
5,400.0,450.0,lane_b,fuel_mileage_lb_per_nmi,0.7388291678962031,paper,0.75058,0.044826,-0.011750832103796904,-0.015655669087634768,0.064826,True
5,400.0,500.0,lane_b,fuel_mileage_lb_per_nmi,0.4982745326881597,paper,0.550357,0.041838,-0.0520824673118403,-0.09463396906342665,0.061838000000000004,True
5,400.0,550.0,lane_b,fuel_mileage_lb_per_nmi,0.2298495192017726,paper,0.248528,0.044826,-0.018678480798227398,-0.07515644433716683,0.064826,True
5,400.0,600.0,lane_b,fuel_mileage_lb_per_nmi,0.0017870154795724,paper,0.054281,0.041838,-0.052493984520427604,-0.9670784348193217,0.061838000000000004,True
5,400.0,650.0,lane_b,fuel_mileage_lb_per_nmi,0.0016703160593195,paper,0.054281,0.041838,-0.052610683940680504,-0.9692283476848345,0.061838000000000004,True
5,400.0,700.0,lane_b,fuel_mileage_lb_per_nmi,0.0015824440670128,paper,0.054281,0.041838,-0.0526985559329872,-0.9708471828630129,0.061838000000000004,True
5,400.0,750.0,lane_b,fuel_mileage_lb_per_nmi,0.0015138353815143,paper,0.054281,0.041838,-0.052767164618485705,-0.972111136833988,0.061838000000000004,True
5,400.0,800.0,lane_b,fuel_mileage_lb_per_nmi,0.0014587771988921,paper,0.054281,0.041838,-0.052822222801107904,-0.9731254545993607,0.061838000000000004,True
5,450.0,250.0,lane_b,fuel_mileage_lb_per_nmi,1.496253301008862,paper,1.449867,0.044826,0.046386301008861874,0.03199348699491876,0.07382334,True
5,450.0,300.0,lane_b,fuel_mileage_lb_per_nmi,1.462784710066397,paper,1.449867,0.044826,0.012917710066397081,0.008909582786832917,0.07382334,True
5,450.0,350.0,lane_b,fuel_mileage_lb_per_nmi,1.3411029951109943,paper,1.348261,0.044826,-0.0071580048890056425,-0.005309064705576771,0.07179121999999999,True
5,450.0,400.0,lane_b,fuel_mileage_lb_per_nmi,1.1695447898316509,paper,1.151026,0.044826,0.018518789831650784,0.016088941372002702,0.06784652,True
5,450.0,450.0,lane_b,fuel_mileage_lb_per_nmi,0.98604490570561,paper,1.04942,0.044826,-0.06337509429439003,-0.060390591273646425,0.0658144,True
5,450.0,500.0,lane_b,fuel_mileage_lb_per_nmi,0.7910148877797852,paper,0.852186,0.044826,-0.06117111222021476,-0.0717814094812808,0.064826,True
5,450.0,550.0,lane_b,fuel_mileage_lb_per_nmi,0.5774325901506084,paper,0.648974,0.044826,-0.07154140984939161,-0.11023771345137341,0.064826,False
5,450.0,600.0,lane_b,fuel_mileage_lb_per_nmi,0.3409918987884214,paper,0.350133,0.044826,-0.009141101211578628,-0.026107511178833837,0.064826,True
5,450.0,650.0,lane_b,fuel_mileage_lb_per_nmi,0.0694776578358628,paper,0.14991,0.041838,-0.0804323421641372,-0.5365375369497511,0.061838000000000004,False
5,450.0,700.0,lane_b,fuel_mileage_lb_per_nmi,0.0017790306520552,paper,0.054281,0.041838,-0.0525019693479448,-0.9672255365218916,0.061838000000000004,True
5,450.0,750.0,lane_b,fuel_mileage_lb_per_nmi,0.0016839605098468,paper,0.054281,0.041838,-0.0525970394901532,-0.9689769807143052,0.061838000000000004,True
5,500.0,250.0,lane_b,fuel_mileage_lb_per_nmi,1.5289988178272915,paper,1.551472,0.044826,-0.02247318217270844,-0.014485071063292434,0.07585544,True
5,500.0,300.0,lane_b,fuel_mileage_lb_per_nmi,1.5009173789487684,paper,1.551472,0.044826,-0.05055462105123154,-0.032584939368052755,0.07585544,True
5,500.0,350.0,lane_b,fuel_mileage_lb_per_nmi,1.477762590254824,paper,1.449867,0.044826,0.02789559025482391,0.019240102888626275,0.07382334,True
5,500.0,400.0,lane_b,fuel_mileage_lb_per_nmi,1.3354807353213525,paper,1.348261,0.044826,-0.012780264678647457,-0.0094790731754812,0.07179121999999999,True
5,500.0,450.0,lane_b,fuel_mileage_lb_per_nmi,1.181187017528204,paper,1.249643,0.041838,-0.06845598247179607,-0.05478043126860717,0.06683086,False
5,500.0,500.0,lane_b,fuel_mileage_lb_per_nmi,1.0144960598817605,paper,1.04942,0.044826,-0.034923940118239516,-0.03327927819008549,0.0658144,True
5,500.0,550.0,lane_b,fuel_mileage_lb_per_nmi,0.8387349162610038,paper,0.852186,0.044826,-0.013451083738996172,-0.015784211121745925,0.064826,True
5,500.0,600.0,lane_b,fuel_mileage_lb_per_nmi,0.6466408549791426,paper,0.648974,0.044826,-0.0023331450208574633,-0.003595128650542954,0.064826,True
5,500.0,650.0,lane_b,fuel_mileage_lb_per_nmi,0.4349164771304417,paper,0.451739,0.044826,-0.01682252286955832,-0.03723947427509761,0.064826,True
5,500.0,700.0,lane_b,fuel_mileage_lb_per_nmi,0.1972371603231951,paper,0.248528,0.044826,-0.051290839676804895,-0.2063785154059297,0.064826,True
5,500.0,750.0,lane_b,fuel_mileage_lb_per_nmi,0.001877123504113,paper,0.054281,0.041838,-0.052403876495887,-0.9654184059963339,0.061838000000000004,True
5,500.0,800.0,lane_b,fuel_mileage_lb_per_nmi,0.0017758178167632,paper,0.054281,0.041838,-0.052505182183236805,-0.9672847254699951,0.061838000000000004,True
5,550.0,250.0,lane_b,fuel_mileage_lb_per_nmi,1.5609261135298391,paper,1.551472,0.044826,0.009454113529839159,0.006093641090421973,0.07585544,True
5,550.0,300.0,lane_b,fuel_mileage_lb_per_nmi,1.5377423505452703,paper,1.551472,0.044826,-0.013729649454729653,-0.0088494342500088,0.07585544,True
5,550.0,350.0,lane_b,fuel_mileage_lb_per_nmi,1.5134893969880667,paper,1.551472,0.044826,-0.037982603011933236,-0.02448165549357851,0.07585544,True
5,550.0,400.0,lane_b,fuel_mileage_lb_per_nmi,1.4958657122456611,paper,1.551472,0.044826,-0.055606287754338846,-0.035840986981614135,0.07585544,True
5,550.0,450.0,lane_b,fuel_mileage_lb_per_nmi,1.3363355390284275,paper,1.348261,0.044826,-0.011925460971572432,-0.008845068552433418,0.07179121999999999,True
5,550.0,500.0,lane_b,fuel_mileage_lb_per_nmi,1.19632685511972,paper,1.249643,0.041838,-0.053316144880280136,-0.04266510105708601,0.06683086,True
5,550.0,550.0,lane_b,fuel_mileage_lb_per_nmi,1.0434987263359892,paper,1.04942,0.044826,-0.005921273664010851,-0.00564242501954494,0.0658144,True
5,550.0,600.0,lane_b,fuel_mileage_lb_per_nmi,0.88362789871021,paper,0.947814,0.044826,-0.06418610128979008,-0.06772014476446864,0.064826,True
5,550.0,650.0,lane_b,fuel_mileage_lb_per_nmi,0.7091201222994381,paper,0.75058,0.044826,-0.04145987770056192,-0.05523712022777308,0.064826,True
5,550.0,700.0,lane_b,fuel_mileage_lb_per_nmi,0.5172745978709364,paper,0.550357,0.041838,-0.03308240212906355,-0.06011080467598949,0.061838000000000004,True
5,550.0,750.0,lane_b,fuel_mileage_lb_per_nmi,0.3037403692074077,paper,0.350133,0.044826,-0.046392630792592315,-0.13250002368412092,0.064826,True
5,550.0,800.0,lane_b,fuel_mileage_lb_per_nmi,0.0550616649578342,paper,0.14991,0.041838,-0.09484833504216579,-0.632701854727275,0.061838000000000004,False
5,600.0,250.0,lane_b,fuel_mileage_lb_per_nmi,1.592727840491991,paper,1.551472,0.044826,0.041255840491990936,0.026591418015917103,0.07585544,True
5,600.0,300.0,lane_b,fuel_mileage_lb_per_nmi,1.5741581763153063,paper,1.551472,0.044826,0.02268617631530634,0.014622356262508341,0.07585544,True
5,600.0,350.0,lane_b,fuel_mileage_lb_per_nmi,1.5484792049421068,paper,1.551472,0.044826,-0.002992795057893183,-0.0019290035900700643,0.07585544,True
5,600.0,400.0,lane_b,fuel_mileage_lb_per_nmi,1.5300432305829348,paper,1.551472,0.044826,-0.021428769417065174,-0.013811895681691435,0.07585544,True
5,600.0,450.0,lane_b,fuel_mileage_lb_per_nmi,1.4921607261196344,paper,1.449867,0.044826,0.042293726119634334,0.0291707626421143,0.07382334,True
5,600.0,500.0,lane_b,fuel_mileage_lb_per_nmi,1.3424109486375506,paper,1.348261,0.044826,-0.0058500513624493156,-0.0043389606036585765,0.07179121999999999,True
5,600.0,550.0,lane_b,fuel_mileage_lb_per_nmi,1.2144749010255471,paper,1.249643,0.041838,-0.035168098974452944,-0.028142516682326826,0.06683086,True
5,600.0,600.0,lane_b,fuel_mileage_lb_per_nmi,1.0744709277621318,paper,1.151026,0.044826,-0.07655507223786828,-0.06651028928787732,0.06784652,False
5,600.0,650.0,lane_b,fuel_mileage_lb_per_nmi,0.9268257555175892,paper,0.947814,0.044826,-0.020988244482410878,-0.022143843077239708,0.064826,True
5,600.0,700.0,lane_b,fuel_mileage_lb_per_nmi,0.7670389422220825,paper,0.852186,0.044826,-0.08514705777791753,-0.09991604858319374,0.064826,False
5,600.0,750.0,lane_b,fuel_mileage_lb_per_nmi,0.5916391654642295,paper,0.648974,0.044826,-0.057334834535770596,-0.08834688991511307,0.064826,True
5,600.0,800.0,lane_b,fuel_mileage_lb_per_nmi,0.3972636402398444,paper,0.451739,0.044826,-0.054475359760155606,-0.12059034035174206,0.064826,True
5,650.0,250.0,lane_b,fuel_mileage_lb_per_nmi,1.6246952532353809,paper,1.65009,0.041838,-0.02539474676461917,-0.015389916164948074,0.07483980000000001,True
5,650.0,300.0,lane_b,fuel_mileage_lb_per_nmi,1.6063623541408676,paper,1.551472,0.044826,0.054890354140867625,0.03537953256060543,0.07585544,True
5,650.0,350.0,lane_b,fuel_mileage_lb_per_nmi,1.5831668180234395,paper,1.551472,0.044826,0.03169481802343954,0.020428868857085104,0.07585544,True
5,650.0,450.0,lane_b,fuel_mileage_lb_per_nmi,1.5492557753360314,paper,1.551472,0.044826,-0.0022162246639685357,-0.0014284657821530364,0.07585544,True
5,650.0,500.0,lane_b,fuel_mileage_lb_per_nmi,1.4609122224413231,paper,1.449867,0.044826,0.01104522244132311,0.007618093550182955,0.07382334,True
5,650.0,550.0,lane_b,fuel_mileage_lb_per_nmi,1.3528709187604409,paper,1.348261,0.044826,0.004609918760440923,0.003419159020724417,0.07179121999999999,True
5,650.0,600.0,lane_b,fuel_mileage_lb_per_nmi,1.2353291445419536,paper,1.249643,0.041838,-0.01431385545804642,-0.011454355730433748,0.06683086,True
5,650.0,650.0,lane_b,fuel_mileage_lb_per_nmi,1.1068765743476106,paper,1.151026,0.044826,-0.04414942565238955,-0.03835658417133023,0.06784652,True
5,650.0,700.0,lane_b,fuel_mileage_lb_per_nmi,0.9691541810974872,paper,1.04942,0.044826,-0.08026581890251283,-0.07648588639678378,0.0658144,False
5,650.0,750.0,lane_b,fuel_mileage_lb_per_nmi,0.8219336628028209,paper,0.852186,0.044826,-0.030252337197179124,-0.03549968809295051,0.064826,True
5,650.0,800.0,lane_b,fuel_mileage_lb_per_nmi,0.6604546104218348,paper,0.75058,0.044826,-0.09012538957816518,-0.12007432862341813,0.064826,False
5,700.0,250.0,lane_b,fuel_mileage_lb_per_nmi,1.657054586547229,paper,1.65009,0.041838,0.006964586547228979,0.0042207313220666625,0.07483980000000001,True
5,700.0,300.0,lane_b,fuel_mileage_lb_per_nmi,1.6388520233429695,paper,1.65009,0.041838,-0.011237976657030524,-0.006810523460557014,0.07483980000000001,True
5,700.0,350.0,lane_b,fuel_mileage_lb_per_nmi,1.6178817972534565,paper,1.65009,0.041838,-0.03220820274654357,-0.01951905820079121,0.07483980000000001,True
5,700.0,400.0,lane_b,fuel_mileage_lb_per_nmi,1.5977145760069795,paper,1.65009,0.041838,-0.05237542399302053,-0.03174094988335214,0.07483980000000001,True
5,700.0,500.0,lane_b,fuel_mileage_lb_per_nmi,1.5703031395386522,paper,1.551472,0.044826,0.01883113953865223,0.012137595482646308,0.07585544,True
5,700.0,550.0,lane_b,fuel_mileage_lb_per_nmi,1.466888880595022,paper,1.449867,0.044826,0.017021880595021965,0.011740304865909745,0.07382334,True
5,700.0,600.0,lane_b,fuel_mileage_lb_per_nmi,1.3671537991595906,paper,1.348261,0.044826,0.018892799159590634,0.014012716498949859,0.07179121999999999,True
5,700.0,650.0,lane_b,fuel_mileage_lb_per_nmi,1.2587123454196456,paper,1.249643,0.041838,0.009069345419645547,0.0072575490917370375,0.06683086,True
5,700.0,700.0,lane_b,fuel_mileage_lb_per_nmi,1.1402988070611897,paper,1.151026,0.044826,-0.010727192938810415,-0.00931967908527732,0.06784652,True
5,700.0,750.0,lane_b,fuel_mileage_lb_per_nmi,1.0112477287984531,paper,1.04942,0.044826,-0.03817227120154687,-0.036374636657912816,0.0658144,True
5,700.0,800.0,lane_b,fuel_mileage_lb_per_nmi,0.8749442068333081,paper,0.947814,0.044826,-0.07286979316669195,-0.07688195486318196,0.064826,False
5,750.0,250.0,lane_b,fuel_mileage_lb_per_nmi,1.689990169131996,paper,1.65009,0.041838,0.03990016913199601,0.02418060174414487,0.07483980000000001,True
5,750.0,300.0,lane_b,fuel_mileage_lb_per_nmi,1.671827146640687,paper,1.65009,0.041838,0.021737146640687044,0.013173309722916351,0.07483980000000001,True
5,750.0,350.0,lane_b,fuel_mileage_lb_per_nmi,1.6538770620068437,paper,1.65009,0.041838,0.0037870620068436445,0.0022950639097525857,0.07483980000000001,True
5,750.0,400.0,lane_b,fuel_mileage_lb_per_nmi,1.631788902168627,paper,1.65009,0.041838,-0.018301097831373125,-0.011090969481284733,0.07483980000000001,True
5,750.0,450.0,lane_b,fuel_mileage_lb_per_nmi,1.6158026006986037,paper,1.65009,0.041838,-0.03428739930139635,-0.02077910859492291,0.07483980000000001,True
5,750.0,500.0,lane_b,fuel_mileage_lb_per_nmi,1.6034523295331928,paper,1.65009,0.041838,-0.046637670466807224,-0.028263713171285943,0.07483980000000001,True
5,750.0,700.0,lane_b,fuel_mileage_lb_per_nmi,1.2845358393647106,paper,1.348261,0.044826,-0.06372516063528932,-0.0472647066371343,0.07179121999999999,True
5,750.0,750.0,lane_b,fuel_mileage_lb_per_nmi,1.1749940351382502,paper,1.249643,0.041838,-0.07464896486174988,-0.0597362325574183,0.06683086,False
5,750.0,800.0,lane_b,fuel_mileage_lb_per_nmi,1.0548406374743495,paper,1.151026,0.044826,-0.09618536252565058,-0.08356489125845165,0.06784652,False
5,800.0,250.0,lane_b,fuel_mileage_lb_per_nmi,1.7236607469563925,paper,1.748707,0.044826,-0.025046253043607525,-0.01432272704552994,0.07980013999999999,True
5,800.0,300.0,lane_b,fuel_mileage_lb_per_nmi,1.7054575358006294,paper,1.65009,0.041838,0.055367535800629364,0.033554252071480564,0.07483980000000001,True
5,800.0,350.0,lane_b,fuel_mileage_lb_per_nmi,1.6874719629710655,paper,1.65009,0.041838,0.03738196297106544,0.022654499434009927,0.07483980000000001,True
5,800.0,400.0,lane_b,fuel_mileage_lb_per_nmi,1.6663184417485453,paper,1.65009,0.041838,0.016228441748545208,0.009834882793390183,0.07483980000000001,True
5,800.0,450.0,lane_b,fuel_mileage_lb_per_nmi,1.649601108672246,paper,1.65009,0.041838,-0.0004888913277540929,-0.00029628161358113373,0.07483980000000001,True
5,800.0,500.0,lane_b,fuel_mileage_lb_per_nmi,1.636940190877162,paper,1.65009,0.041838,-0.01314980912283814,-0.007969146605844614,0.07483980000000001,True
5,800.0,600.0,lane_b,fuel_mileage_lb_per_nmi,1.5703999454299975,paper,1.551472,0.044826,0.01892794542999754,0.012199991640195595,0.07585544,True
5,800.0,650.0,lane_b,fuel_mileage_lb_per_nmi,1.4914032913823432,paper,1.449867,0.044826,0.04153629138234316,0.028648345939553874,0.07382334,True
5,800.0,700.0,lane_b,fuel_mileage_lb_per_nmi,1.405823970165836,paper,1.449867,0.044826,-0.04404302983416408,-0.030377289664613432,0.07382334,True
5,800.0,750.0,lane_b,fuel_mileage_lb_per_nmi,1.3127771916173574,paper,1.348261,0.044826,-0.035483808382642534,-0.02631820425173059,0.07179121999999999,True
5,800.0,800.0,lane_b,fuel_mileage_lb_per_nmi,1.2111998477932793,paper,1.249643,0.041838,-0.03844315220672079,-0.03076330776607462,0.06683086,True
5,300.0,250.0,lane_b,electric_percent,46.9412144603376,paper,45.978349,0.290722,0.9628654603375963,0.020941714552160113,1.290722,True
5,300.0,300.0,lane_b,electric_percent,59.10625101585977,paper,57.607219,0.290722,1.4990320158597683,0.026021600102927523,1.44286638,False
5,300.0,350.0,lane_b,electric_percent,72.34578009946902,paper,70.689698,0.290722,1.6560820994690175,0.023427488676907592,1.7045159600000002,True
5,300.0,400.0,lane_b,electric_percent,87.03697742414754,paper,85.807229,0.290722,1.2297484241475303,0.01433152472675152,2.00686658,True
5,300.0,450.0,lane_b,electric_percent,99.92389299274326,paper,99.471152,0.290722,0.45274099274325863,0.004551480340182032,2.2801450400000003,True
5,300.0,500.0,lane_b,electric_percent,99.92396330619798,paper,99.471152,0.290722,0.4528113061979724,0.0045521872130119935,2.2801450400000003,True
5,300.0,550.0,lane_b,electric_percent,99.92400700065775,paper,99.471152,0.290722,0.452855000657749,0.004552626480667972,2.2801450400000003,True
5,300.0,600.0,lane_b,electric_percent,99.92403510276743,paper,99.471152,0.290722,0.45288310276743005,0.004552908995840623,2.2801450400000003,True
5,300.0,650.0,lane_b,electric_percent,99.92405072629786,paper,99.471152,0.290722,0.4528987262978603,0.004553066061785032,2.2801450400000003,True
5,300.0,700.0,lane_b,electric_percent,99.92406628460155,paper,99.471152,0.290722,0.4529142846015475,0.004553222471994166,2.2801450400000003,True
5,300.0,750.0,lane_b,electric_percent,99.92407494476203,paper,99.471152,0.290722,0.45292294476202244,0.004553309534024723,2.2801450400000003,True
5,300.0,800.0,lane_b,electric_percent,99.92407820284156,paper,99.471152,0.290722,0.45292620284155305,0.004553342288038979,2.2801450400000003,True
5,350.0,250.0,lane_b,electric_percent,9.743274697343267,paper,5.277303,0.290722,4.465971697343267,0.8462602388650543,1.290722,False
5,350.0,300.0,lane_b,electric_percent,47.37414838526949,paper,45.978349,0.290722,1.3957993852694912,0.030357753499793808,1.290722,False
5,350.0,350.0,lane_b,electric_percent,57.902384448791146,paper,56.15361,0.290722,1.7487744487911456,0.031142689647043986,1.4137942,False
5,350.0,400.0,lane_b,electric_percent,69.25003598480644,paper,67.782481,0.290722,1.4675549848064406,0.021650948197166765,1.64637162,True
5,350.0,450.0,lane_b,electric_percent,81.74359342663578,paper,80.283516,0.290722,1.4600774266357774,0.018186515730524027,1.8963923200000001,True
5,350.0,500.0,lane_b,electric_percent,95.90692654045642,paper,94.23816,0.290722,1.6687665404564314,0.017707970321751098,2.1754852,True
5,350.0,550.0,lane_b,electric_percent,99.92043151510025,paper,99.471152,0.290722,0.449279515100244,0.004516681530945213,2.2801450400000003,True
5,350.0,600.0,lane_b,electric_percent,99.92047518286981,paper,99.471152,0.290722,0.4493231828698043,0.004517120530280018,2.2801450400000003,True
5,350.0,650.0,lane_b,electric_percent,99.9205039084333,paper,99.471152,0.290722,0.4493519084333002,0.0045174093131373425,2.2801450400000003,True
5,350.0,700.0,lane_b,electric_percent,99.92052318462498,paper,99.471152,0.290722,0.4493711846249795,0.004517603099891509,2.2801450400000003,True
5,350.0,750.0,lane_b,electric_percent,99.92053633555537,paper,99.471152,0.290722,0.44938433555536506,0.004517735308377298,2.2801450400000003,True
5,350.0,800.0,lane_b,electric_percent,99.92054541183514,paper,99.471152,0.290722,0.44939341183513193,0.0045178265537241585,2.2801450400000003,True
5,400.0,250.0,lane_b,electric_percent,7.940119635077952,paper,4.405138,0.290722,3.534981635077952,0.8024678534651928,1.290722,False
5,400.0,300.0,lane_b,electric_percent,9.03262600737153,paper,5.277303,0.290722,3.75532300737153,0.7115988995461374,1.290722,False
5,400.0,350.0,lane_b,electric_percent,47.39918415313963,paper,45.978349,0.290722,1.4208351531396275,0.030902265610703583,1.290722,False
5,400.0,400.0,lane_b,electric_percent,56.70314968881905,paper,54.700002,0.290722,2.0031476888190554,0.036620614544384394,1.38472204,False
5,400.0,450.0,lane_b,electric_percent,66.64175953663363,paper,65.165985,0.290722,1.4757745366336223,0.022646393461767243,1.5940417,True
5,400.0,500.0,lane_b,electric_percent,77.53231976615564,paper,75.92269,0.290722,1.609629766155635,0.02120090537039237,1.8091758,True
5,400.0,550.0,lane_b,electric_percent,89.65115579961898,paper,88.133003,0.290722,1.5181527996189743,0.01722570147324918,2.05338206,True
5,400.0,600.0,lane_b,electric_percent,99.91780005308728,paper,99.471152,0.290722,0.44664805308727296,0.004490227006592554,2.2801450400000003,True
5,400.0,650.0,lane_b,electric_percent,99.91784337784777,paper,99.471152,0.290722,0.44669137784777035,0.004490662557600321,2.2801450400000003,True
5,400.0,700.0,lane_b,electric_percent,99.91787266883209,paper,99.471152,0.290722,0.4467206688320857,0.0044909570247269855,2.2801450400000003,True
5,400.0,750.0,lane_b,electric_percent,99.91789278584343,paper,99.471152,0.290722,0.44674078584343135,0.004491159264380806,2.2801450400000003,True
5,400.0,800.0,lane_b,electric_percent,99.91790676622506,paper,99.471152,0.290722,0.4467547662250553,0.004491299811477555,2.2801450400000003,True
5,450.0,250.0,lane_b,electric_percent,4.161975037766745,paper,3.823695,0.290722,0.3382800377667454,0.08846940924073322,1.290722,True
5,450.0,300.0,lane_b,electric_percent,7.059545591043415,paper,4.69586,0.290722,2.3636855910434154,0.50335520885278,1.290722,False
5,450.0,350.0,lane_b,electric_percent,39.29376307830142,paper,30.279374,0.290722,9.014389078301416,0.2977072471280752,1.290722,False
5,450.0,400.0,lane_b,electric_percent,47.13553444880901,paper,45.978349,0.290722,1.1571854488090096,0.02516805135410603,1.290722,True
5,450.0,450.0,lane_b,electric_percent,55.488401142065015,paper,53.827836,0.290722,1.6605651420650176,0.030849561592351915,1.3672787199999998,False
5,450.0,500.0,lane_b,electric_percent,64.33450822881306,paper,62.840211,0.290722,1.4942972288130676,0.023779315903523425,1.54752622,True
5,450.0,550.0,lane_b,electric_percent,73.9984917995432,paper,72.434029,0.290722,1.5644627995432074,0.02159845063351657,1.73940258,True
5,450.0,600.0,lane_b,electric_percent,84.66765466812551,paper,83.190734,0.290722,1.4769206681255014,0.017753427540686217,1.9545366800000001,True
5,450.0,650.0,lane_b,electric_percent,96.88127822333877,paper,95.110326,0.290722,1.7709522233387673,0.018619978479926223,2.19292852,True
5,450.0,700.0,lane_b,electric_percent,99.91580636791475,paper,99.471152,0.290722,0.444654367914751,0.004470184158666937,2.2801450400000003,True
5,450.0,750.0,lane_b,electric_percent,99.91583591772442,paper,99.471152,0.290722,0.4446839177244186,0.004470481227807823,2.2801450400000003,True
5,500.0,250.0,lane_b,electric_percent,3.06453530410007,paper,3.532973,0.290722,-0.46843769589993034,-0.13259022808833532,1.290722,True
5,500.0,300.0,lane_b,electric_percent,6.374265771249648,paper,4.405138,0.290722,1.9691277712496484,0.4470070565892938,1.290722,False
5,500.0,350.0,lane_b,electric_percent,6.362731026628998,paper,5.277303,0.290722,1.085428026628998,0.20567854956006845,1.290722,True
5,500.0,400.0,lane_b,electric_percent,39.59977659919799,paper,38.419583,0.290722,1.1801935991979846,0.030718542655655177,1.290722,True
5,500.0,450.0,lane_b,electric_percent,46.65235036022055,paper,45.106184,0.290722,1.5461663602205533,0.03427836768946257,1.290722,False
5,500.0,500.0,lane_b,electric_percent,54.24412164317511,paper,52.374228,0.290722,1.8698936431751108,0.03570255285051859,1.33820656,False
5,500.0,550.0,lane_b,electric_percent,62.215980277462315,paper,60.514437,0.290722,1.7015432774623136,0.02811797253376601,1.50101074,False
5,500.0,600.0,lane_b,electric_percent,70.90747414052969,paper,69.236089,0.290722,1.6713851405296793,0.024140374834426007,1.6754437800000002,True
5,500.0,650.0,lane_b,electric_percent,80.46129741987886,paper,78.829907,0.290722,1.631390419878855,0.020695069700879577,1.8673201400000001,True
5,500.0,700.0,lane_b,electric_percent,91.15359365117672,paper,89.29589,0.290722,1.8577036511767204,0.020803909913174285,2.0766398,True
5,500.0,750.0,lane_b,electric_percent,99.91418313900328,paper,99.471152,0.290722,0.4430311390032813,0.004453865569017249,2.2801450400000003,True
5,500.0,800.0,lane_b,electric_percent,99.91421257442965,paper,99.471152,0.290722,0.4430605744296514,0.004454161488243862,2.2801450400000003,True
5,550.0,250.0,lane_b,electric_percent,2.788186813646003,paper,2.951529,0.290722,-0.16334218635399678,-0.05534154885620192,1.290722,True
5,550.0,300.0,lane_b,electric_percent,5.815160267386213,paper,3.823695,0.290722,1.9914652673862134,0.5208222066315994,1.290722,False
5,550.0,350.0,lane_b,electric_percent,5.805061202276235,paper,4.405138,0.290722,1.3999232022762351,0.31779326828722165,1.290722,False
5,550.0,400.0,lane_b,electric_percent,5.797220903618154,paper,10.510295,0.290722,-4.713074096381845,-0.44842453008044453,1.290722,False
5,550.0,450.0,lane_b,electric_percent,39.58904761149649,paper,38.419583,0.290722,1.1694646114964868,0.030439284348726187,1.290722,True
5,550.0,500.0,lane_b,electric_percent,45.99156307862024,paper,44.52474,0.290722,1.4668230786202372,0.03294400098956753,1.290722,False
5,550.0,550.0,lane_b,electric_percent,52.959497164755234,paper,50.920619,0.290722,2.038878164755232,0.040040325604746324,1.30913438,False
5,550.0,600.0,lane_b,electric_percent,60.213486468564895,paper,58.479384,0.290722,1.7341024685648918,0.02965322734187644,1.46030968,False
5,550.0,650.0,lane_b,electric_percent,68.11242697075751,paper,66.03815,0.290722,2.0742769707575093,0.03141028285555409,1.611485,False
5,550.0,700.0,lane_b,electric_percent,76.77280846518103,paper,74.759803,0.290722,2.013005465181024,0.026926307780412745,1.78591806,False
5,550.0,750.0,lane_b,electric_percent,86.38320392731165,paper,84.644342,0.290722,1.7388619273116603,0.020543156060113983,1.9836088399999998,True
5,550.0,800.0,lane_b,electric_percent,97.5362577656786,paper,95.110326,0.290722,2.425931765678598,0.025506502476698462,2.19292852,False
5,600.0,250.0,lane_b,electric_percent,2.5584166370975328,paper,2.951529,0.290722,-0.3931123629024671,-0.13318939536168106,1.290722,True
5,600.0,300.0,lane_b,electric_percent,3.1645841684308125,paper,3.532973,0.290722,-0.36838883156918767,-0.10427162380499021,1.290722,True
5,600.0,350.0,lane_b,electric_percent,5.341286709865972,paper,3.823695,0.290722,1.5175917098659726,0.3968914125906937,1.290722,False
5,600.0,400.0,lane_b,electric_percent,5.334377632275252,paper,4.69586,0.290722,0.6385176322752519,0.13597458873885762,1.290722,True
5,600.0,450.0,lane_b,electric_percent,18.4846788202497,paper,20.104113,0.290722,-1.6194341797503,-0.08055238148284881,1.290722,False
5,600.0,500.0,lane_b,electric_percent,39.32392345009942,paper,38.419583,0.290722,0.9043404500994185,0.023538528518110634,1.290722,True
5,600.0,550.0,lane_b,electric_percent,45.179159855630225,paper,43.652575,0.290722,1.526584855630226,0.03497124409339486,1.290722,False
5,600.0,600.0,lane_b,electric_percent,51.56953470998067,paper,49.176288,0.290722,2.393246709980673,0.04866668077876624,1.290722,False
5,600.0,650.0,lane_b,electric_percent,58.27691390599221,paper,56.15361,0.290722,2.123303905992209,0.03781242035894414,1.4137942,False
5,600.0,700.0,lane_b,electric_percent,65.51492543709017,paper,63.421654,0.290722,2.0932714370901735,0.033005626707404596,1.5591550799999998,False
5,600.0,750.0,lane_b,electric_percent,73.43890002516557,paper,71.561863,0.290722,1.8770370251655635,0.02622957182047599,1.72195926,False
5,600.0,800.0,lane_b,electric_percent,82.19386959625515,paper,80.283516,0.290722,1.910353596255149,0.02379509133923767,1.8963923200000001,False
5,650.0,250.0,lane_b,electric_percent,2.364237344202774,paper,2.951529,0.290722,-0.5872916557972259,-0.19897878550311582,1.290722,True
5,650.0,300.0,lane_b,electric_percent,2.924591137302418,paper,2.951529,0.290722,-0.026937862697582027,-0.009126748440412419,1.290722,True
5,650.0,350.0,lane_b,electric_percent,4.949372985864718,paper,3.823695,0.290722,1.1256779858647183,0.29439533902801307,1.290722,True
5,650.0,450.0,lane_b,electric_percent,4.938403533615808,paper,5.277303,0.290722,-0.3388994663841922,-0.06421830741653307,1.290722,True
5,650.0,500.0,lane_b,electric_percent,33.883499581174696,paper,32.605148,0.290722,1.2783515811746966,0.03920704734033707,1.290722,True
5,650.0,550.0,lane_b,electric_percent,38.8455634166735,paper,37.547418,0.290722,1.2981454166734991,0.03457349362008059,1.290722,False
5,650.0,600.0,lane_b,electric_percent,44.23114838657761,paper,42.198966,0.290722,2.0321823865776096,0.04815716068914128,1.290722,False
5,650.0,650.0,lane_b,electric_percent,50.10126521239877,paper,47.72268,0.290722,2.378585212398775,0.04984181970498671,1.290722,False
5,650.0,700.0,lane_b,electric_percent,56.36964784432682,paper,54.40928,0.290722,1.960367844326818,0.036030027310172415,1.3789076,False
5,650.0,750.0,lane_b,electric_percent,63.04539016523584,paper,60.805159,0.290722,2.2402311652358335,0.03684278114026202,1.50682518,False
5,650.0,800.0,lane_b,electric_percent,70.34817055795668,paper,68.073202,0.290722,2.274968557956683,0.03341944393855137,1.65218604,False
5,700.0,250.0,lane_b,electric_percent,2.1978795425261923,paper,2.079364,0.290722,0.11851554252619234,0.056996053854059384,1.290722,True
5,700.0,300.0,lane_b,electric_percent,2.7190565313295263,paper,2.951529,0.290722,-0.23247246867047355,-0.07876340319558899,1.290722,True
5,700.0,350.0,lane_b,electric_percent,4.613670760635453,paper,3.532973,0.290722,1.080697760635453,0.30588905169540015,1.290722,True
5,700.0,400.0,lane_b,electric_percent,4.608327353728371,paper,3.823695,0.290722,0.7846323537283713,0.2052026518141147,1.290722,True
5,700.0,500.0,lane_b,electric_percent,4.7986977717182455,paper,5.277303,0.290722,-0.47860522828175434,-0.09069125427927,1.290722,True
5,700.0,550.0,lane_b,electric_percent,33.594674159871914,paper,31.732983,0.290722,1.8616911598719135,0.05866738591426824,1.290722,False
5,700.0,600.0,lane_b,electric_percent,38.18138631458203,paper,37.256696,0.290722,0.9246903145820298,0.02481943956012712,1.290722,True
5,700.0,650.0,lane_b,electric_percent,43.15693332300295,paper,41.326801,0.290722,1.8301323230029496,0.044284393631216445,1.290722,False
5,700.0,700.0,lane_b,electric_percent,48.57616255570439,paper,46.559793,0.290722,2.0163695557043937,0.04330709880313243,1.290722,False
5,700.0,750.0,lane_b,electric_percent,54.46339941629296,paper,52.374228,0.290722,2.089171416292956,0.039889302354832915,1.33820656,False
5,700.0,800.0,lane_b,electric_percent,60.65217907712628,paper,58.479384,0.290722,2.172795077126274,0.03715488995448847,1.46030968,False
5,750.0,250.0,lane_b,electric_percent,2.0537030602563533,paper,2.079364,0.290722,-0.025660939743646694,-0.012340763687188339,1.290722,True
5,750.0,300.0,lane_b,electric_percent,2.5409911774019887,paper,2.951529,0.290722,-0.4105378225980112,-0.13909327084301432,1.290722,True
5,750.0,350.0,lane_b,electric_percent,3.0277579468370597,paper,2.951529,0.290722,0.07622894683705983,0.025826934730121178,1.290722,True
5,750.0,400.0,lane_b,electric_percent,4.318085057927946,paper,3.823695,0.290722,0.4943900579279461,0.12929641562100172,1.290722,True
5,750.0,450.0,lane_b,electric_percent,4.314290274214445,paper,4.405138,0.290722,-0.09084772578555533,-0.020623128216540623,1.290722,True
5,750.0,500.0,lane_b,electric_percent,4.4853633844809035,paper,4.69586,0.290722,-0.21049661551909615,-0.0448259989691124,1.290722,True
5,750.0,700.0,lane_b,electric_percent,41.96125853248949,paper,40.454636,0.290722,1.5066225324894873,0.037242271379959696,1.290722,False
5,750.0,750.0,lane_b,electric_percent,46.98297225243584,paper,45.106184,0.290722,1.8767882524358441,0.04160822499273812,1.290722,False
5,750.0,800.0,lane_b,electric_percent,52.475995744022285,paper,50.048454,0.290722,2.4275417440222853,0.04850383078810557,1.2916910799999999,False
5,800.0,250.0,lane_b,electric_percent,1.9274968546312115,paper,2.079364,0.290722,-0.15186714536878854,-0.07303538263083738,1.290722,True
5,800.0,300.0,lane_b,electric_percent,2.385176848142835,paper,2.951529,0.290722,-0.5663521518571648,-0.19188432566888716,1.290722,True
5,800.0,350.0,lane_b,electric_percent,2.842370360166855,paper,2.951529,0.290722,-0.109158639833145,-0.036983759886196274,1.290722,True
5,800.0,400.0,lane_b,electric_percent,4.0640348943954105,paper,3.532973,0.290722,0.5310618943954104,0.15031586553178028,1.290722,True
5,800.0,450.0,lane_b,electric_percent,4.06072047499032,paper,3.823695,0.290722,0.23702547499032,0.061988593491457876,1.290722,True
5,800.0,500.0,lane_b,electric_percent,4.211385009335398,paper,4.69586,0.290722,-0.48447499066460153,-0.10317066323625525,1.290722,True
5,800.0,600.0,lane_b,electric_percent,28.75954282127137,paper,26.790713,0.290722,1.9688298212713704,0.0734892655253845,1.290722,False
5,800.0,650.0,lane_b,electric_percent,32.412282492006675,paper,31.15154,0.290722,1.260742492006674,0.0404712733947238,1.290722,True
5,800.0,700.0,lane_b,electric_percent,36.36128247287923,paper,34.349479,0.290722,2.0118034728792296,0.0585686750264605,1.290722,False
5,800.0,750.0,lane_b,electric_percent,40.64539389377259,paper,39.001027,0.290722,1.6443668937725917,0.04216214341670007,1.290722,False
5,800.0,800.0,lane_b,electric_percent,45.31093171355759,paper,43.652575,0.290722,1.6583567135575947,0.03798989437753889,1.290722,False
5,300.0,250.0,lane_b,MTOW_lb,12566.334,paper,12573.769939,13.810789,-7.435938999999053,-0.0005913850051395515,139.54848839,True
5,300.0,300.0,lane_b,MTOW_lb,12566.334,paper,12573.769939,13.810789,-7.435938999999053,-0.0005913850051395515,139.54848839,True
5,300.0,350.0,lane_b,MTOW_lb,12566.334,paper,12573.769939,13.810789,-7.435938999999053,-0.0005913850051395515,139.54848839,True
5,300.0,400.0,lane_b,MTOW_lb,12566.33399999998,paper,12573.769939,13.810789,-7.4359390000190615,-0.0005913850051411428,139.54848839,True
5,300.0,450.0,lane_b,MTOW_lb,12232.176899714832,paper,12394.229686,13.810789,-162.05278628516862,-0.01307485744501061,137.75308586,False
5,300.0,500.0,lane_b,MTOW_lb,11201.806114938716,paper,11358.420539,13.810789,-156.6144240612848,-0.013788398089640833,127.39499439000001,False
5,300.0,550.0,lane_b,MTOW_lb,10478.482595038036,paper,10598.827164,13.810789,-120.34456896196389,-0.011354517542349073,119.79906064000001,False
5,300.0,600.0,lane_b,MTOW_lb,9942.510985586658,paper,10115.449561,13.810789,-172.93857541334182,-0.017096479436772095,114.96528461,False
5,300.0,650.0,lane_b,MTOW_lb,9599.993240229664,paper,9922.09852,13.810789,-322.105279770336,-0.03246342284558731,113.0317742,False
5,300.0,700.0,lane_b,MTOW_lb,9200.926049791531,paper,9328.234609,13.810789,-127.30855920846807,-0.013647658377463958,107.09313508999999,False
5,300.0,750.0,lane_b,MTOW_lb,8933.540994344197,paper,9065.829625,13.810789,-132.288630655803,-0.014592004938081217,104.46908525,False
5,300.0,800.0,lane_b,MTOW_lb,8818.48004849124,paper,8844.857007,13.810789,-26.376958508761163,-0.0029821803210482545,102.25935907,True
5,350.0,250.0,lane_b,MTOW_lb,8818.48,paper,8485.776502,13.810789,332.70349799999894,0.039207195466624004,98.66855402,False
5,350.0,300.0,lane_b,MTOW_lb,12566.334,paper,12573.769939,13.810789,-7.435938999999053,-0.0005913850051395515,139.54848839,True
5,350.0,350.0,lane_b,MTOW_lb,12566.334,paper,12573.769939,13.810789,-7.435938999999053,-0.0005913850051395515,139.54848839,True
5,350.0,400.0,lane_b,MTOW_lb,12566.334,paper,12573.769939,13.810789,-7.435938999999053,-0.0005913850051395515,139.54848839,True
5,350.0,450.0,lane_b,MTOW_lb,12566.334,paper,12573.769939,13.810789,-7.435938999999053,-0.0005913850051395515,139.54848839,True
5,350.0,500.0,lane_b,MTOW_lb,12566.334,paper,12573.769939,13.810789,-7.435938999999053,-0.0005913850051395515,139.54848839,True
5,350.0,550.0,lane_b,MTOW_lb,11764.011258948583,paper,11924.662873,13.810789,-160.6516140514159,-0.013472214331120898,133.05741773,False
5,350.0,600.0,lane_b,MTOW_lb,10988.840800699563,paper,11137.44792,13.810789,-148.60711930043726,-0.013343013621062773,125.18526820000001,False
5,350.0,650.0,lane_b,MTOW_lb,10407.769583947951,paper,10805.988993,13.810789,-398.21940905204974,-0.036851731878499216,121.87067893000001,False
5,350.0,700.0,lane_b,MTOW_lb,9955.93681188678,paper,10115.449561,13.810789,-159.5127491132189,-0.01576921995916212,114.96528461,False
5,350.0,750.0,lane_b,MTOW_lb,9594.408834333402,paper,9770.179845,13.810789,-175.77101066659816,-0.017990560404735123,111.51258745000001,False
5,350.0,800.0,lane_b,MTOW_lb,9298.4470835786,paper,9438.720918,13.810789,-140.27383442140126,-0.014861530035695165,108.19799818000001,False
5,400.0,250.0,lane_b,MTOW_lb,8920.940971581198,paper,8692.938332,13.810789,228.0026395811983,0.02622848924878331,100.74017232,False
5,400.0,300.0,lane_b,MTOW_lb,8818.48000000004,paper,8554.830445,13.810789,263.64955500004,0.030818793744081037,99.35909345,False
5,400.0,350.0,lane_b,MTOW_lb,12566.334,paper,12573.769939,13.810789,-7.435938999999053,-0.0005913850051395515,139.54848839,True
5,400.0,400.0,lane_b,MTOW_lb,12566.334,paper,12573.769939,13.810789,-7.435938999999053,-0.0005913850051395515,139.54848839,True
5,400.0,450.0,lane_b,MTOW_lb,12566.333999997874,paper,12573.769939,13.810789,-7.435939002125451,-0.0005913850053086653,139.54848839,True
5,400.0,500.0,lane_b,MTOW_lb,12566.334,paper,12573.769939,13.810789,-7.435938999999053,-0.0005913850051395515,139.54848839,True
5,400.0,550.0,lane_b,MTOW_lb,12566.334,paper,12573.769939,13.810789,-7.435938999999053,-0.0005913850051395515,139.54848839,True
5,400.0,600.0,lane_b,MTOW_lb,12277.897205112542,paper,12435.662052,13.810789,-157.76484688745768,-0.012686485546789583,138.16740951999998,False
5,400.0,650.0,lane_b,MTOW_lb,11460.3823948779,paper,11620.825523,13.810789,-160.44312812209864,-0.013806517256846233,130.01904423,False
5,400.0,700.0,lane_b,MTOW_lb,10841.687451790282,paper,11275.555807,13.810789,-433.8683552097191,-0.0384786668290328,126.56634707,False
5,400.0,750.0,lane_b,MTOW_lb,10356.623914212592,paper,10557.394798,13.810789,-200.770883787407,-0.01901708590318524,119.38473698,False
5,400.0,800.0,lane_b,MTOW_lb,9966.06742106227,paper,10143.071139,13.810789,-177.00371793773047,-0.017450702603982838,115.24150039,False
5,450.0,250.0,lane_b,MTOW_lb,8818.480000415668,paper,8844.857007,13.810789,-26.377006584332776,-0.002982185756474918,102.25935907,True
5,450.0,300.0,lane_b,MTOW_lb,8885.653804132646,paper,8817.235429,13.810789,68.41837513264545,0.007759617590295541,101.98314329,True
5,450.0,350.0,lane_b,MTOW_lb,12566.333999999972,paper,11316.988173,13.810789,1249.345826999972,0.11039561126171833,126.98067073,False
5,450.0,400.0,lane_b,MTOW_lb,12566.334,paper,12573.769939,13.810789,-7.435938999999053,-0.0005913850051395515,139.54848839,True
5,450.0,450.0,lane_b,MTOW_lb,12566.334,paper,12573.769939,13.810789,-7.435938999999053,-0.0005913850051395515,139.54848839,True
5,450.0,500.0,lane_b,MTOW_lb,12566.333999999984,paper,12573.769939,13.810789,-7.4359390000154235,-0.0005913850051408535,139.54848839,True
5,450.0,550.0,lane_b,MTOW_lb,12566.334,paper,12573.769939,13.810789,-7.435938999999053,-0.0005913850051395515,139.54848839,True
5,450.0,600.0,lane_b,MTOW_lb,12566.334,paper,12573.769939,13.810789,-7.435938999999053,-0.0005913850051395515,139.54848839,True
5,450.0,650.0,lane_b,MTOW_lb,12566.334,paper,12573.769939,13.810789,-7.435938999999053,-0.0005913850051395515,139.54848839,True
5,450.0,700.0,lane_b,MTOW_lb,11898.009202385794,paper,12076.581548,13.810789,-178.57234561420591,-0.01478666333717419,134.57660448000001,False
5,450.0,750.0,lane_b,MTOW_lb,11247.553419250064,paper,11413.663693,13.810789,-166.11027374993682,-0.014553633103086105,127.94742593000001,False
5,500.0,250.0,lane_b,MTOW_lb,8913.31780504489,paper,8913.91095,13.810789,-0.5931449551098922,-6.654149434933408e-05,102.9498985,True
5,500.0,300.0,lane_b,MTOW_lb,9056.451086313207,paper,8969.154104,13.810789,87.29698231320799,0.009733022902826021,103.50233003999999,True
5,500.0,350.0,lane_b,MTOW_lb,8907.774623856865,paper,8955.343316,13.810789,-47.568692143135195,-0.005311766446535548,103.36422216000001,True
5,500.0,400.0,lane_b,MTOW_lb,12566.334,paper,12573.769939,13.810789,-7.435938999999053,-0.0005913850051395515,139.54848839,True
5,500.0,450.0,lane_b,MTOW_lb,12566.334,paper,12573.769939,13.810789,-7.435938999999053,-0.0005913850051395515,139.54848839,True
5,500.0,500.0,lane_b,MTOW_lb,12566.333999999952,paper,12573.769939,13.810789,-7.435939000048165,-0.0005913850051434574,139.54848839,True
5,500.0,550.0,lane_b,MTOW_lb,12566.334,paper,12573.769939,13.810789,-7.435938999999053,-0.0005913850051395515,139.54848839,True
5,500.0,600.0,lane_b,MTOW_lb,12566.334,paper,12573.769939,13.810789,-7.435938999999053,-0.0005913850051395515,139.54848839,True
5,500.0,650.0,lane_b,MTOW_lb,12566.333999935778,paper,12573.769939,13.810789,-7.4359390642221115,-0.0005913850102472526,139.54848839,True
5,500.0,700.0,lane_b,MTOW_lb,12566.333999998693,paper,12573.769939,13.810789,-7.435939001306906,-0.0005913850052435659,139.54848839,True
5,500.0,750.0,lane_b,MTOW_lb,12305.784200712676,paper,12490.905207,13.810789,-185.12100628732333,-0.014820463626893916,138.71984107,False
5,500.0,800.0,lane_b,MTOW_lb,11628.33385075085,paper,11814.176564,13.810789,-185.8427132491488,-0.015730483816827845,131.95255464000002,False
5,550.0,250.0,lane_b,MTOW_lb,9082.638854142337,paper,9065.829625,13.810789,16.809229142336335,0.0018541302713193592,104.46908525,True
5,550.0,300.0,lane_b,MTOW_lb,9232.9422822578,paper,9065.829625,13.810789,167.11265725779958,0.018433244851300587,104.46908525,False
5,550.0,350.0,lane_b,MTOW_lb,9078.295428230327,paper,9134.883568,13.810789,-56.588139769672125,-0.0061947302719767006,105.15962468,True
5,550.0,400.0,lane_b,MTOW_lb,8965.826263006307,paper,9632.071959,13.810789,-666.2456959936935,-0.06916950982401744,110.13150859000001,False
5,550.0,450.0,lane_b,MTOW_lb,12566.33399999998,paper,12573.769939,13.810789,-7.4359390000190615,-0.0005913850051411428,139.54848839,True
5,550.0,500.0,lane_b,MTOW_lb,12566.333999626711,paper,12573.769939,13.810789,-7.43593937328842,-0.0005913850348274947,139.54848839,True
5,550.0,550.0,lane_b,MTOW_lb,12566.333999999966,paper,12573.769939,13.810789,-7.435939000033613,-0.0005913850051423002,139.54848839,True
5,550.0,600.0,lane_b,MTOW_lb,12566.334,paper,12573.769939,13.810789,-7.435938999999053,-0.0005913850051395515,139.54848839,True
5,550.0,650.0,lane_b,MTOW_lb,12566.333999999955,paper,12573.769939,13.810789,-7.435939000044527,-0.000591385005143168,139.54848839,True
5,550.0,700.0,lane_b,MTOW_lb,12566.334,paper,12573.769939,13.810789,-7.435938999999053,-0.0005913850051395515,139.54848839,True
5,550.0,750.0,lane_b,MTOW_lb,12566.333999999972,paper,12573.769939,13.810789,-7.435939000028156,-0.0005913850051418661,139.54848839,True
5,550.0,800.0,lane_b,MTOW_lb,12566.333999999888,paper,12573.769939,13.810789,-7.43593900011183,-0.0005913850051485208,139.54848839,True
5,600.0,250.0,lane_b,MTOW_lb,9257.55952494476,paper,9272.991454,13.810789,-15.431929055241199,-0.0016641802304891023,106.54070354000001,True
5,600.0,300.0,lane_b,MTOW_lb,9201.736567252234,paper,9245.369877,13.810789,-43.63330974776545,-0.004719476919610693,106.26448776999999,True
5,600.0,350.0,lane_b,MTOW_lb,9254.495479087169,paper,9217.7483,13.810789,36.74717908716957,0.0039865678570513334,105.988272,True
5,600.0,400.0,lane_b,MTOW_lb,9137.509523323391,paper,9286.802243,13.810789,-149.2927196766086,-0.01607579398916771,106.67881143,False
5,600.0,450.0,lane_b,MTOW_lb,10382.640484015545,paper,10723.124261,13.810789,-340.4837769844562,-0.031752292400713436,121.04203161000001,False
5,600.0,500.0,lane_b,MTOW_lb,12566.334,paper,12573.769939,13.810789,-7.435938999999053,-0.0005913850051395515,139.54848839,True
5,600.0,550.0,lane_b,MTOW_lb,12566.334,paper,12573.769939,13.810789,-7.435938999999053,-0.0005913850051395515,139.54848839,True
5,600.0,600.0,lane_b,MTOW_lb,12566.334,paper,12573.769939,13.810789,-7.435938999999053,-0.0005913850051395515,139.54848839,True
5,600.0,650.0,lane_b,MTOW_lb,12566.334,paper,12573.769939,13.810789,-7.435938999999053,-0.0005913850051395515,139.54848839,True
5,600.0,700.0,lane_b,MTOW_lb,12566.333999999646,paper,12573.769939,13.810789,-7.4359390003537555,-0.0005913850051677612,139.54848839,True
5,600.0,750.0,lane_b,MTOW_lb,12566.333999999995,paper,12573.769939,13.810789,-7.43593900000451,-0.0005913850051399855,139.54848839,True
5,600.0,800.0,lane_b,MTOW_lb,12566.333999971135,paper,12573.769939,13.810789,-7.4359390288645955,-0.0005913850074352466,139.54848839,True
5,650.0,250.0,lane_b,MTOW_lb,9438.405148099484,paper,9549.207227,13.810789,-110.80207890051679,-0.011603275148038295,109.30286127000001,False
5,650.0,300.0,lane_b,MTOW_lb,9380.544053494685,paper,9397.288552,13.810789,-16.744498505315278,-0.0017818436044247667,107.78367452,True
5,650.0,350.0,lane_b,MTOW_lb,9436.708690194742,paper,9397.288552,13.810789,39.42013819474232,0.00419484173297548,107.78367452,True
5,650.0,450.0,lane_b,MTOW_lb,9222.490422362876,paper,9355.856186,13.810789,-133.36576363712447,-0.01425478983277784,107.36935086000001,False
5,650.0,500.0,lane_b,MTOW_lb,12566.333999999975,paper,12573.769939,13.810789,-7.4359390000245185,-0.0005913850051415768,139.54848839,True
5,650.0,550.0,lane_b,MTOW_lb,12566.333999999992,paper,12573.769939,13.810789,-7.435939000008148,-0.0005913850051402748,139.54848839,True
5,650.0,600.0,lane_b,MTOW_lb,12566.33399984883,paper,12573.769939,13.810789,-7.435939151169805,-0.0005913850171622585,139.54848839,True
5,650.0,650.0,lane_b,MTOW_lb,12566.3339999999,paper,12573.769939,13.810789,-7.435939000099097,-0.0005913850051475081,139.54848839,True
5,650.0,700.0,lane_b,MTOW_lb,12566.334,paper,12573.769939,13.810789,-7.435938999999053,-0.0005913850051395515,139.54848839,True
5,650.0,750.0,lane_b,MTOW_lb,12566.334,paper,12573.769939,13.810789,-7.435938999999053,-0.0005913850051395515,139.54848839,True
5,650.0,800.0,lane_b,MTOW_lb,12566.333999999935,paper,12573.769939,13.810789,-7.435939000064536,-0.0005913850051447594,139.54848839,True
5,700.0,250.0,lane_b,MTOW_lb,9625.5174676472,paper,9632.071959,13.810789,-6.554491352801051,-0.0006804861280834468,110.13150859000001,True
5,700.0,300.0,lane_b,MTOW_lb,9565.503090215989,paper,9604.450382,13.810789,-38.94729178401212,-0.004055129677904782,109.85529282000002,True
5,700.0,350.0,lane_b,MTOW_lb,9625.285028796465,paper,9563.018016,13.810789,62.26701279646477,0.006511230313723668,109.44096916000001,True
5,700.0,400.0,lane_b,MTOW_lb,9498.453934362942,paper,9549.207227,13.810789,-50.75329263705862,-0.00531492211139326,109.30286127000001,True
5,700.0,500.0,lane_b,MTOW_lb,9345.923251238357,paper,9507.774861,13.810789,-161.85160976164298,-0.01702307975607869,108.88853761,False
5,700.0,550.0,lane_b,MTOW_lb,12566.333999999766,paper,12573.769939,13.810789,-7.435939000233702,-0.0005913850051582133,139.54848839,True
5,700.0,600.0,lane_b,MTOW_lb,12566.333999970464,paper,12573.769939,13.810789,-7.4359390295358025,-0.0005913850074886281,139.54848839,True
5,700.0,650.0,lane_b,MTOW_lb,12566.334,paper,12573.769939,13.810789,-7.435938999999053,-0.0005913850051395515,139.54848839,True
5,700.0,700.0,lane_b,MTOW_lb,12566.334,paper,12573.769939,13.810789,-7.435938999999053,-0.0005913850051395515,139.54848839,True
5,700.0,750.0,lane_b,MTOW_lb,12566.334,paper,12573.769939,13.810789,-7.435938999999053,-0.0005913850051395515,139.54848839,True
5,700.0,800.0,lane_b,MTOW_lb,12566.333999999955,paper,12573.769939,13.810789,-7.435939000044527,-0.000591385005143168,139.54848839,True
5,750.0,250.0,lane_b,MTOW_lb,9819.257287015846,paper,9853.044577,13.810789,-33.787289984154995,-0.0034291218029221947,112.34123477000001,True
5,750.0,300.0,lane_b,MTOW_lb,9756.966275316216,paper,9825.423,13.810789,-68.45672468378507,-0.006967305599340106,112.065019,True
5,750.0,350.0,lane_b,MTOW_lb,9695.340328253473,paper,9825.423,13.810789,-130.08267174652792,-0.013239396588475418,112.065019,False
5,750.0,400.0,lane_b,MTOW_lb,9688.4023737276,paper,9783.990634,13.810789,-95.58826027239957,-0.009769864245395348,111.65069534,True
5,750.0,450.0,lane_b,MTOW_lb,9588.144006019906,paper,9770.179845,13.810789,-182.03583898009492,-0.018631779748993445,111.51258745000001,False
5,750.0,500.0,lane_b,MTOW_lb,9528.4818118105,paper,9728.747479,13.810789,-200.26566718950016,-0.02058493836146779,111.09826379,False
5,750.0,700.0,lane_b,MTOW_lb,12566.334,paper,12573.769939,13.810789,-7.435938999999053,-0.0005913850051395515,139.54848839,True
5,750.0,750.0,lane_b,MTOW_lb,12566.334,paper,12573.769939,13.810789,-7.435938999999053,-0.0005913850051395515,139.54848839,True
5,750.0,800.0,lane_b,MTOW_lb,12566.334,paper,12573.769939,13.810789,-7.435938999999053,-0.0005913850051395515,139.54848839,True
5,800.0,250.0,lane_b,MTOW_lb,10020.015035778562,paper,10074.017195,13.810789,-54.00215922143798,-0.005360538718182918,114.55096095,True
5,800.0,300.0,lane_b,MTOW_lb,9955.31423474758,paper,10032.584829,13.810789,-77.27059425241896,-0.007701962711450198,114.13663729,True
5,800.0,350.0,lane_b,MTOW_lb,9891.320878698822,paper,10004.963252,13.810789,-113.64237330117794,-0.011358599770814826,113.86042152,True
5,800.0,400.0,lane_b,MTOW_lb,9885.158350964752,paper,10004.963252,13.810789,-119.8049010352479,-0.01197454683417241,113.86042152,False
5,800.0,450.0,lane_b,MTOW_lb,9780.64909651662,paper,9963.530886,13.810789,-182.881789483381,-0.01835511843902172,113.44609786000001,False
5,800.0,500.0,lane_b,MTOW_lb,9717.372577025635,paper,10032.584829,13.810789,-315.21225197436434,-0.03141884742037942,114.13663729,False
5,800.0,600.0,lane_b,MTOW_lb,12566.310312047395,paper,12532.337573,13.810789,33.9727390473945,0.002710806252186046,139.13416473,True
5,800.0,650.0,lane_b,MTOW_lb,12566.334,paper,12573.769939,13.810789,-7.435938999999053,-0.0005913850051395515,139.54848839,True
5,800.0,700.0,lane_b,MTOW_lb,12566.334,paper,12573.769939,13.810789,-7.435938999999053,-0.0005913850051395515,139.54848839,True
5,800.0,750.0,lane_b,MTOW_lb,12566.334,paper,12573.769939,13.810789,-7.435938999999053,-0.0005913850051395515,139.54848839,True
5,800.0,800.0,lane_b,MTOW_lb,12566.334,paper,12573.769939,13.810789,-7.435938999999053,-0.0005913850051395515,139.54848839,True
5,500.0,250.0,pilot,objective,387.2018691033783,truth,387.201680140091,0.0,0.00018896328731443646,4.880229012592839e-07,3.8720168014009104,True
5,500.0,250.0,pilot,MTOW_lb,8913.334326385826,truth,8913.328252574218,0.0,0.00607381160807563,6.814302621830941e-07,89.13328252574217,True
5,500.0,250.0,pilot,fuel_mileage_lb_per_nmi,1.5290013131293843,truth,1.5290006014201405,0.0,7.117092437614048e-07,4.654734884344499e-07,0.03058001202840281,True
5,500.0,250.0,pilot,W_battery_kg,138.4020954045348,truth,138.40137873759724,0.0,0.0007166669375635593,5.178177732769031e-06,5.0,True
5,500.0,250.0,pilot,S_ref_m2,24.14228380455091,truth,24.14226735308297,0.0,1.645146793904928e-05,6.814383959238371e-07,0.48284534706165944,True
5,500.0,250.0,pilot,cruise_hybridization,0.0010000000000000054,truth,0.001000003733986903,0.0,-3.733986897458408e-09,-3.7339729548522986e-06,0.01,True
5,500.0,250.0,pilot,electric_percent,3.064557201228399,truth,3.0645359523730606,0.0,2.1248855338384942e-05,6.93379215275012e-06,1.0,True
5,500.0,250.0,pilot,doc_per_nmi,0.698313501249386,truth,0.698313154746964,0.0,3.4650242197731274e-07,4.961991903229562e-07,0.01396626309493928,True
5,500.0,250.0,pilot,fuel_mileage_lb_per_nmi,1.5290013131293843,paper,1.551472,0.044826,-0.022470686870615708,-0.014483462718383387,0.07585544,True
5,500.0,250.0,pilot,doc_per_nmi,0.698313501249386,paper,0.695411,0.002035,0.002902501249385958,0.004173792547696194,0.01594322,True
5,500.0,250.0,pilot,electric_percent,3.064557201228399,paper,3.532973,0.290722,-0.4684157987716011,-0.13258403015579262,1.290722,True
5,500.0,250.0,pilot,MTOW_lb,8913.334326385826,paper,8913.91095,13.810789,-0.5766236141735135,-6.468806087562648e-05,102.9498985,True
