{
  "mission_range_nmi": 1500.0,
  "method": "multipoint",
  "AR": 9.45,
  "taper": 0.159,
  "c4sweep_deg": 25.0,
  "twist_cp_deg": [
    -2.0,
    -0.6666666666666667,
    0.6666666666666665,
    2.0
  ],
  "toverc_cp": [
    0.12,
    0.12,
    0.12,
    0.12
  ],
  "skin_cp_m": [
    0.005,
    0.008333333333333333,
    0.011666666666666665,
    0.015
  ],
  "spar_cp_m": [
    0.005,
    0.006666666666666667,
    0.008333333333333333,
    0.01
  ],
  "W_wing_kg": 5518.516215255225
}