{
  "objective": "cost",
  "design_range_nm": 500.0,
  "spec_energy_whkg": 450.0,
  "converged": true,
  "MTOW_kg": 4413.943006243344,
  "MTOW_lb": 9731.078603115267,
  "fuel_burn_kg": 293.2220635714166,
  "fuel_burn_lb": 646.4439945747248,
  "W_battery_kg": 603.892346944954,
  "S_ref_m2": 26.357191680718028,
  "cruise_hybridization": 0.1812684014109644,
  "climb_hybridization": 0.001000000000070753,
  "descent_hybridization": 0.9999999999991502,
  "engine_rating_hp": 1568.6962614451065,
  "motor_rating_hp": 586.4495843909705,
  "generator_rating_hp": 1083.3170699870207,
  "MTOW_margin_lb": 1.1496013030409813e-09,
  "rotate_range_ft": 2889.1388135860843,
  "Vstall_kn": 81.64146868250535,
  "SOC_final": -1.177724584522366e-12,
  "doc_per_nmi_usd": 0.6997409487409032,
  "fuel_mileage_lb_per_nmi": 1.2928879891494496,
  "electric_percent": 18.12684014109644
}