{
  "objective": "fuel",
  "design_range_nm": 500.0,
  "spec_energy_whkg": 450.0,
  "converged": true,
  "MTOW_kg": 5700.0,
  "MTOW_lb": 12566.348944538022,
  "fuel_burn_kg": 176.2196621426579,
  "fuel_burn_lb": 388.4978535742519,
  "W_battery_kg": 1978.5723980341368,
  "S_ref_m2": 34.03668610317785,
  "cruise_hybridization": 0.6888108538823842,
  "climb_hybridization": 0.7729545789601491,
  "descent_hybridization": 0.2976391954668347,
  "engine_rating_hp": 321.6362208065799,
  "motor_rating_hp": 665.6369427483015,
  "generator_rating_hp": 311.9871341812101,
  "MTOW_margin_lb": 2.495293301763013e-06,
  "rotate_range_ft": 4452.099737444693,
  "Vstall_kn": 81.64146868230723,
  "SOC_final": -3.520875396789691e-09,
  "mixed_objective_kg": 233.2196621426579,
  "fuel_mileage_lb_per_nmi": 0.7769957071485039,
  "electric_percent": 68.88108538823842
}