design_range_nm,spec_energy_whkg,objective,converged,feasible,start_name,starts_tried,objective_value,mixed_objective_kg,doc_per_nmi,trip_doc_usd,MTOW_kg,MTOW_lb,fuel_burn_kg,fuel_burn_lb,fuel_mileage_lb_per_nmi,W_battery_kg,W_battery_lb,S_ref_m2,S_ref_ft2,cruise_hybridization,climb_hybridization,descent_hybridization,electric_percent,electric_energy_frac,battery_energy_frac,engine_rating_hp,motor_rating_hp,generator_rating_hp,W_fuel_max_kg,OEW_kg,MTOW_margin_lb,rotate_range_ft,Vstall_kn,SOC_final,engineoutclimb_gamma,max_constraint_violation,n_iter,wall_time_s,error
300.0,300.0,fuel,True,True,upstream,upstream,179.47082129395247,179.47082129395247,0.7264885827932214,217.94657483796638,5699.999999999914,12566.34894425981,122.47082129395334,270.00194313507467,0.9000064771169156,1594.884545732973,3516.118548682129,34.036686103213064,366.36784009665416,0.6598915114980685,0.7478808751103616,0.22331126297048964,65.98915114980684,0.5910625104773508,0.24646504046375486,350.04457820459106,652.4727598755981,339.54324085939567,500.0,3529.052262736557,5.212386895436794e-07,4452.099737342949,81.64146868226439,-1.7309524785735775e-09,0.03061689676914483,1.7309524785735775e-09,51,84.27285933494568,
300.0,350.0,fuel,True,True,upstream,upstream,139.9210436905367,139.9210436905367,0.6258068057032473,187.74204171097418,5700.0,12566.34894426,82.9210436905367,182.80960874342338,0.6093653624780779,1670.1361776564625,3682.019998748021,34.03668610576871,366.36784012416285,0.7699725746745429,0.8293769659236452,0.47530004190865976,76.99725746745429,0.7234577991141085,0.371142913518728,236.91018077516335,652.4727599234093,229.80287540835695,500.0,3493.3504090553065,-8.869315024639945e-07,4452.0997352501445,81.64146867919999,-3.2225638824101566e-11,0.03061689677845722,8.869315024639945e-07,55,83.0809063911438,
300.0,300.0,fuel,True,True,high,high,179.47082188091105,179.47082188091105,0.7264885843727735,217.94657531183205,5700.0,12566.34894426,122.47082188091105,270.0019444290949,0.9000064814303164,1594.8845456523939,3516.1185485044825,34.03668610302632,366.367840094644,0.659891509446415,0.7478808728862671,0.22331126153788725,65.9891509446415,0.5910625085054672,0.24646503895913494,350.04457823232093,652.4727598710493,339.54324088536384,500.0,3529.052262738243,-5.986598807794508e-07,4452.099737530913,81.64146868248898,1.5274404102649797e-09,0.030616896768297604,5.986598807794508e-07,81,181.39607071876526,
300.0,400.0,fuel,True,True,upstream,upstream,95.9226380411343,95.9226380411343,0.5140091662640438,154.20274987921314,5699.999999999102,12566.348944258021,38.92263804114328,85.80972832563772,0.28603242775212573,1756.4351444789486,3872.2766532428413,34.03668610300639,366.3678400944295,0.89210915535826,0.9200643103473916,0.7542146791117442,89.21091553582599,0.870369774859,0.6017850794033053,111.20428603383252,652.472759871112,107.86815744442032,500.0000001738537,3451.049847493977,-3.299510353826918e-08,4452.099737528599,81.64146868250646,5.245248679841552e-11,0.030616896768312703,3.299510353826918e-08,63,93.4722101688385,
300.0,250.0,fuel,True,True,high,high,215.71895073893455,215.71895073893455,0.819436023298022,245.8308069894066,5699.999999999996,12566.348944259991,158.71895073893458,349.915389307415,1.1663846310247168,1524.8086569458073,3361.6276590192024,34.03668610303603,366.3678400947486,0.5520109034080773,0.6681324916382564,0.01,55.20109034080774,0.4694121429838418,0.1674133417322471,460.7679842898587,652.4727598710767,446.94494476116904,500.0,3562.8800226086287,-6.467803359555546e-07,4452.099737528037,81.6414686824773,2.0741310847657846e-09,0.03061689676830904,6.467803359555546e-07,119,290.6513214111328,
300.0,450.0,fuel,True,True,upstream,upstream,55.70715061662133,55.70715061662133,0.4013969921657615,120.41909764972846,5548.428709157613,12232.191447653448,0.22286352504519355,0.49132996888872454,0.001637766562962415,1745.4492987799163,3848.0570092951507,33.131601112029585,356.6255863320467,0.999,0.999,1.0,99.9,0.9992389299274332,0.9966223408862425,1.3552871379273312,635.2809798891523,1.3146285313126964,500.0000004732035,3349.164176853068,-9.181349014397711e-10,4452.099737533875,81.64146868249946,-4.64628335805628e-14,0.030604430795778795,5.729281460846912e-09,75,138.0176739692688,
300.0,400.0,fuel,False,True,high,high,95.92263659220522,95.92263659220522,0.5140091630305756,154.2027489091727,5700.0,12566.34894426,38.92263659220522,85.8097251312761,0.28603241710425364,1756.435151707308,3872.276669178646,34.03668614000793,366.3678404927108,0.8921091547703878,0.9200643153802828,0.7542146921138728,89.21091547703878,0.8703697797424306,0.6017850897514526,111.20428197221202,652.4727605724798,107.868154580365,500.0,3451.0498474446304,-1.266366916752304e-05,4452.099706925577,81.64146863813635,-1.7881781333439761e-09,0.03061689690457511,1.266366916752304e-05,71,153.79569816589355,
300.0,450.0,fuel,True,True,high,high,55.707150623227975,55.707150623227975,0.4013969921852187,120.4190976555656,5548.42870910951,12232.191447547399,0.22286353213286858,0.49132998451437326,0.001637766615047911,1745.4492987650965,3848.0570092624785,33.13160111173753,356.625586328903,0.9989999999767493,0.9989999999695912,0.9999999999846664,99.89999999767493,0.9992389299032225,0.9966223407790759,1.3552871717655746,635.2809798839052,1.3146285311244437,500.0,3349.1641768336517,-4.711591827799566e-08,4452.099737527692,81.6414686825054,2.4312551971661378e-11,0.030604430795804737,4.711591827799566e-08,75,105.4208631515503,
300.0,500.0,fuel,True,True,upstream,upstream,51.01502690705256,51.01502690705256,0.3544712276494188,106.34136829482563,5081.0598268774975,11201.819437053322,0.2044286382775836,0.45068800049053015,0.0015022933349684339,1442.1427836999476,3179.380604810529,30.34077866632581,326.5854235375485,0.999,0.999,1.0,99.9,0.9992396330619955,0.9966250973911206,1.2419412186045566,582.2220006432473,1.2046831560379379,500.0000029299121,3185.120244762129,-4.913154043606482e-07,4452.099737498666,81.64146868250538,1.8695583969829954e-10,0.0305614556806274,4.913154043606482e-07,72,106.64442038536072,
300.0,350.0,fuel,True,True,high,high,139.92104373014658,139.92104373014658,0.6258068057637278,187.74204172911834,5699.999999999999,12566.348944259998,82.92104373014658,182.8096088307482,0.6093653627691606,1670.1361772605708,3682.019997875229,34.03668610301056,366.3678400944744,0.7699725745660201,0.8293769657246893,0.47530004180830515,76.99725745660201,0.7234577989732033,0.37114291335573674,236.91018091408895,652.4727598710648,229.80287548678726,500.0,3493.350408998328,2.4149358068825677e-08,4452.099737533618,81.64146868250786,-4.860242763804479e-11,0.030616896768288708,3.1748026419943575e-10,109,316.1810255050659,
300.0,500.0,fuel,True,True,high,high,51.015026927090915,51.015026927090915,0.354471227666216,106.3413682998648,5081.05982627816,11201.819435732008,0.20442866430932166,0.45068805788068883,0.0015022935262689627,1442.1427832721902,3179.380603867485,30.340778662746512,326.58542349902126,0.9989999998993592,0.9989999998884291,0.9999999999330598,99.89999998993592,0.9992396329650836,0.996625096962102,1.241941455765155,582.2220005774117,1.2046831706692989,500.0,3185.1202445823787,-5.306951607053634e-07,4452.099737412107,81.64146868250597,1.0211917422786598e-10,0.030561455680961976,5.306951607053634e-07,68,100.90027618408203,
300.0,550.0,fuel,True,True,high,high,47.72121388316007,47.72121388316007,0.3215270899264601,96.45812697793802,4752.965405442413,10478.495053471152,0.19155982873594016,0.42231713185938735,0.0014077237728646246,1229.046250428152,2709.583166932372,28.38161255496186,305.49713502337335,0.9989999999607251,0.9989999999559609,0.9999999999739302,99.89999999607251,0.9992400699686215,0.9966265681607297,1.164126871681701,544.8320950335238,1.1292030510852922,500.0,3070.1352254399226,-5.608508217846975e-07,4452.099737350573,81.6414686825657,-1.6519741130593957e-10,0.030509983773178168,5.608508217846975e-07,61,100.19977855682373,
300.0,550.0,fuel,True,True,upstream,upstream,47.721213885267765,47.721213885267765,0.3215270900048708,96.45812700146124,4752.96540660644,10478.495056037395,0.1915598192033649,0.4223171108436563,0.0014077237028121876,1229.046250969355,2709.5831681255204,28.381612561954608,305.4971350986427,0.999,0.999,1.0,99.9,0.9992400700066179,0.9966265683289602,1.1641268483171565,544.832095161435,1.1292030428583029,500.00000000000006,3070.1352258178817,4.547473508864641e-13,4452.099737532784,81.64146868250538,-1.4432899320127035e-15,0.03050998377250845,6.010303366074624e-12,104,190.85719513893127,
300.0,600.0,fuel,True,True,upstream,upstream,45.28058931593476,45.28058931593476,0.2971181826823993,89.13545480471979,4509.852484962898,9942.52280933015,0.18206446630577328,0.40138344104365165,0.0013379448034788388,1071.0616669361561,2361.286780270267,26.92990059676738,289.87103755450175,0.999,0.999,1.0,99.9,0.9992403510277861,0.9966274510199513,1.1063653821261907,517.1053138794182,1.0731744152384843,500.000000200839,2985.0163835803532,-4.390994945424609e-08,4452.099737537194,81.64146868250529,2.6252056084530295e-12,0.030469710601450716,4.390994945424609e-08,93,170.49896502494812,
300.0,250.0,fuel,True,True,upstream,upstream,215.71895041062027,215.71895041062027,0.8194360224097116,245.83080672291345,5700.0,12566.34894426,158.71895041062027,349.9153885836058,1.1663846286120194,1524.8086569459508,3361.627659019519,34.03668610301107,366.3678400944799,0.5520109047681359,0.6681324931267465,0.01000000008229506,55.20109047681358,0.46941214409059395,0.16741334234468375,460.7679842897657,652.4727598710941,446.9449447610824,500.0,3562.8800226079757,7.816106517566368e-08,4452.099737532666,81.64146868250727,-2.5106248417033905e-10,0.03061689676829362,2.5106248417033905e-10,239,566.6526441574097,
300.0,650.0,fuel,True,True,upstream,upstream,43.399143135782644,43.399143135782644,0.2783040433859245,83.49121301577735,4322.437554835902,9529.343614709107,0.1747675874236269,0.38529657679153706,0.001284321922638457,949.2215308528071,2092.675260017725,25.81078074628479,277.8249317383456,0.9989999999848228,0.9989999999820943,0.99999999998996,99.89999999848229,0.9992405369616801,0.9966280663377659,1.0617685836842927,495.76053951477405,1.0299155162627092,500.0,2919.448886421434,-5.6797034631017596e-08,4452.099737544177,81.64146868250532,1.5105611206323033e-11,0.030446255742142284,5.6797034631017596e-08,97,148.10263681411743,
300.0,600.0,fuel,True,True,high,high,45.280589318980624,45.280589318980624,0.29711818269942264,89.13545480982678,4509.8524852662995,9942.522809999035,0.18206446631762332,0.4013834410697765,0.0013379448035659217,1071.0616670194424,2361.286780453882,26.929900598576506,289.871037573975,0.999,0.999,1.0,99.9,0.9992403510277859,0.9966274510199497,1.1063653714330144,517.1053139186166,1.0731744225455326,500.0000000930538,2985.016383668226,2.4760902306297794e-07,4452.099737343212,81.64146868250921,1.579966713016745e-11,0.03046971060239989,1.1518793786014089e-08,91,223.08428812026978,
300.0,650.0,fuel,False,False,high,high,43.716715522781925,43.716715522781925,0.2804492330213397,84.1347699064019,4354.067819516926,9599.076411758415,0.1760373276126678,0.38809587473610524,0.0012936529157870176,955.8625216160519,2107.31613848554,25.999576747941724,279.8571149872138,0.998999939098286,0.99899965219244,0.9999999521050902,99.8999939098286,0.9992403359432819,0.9966272055986031,1.0820666631170497,499.3607880191801,1.0391751377132024,683.0186096796762,2944.4391495516625,-0.004980194885320088,4452.111679668346,81.64159323473956,-1.1055684214555939e-05,0.030449553851639465,0.004980194885320088,55,123.03135561943054,
300.0,700.0,fuel,True,True,upstream,upstream,41.90372967432637,41.90372967432637,0.26335213479635483,79.00564043890644,4173.474816497454,9200.936991962892,0.16898150935182532,0.37254045818294235,0.0012418015272764745,852.3541644451635,1879.1192727212447,24.921272331219686,268.25034284367536,0.998999999870791,0.998999999858899,0.9999999999143508,99.8999999870791,0.9992406627225764,0.996628522045149,1.0262745567908385,478.8202709509498,1.0,500.0,2867.359300570409,-6.055984158592764e-08,4452.099737532795,81.64146868250535,1.240932634427594e-10,0.03043456730206271,1.4109597853239897e-07,91,127.96854496002197,
300.0,700.0,fuel,True,True,high,high,41.90372965962883,41.90372965962883,0.2633521347615145,79.00564042845434,4173.474817769721,9200.93699476776,0.16898148193161822,0.3725403977317335,0.0012418013257724449,852.3541646971446,1879.119273276768,24.921272338817914,268.250342925462,0.999,0.999,1.0,99.9,0.9992406628460143,0.9966285225917805,1.0262742754362653,478.8202710973336,1.0,500.00000548682175,2867.3593011115245,1.056278961186763e-06,4452.09973745017,81.6414686825036,4.601652392466349e-12,0.030434567302515137,2.7444191847883803e-07,61,93.37663340568542,
300.0,800.0,fuel,True,True,upstream,upstream,40.16225749102944,40.16225749102944,0.24487761947431305,73.46328584229391,4000.000000000001,8818.490487200002,0.16225749102943265,0.3577165352799978,0.001192388450933326,716.5078255513334,1579.6293609071977,23.885393756500065,257.10023866280443,0.999,0.999,1.0,99.9,0.9992407820283848,0.9966289950253826,8.50900695483192,459.1113117849283,1.000121490873011,688.0039785855047,2826.054797687898,8.119072350666556,4452.098393540076,81.64146868250545,0.00038236184036294363,0.030427805653214034,6.767073673905712e-16,55,129.22137904167175,
300.0,750.0,fuel,True,True,upstream,upstream,40.68618742570175,40.68618742570175,0.2511799862616289,75.35399587848867,4052.190851442935,8933.551618942098,0.1642789112724073,0.36217300407582415,0.0012072433469194138,773.4701725931558,1705.2098397864215,24.197043515806406,260.454808753367,0.999,0.999,1.0,99.9,0.9992407494476202,0.9966288630384599,1.0,465.04025635592615,1.0000000008965244,500.00000168397,2824.964029953001,-3.195486897311639e-08,4452.099737531219,81.64146868249537,-4.359013150434521e-13,0.030429339119210683,3.195486897311639e-08,107,205.46834635734558,
300.0,750.0,fuel,True,True,high,high,40.68618744428636,40.68618744428636,0.2511799862939138,75.35399588817414,4052.1908510480785,8933.551618071588,0.16427893380557856,0.36217305375296327,0.0012072435125098776,773.4701724488427,1705.2098394682657,24.197043513442537,260.4548087279225,0.9989999999004697,0.9989999998681263,0.9999999999342108,99.89999999004698,0.999240749343403,0.9966288625769633,1.0000000861511433,465.0402561417687,1.0,500.0,2824.96402970878,-9.55712948780274e-08,4452.099745533007,81.64146868250558,8.418876706883793e-12,0.03042933908227519,9.55712948780274e-08,102,218.15517473220825,
300.0,800.0,fuel,True,True,high,high,40.162257523107876,40.162257523107876,0.2454703376216639,73.64110128649916,4000.000003195488,8818.490494244845,0.16225749115299906,0.3577165355524151,0.0011923884518413837,716.2336818153348,1579.0249774251904,23.8853937782614,257.10023889704144,0.999,0.999,1.0,99.9,0.9992407820283943,0.9966289950255448,14.023297888014053,459.11131123904545,1.0000023188452956,689.8130164329544,2828.6372067393268,3.030225463610577,4452.098436244173,81.64146867792532,-2.5000953943199455e-07,0.030427805455477682,2.5000953943199455e-07,60,210.96369552612305,
350.0,250.0,fuel,True,True,upstream,upstream,263.3870029120076,263.3870029120076,0.7119918754857256,249.19715642000395,4000.000000000002,8818.490487200004,223.38700291200757,492.4840400359144,1.4070972572454696,277.9925313764425,612.8686233639514,23.885393756509604,257.1002386629071,0.01063218771198132,0.2667408903054571,0.01,1.063218771198132,0.09743274754492619,0.025385296420785713,722.1742208562395,459.11128371517765,700.5089942305636,500.0,3045.0280957573837,-1.0104133707500296e-07,4452.099737529905,81.64146868248915,1.7753796800745736e-09,0.03042779945453998,1.0104133707500296e-07,50,132.0508360862732,
350.0,300.0,fuel,True,True,upstream,upstream,241.22218606155562,241.22218606155562,0.7661762991918223,268.1617047171378,5699.999999999994,12566.348944259986,184.22218606155567,406.1403988287543,1.1604011395107265,1495.8684435589682,3297.825409906858,34.03668610316217,366.3678400961063,0.5408983946129439,0.659923838601011,0.010000000101799508,54.08983946129439,0.47374148412236317,0.16939523504364834,472.164961696381,652.4727598542471,458.00001284551604,500.0,3566.316999498362,1.9425101527303923e-06,4452.099738056697,81.641468682326,-6.20414624015464e-09,0.030616896765773813,6.20414624015464e-09,79,175.50829911231995,
350.0,250.0,fuel,False,False,high,high,nan,nan,nan,nan,nan,nan,nan,nan,nan,nan,nan,nan,nan,nan,nan,nan,nan,nan,nan,nan,nan,nan,nan,nan,nan,nan,nan,nan,nan,nan,nan,241.7226128578186,"RuntimeError: NaN entries found in <model> <class HybridTwinWithCost> for rows associated with states/residuals ['v0v1.propmodel.prop1.J', 'v0v1.propmodel.prop2.J', 'v0v1.fltcond|q', 'v0v1.fltcond|Ueas', 'v0v1.fltcond|M', 'v0v1.fltcond|cosg"
350.0,350.0,fuel,True,True,upstream,upstream,204.54380800519556,204.54380800519556,0.6862342517197169,240.18198810190088,5700.0,12566.34894426,147.54380800519556,325.27841683477004,0.9293669052422001,1563.8851211184613,3447.7765159141927,34.03668610299169,366.36784009427123,0.6412066708155896,0.7340609029824827,0.1792205362424517,64.12066708155896,0.5790238455955474,0.23698423724465173,369.2323586742792,652.4727598711692,358.1553879140229,500.0,3534.978700304218,1.2613209037226625e-06,4452.099737534145,81.6414686825305,-2.81785892536357e-09,0.030616896768291255,2.81785892536357e-09,67,149.23474764823914,
350.0,350.0,fuel,False,True,high,high,204.54380375016723,204.54380375016723,0.6862342436430287,240.18198527506004,5700.0,12566.34894426,147.54380375016723,325.27840745403836,0.9293668784401096,1563.8851431936232,3447.776564581594,34.03668616741022,366.3678407876665,0.6412066696518106,0.7340609214914446,0.17922056972302475,64.12066696518106,0.5790238581214789,0.23698424647197192,369.2323477739991,652.4727599992653,358.155380062168,500.0,3534.9786990425955,-3.524394742271397e-05,4452.099720235544,81.64146860527235,-1.0892836826981167e-08,0.030616896834965945,3.524394742271397e-05,67,139.10236191749573,
350.0,400.0,fuel,True,True,upstream,upstream,164.9011131863747,164.9011131863747,0.6007445614430624,210.26059650507185,5700.0,12566.34894426,107.90111318637467,237.88123504808388,0.6796606715659539,1634.5818097678257,3603.6360349969327,34.03668610300929,366.3678400944607,0.7378689824907988,0.8055903458104208,0.40119139871634507,73.78689824907988,0.6925003603297165,0.3365671602698005,269.9202026419005,652.4727598710824,261.82259656261743,500.0,3503.9247068358295,4.629050636140164e-07,4452.09973753342,81.6414686825094,-8.580651467138267e-10,0.030616896768290474,8.580651467138267e-10,62,104.90304136276245,
350.0,300.0,fuel,True,True,high,high,241.22218672360813,241.22218672360813,0.7661763007274496,268.16170525460734,5699.999999999996,12566.348944259991,184.22218672360816,406.14040028833017,1.1604011436809434,1495.8684432657205,3297.8254092603574,34.036686102990046,366.3678400942536,0.5408983917485728,0.6599238365040778,0.010000000645798082,54.08983917485728,0.47374148221355494,0.16939523397646303,472.1649620519804,652.4727598710743,458.00001319064444,500.0,3566.3169996087045,8.86176621861523e-07,4452.099737537365,81.64146868253245,-2.4091547558974247e-09,0.03061689676827539,2.4091547558974247e-09,105,299.01334404945374,
350.0,400.0,fuel,True,True,high,high,164.9011124609067,164.9011124609067,0.6007445597611322,210.26059591639626,5700.0,12566.34894426,107.90111246090669,237.88123344870075,0.6796606669962879,1634.5818097683114,3603.6360349980037,34.0366861029825,366.3678400941724,0.7378689850813616,0.8055903477407689,0.40119139988915903,73.78689850813616,0.6925003624057505,0.33656716243887014,269.92020264649346,652.4727598710697,261.82259656681606,500.0,3503.9247068365676,2.059590769931674e-06,4452.099737539079,81.64146868254153,-3.848465282563218e-09,0.030616896768269043,3.848465282563218e-09,100,166.59145736694336,
350.0,450.0,fuel,True,True,upstream,upstream,121.1465791004299,121.1465791004299,0.5064977801423096,177.27422304980837,5699.999999999947,12566.348944259884,64.14657910043043,141.41899939589203,0.40405428398826293,1714.1384920963135,3779.0284965736732,34.036686103010325,366.3678400944719,0.8442960518297371,0.8845877067350618,0.644871321714721,84.42960518297372,0.8174359289590014,0.5016802851932618,160.437628223529,652.4727598701177,155.62449948677082,500.0000031767156,3468.1225590636186,-5.741171662521083e-07,4452.099737564733,81.64146868250778,8.242907467703731e-10,0.030616896768141815,5.741171662521083e-07,57,98.89829993247986,
350.0,500.0,fuel,True,True,upstream,upstream,71.40354482249634,71.40354482249634,0.3997004091331803,139.8951431966131,5700.0,12566.34894426,14.403544822496347,31.75438074978571,0.09072680214224489,1809.9844292476741,3990.332617825184,34.03668610301291,366.3678400944997,0.965068415704678,0.9741372153825647,0.9204724683637178,96.5068415704678,0.959069263461385,0.8402629331715756,36.02086774638153,652.4727598710809,34.94024171401302,500.0,3422.0196555643092,8.058354978857096e-07,4452.099737532747,81.64146868250506,-1.089432183354333e-09,0.03061689676829287,1.089432183354333e-09,86,123.10642552375793,
350.0,450.0,fuel,True,True,high,high,121.14657850858381,121.14657850858381,0.5064977787781327,177.27422257234645,5699.999999999996,12566.348944259991,64.14657850858386,141.41899809109367,0.40405428026026763,1714.1384926020874,3779.0284976887137,34.036686103013906,366.3678400945104,0.8442960540608628,0.8845877085516993,0.6448713219808376,84.42960540608628,0.8174359306484139,0.501680288017926,160.43762772554368,652.4727598710726,155.6244988938477,500.0,3468.122558616802,6.00809926254442e-07,4452.099737532659,81.64146868250383,-9.52962181388628e-10,0.030616896768292403,9.52962181388628e-10,66,141.74041271209717,
350.0,550.0,fuel,True,True,upstream,upstream,53.623411364092426,53.623411364092426,0.3377384043214951,118.20844151252328,5336.0720942128255,11764.025250457296,0.2626904219641732,0.5791332467924039,0.0016546664194068681,1607.6373491497595,3544.2336675861447,31.8635457708363,342.97635223601185,0.999,0.999,1.0,99.9,0.999204315151004,0.9964639288209388,1.30233100342951,611.1917055424476,1.2632621511590476,500.00000953862843,3274.5796845965724,9.817040336201899e-08,4452.099737447732,81.64146868250545,3.841004458937647e-10,0.030587306553879586,8.531557213900073e-07,74,150.37470173835754,
350.0,500.0,fuel,True,True,high,high,71.40354562022159,71.40354562022159,0.39970041094384895,139.89514383034714,5699.999999991497,12566.348944241254,14.40354562030663,31.75438250865631,0.09072680716758946,1809.9844287086996,3990.3326166369484,34.036686102959365,366.36784009392335,0.9650684129973883,0.9741372133270709,0.9204724667197483,96.50684129973884,0.9590692611928358,0.840262925417862,36.02086798741751,652.47275986968,34.94024196099236,500.00000423153125,3422.0196560180466,-7.838671081117354e-07,4452.099737547516,81.64146868250837,9.91134813110861e-10,0.030616896768222053,7.838671081117354e-07,96,250.16487550735474,
350.0,600.0,fuel,True,True,upstream,upstream,50.09036924231632,50.09036924231632,0.3067121079317167,107.34923777610085,4984.460270105847,10988.853868938688,0.24576654125785458,0.5418224765386093,0.0015480642186817407,1379.3673457892537,3040.984454299212,29.763949053777292,320.3764812623709,0.999,0.999,1.0,99.9,0.999204751829939,0.9964655664795036,1.2190455977037347,571.2283566875801,1.1824742297675344,500.0,3151.254787775337,-3.637978807091713e-12,4452.099737532852,81.64146868250532,-8.93729534823251e-15,0.03054872252823176,2.163136336672371e-11,101,238.77374625205994,
350.0,550.0,fuel,True,True,high,high,53.623411358000794,53.623411358000794,0.3377384043066393,118.20844150732376,5336.072093606589,11764.025249120774,0.26269042193490766,0.5791332467278844,0.0016546664192225267,1607.637348378321,3544.2336658854138,31.863545767217662,342.97635219706115,0.999,0.999,1.0,99.9,0.9992043151510049,0.9964639288209421,1.3023320715187046,611.1917054713152,1.2632621509226616,500.00000037854636,3274.579684804584,3.856712282868102e-09,4452.0997375295765,81.64146868250364,1.4687029370463733e-11,0.030587306553440195,3.2909744290237195e-08,107,274.08457708358765,
350.0,600.0,fuel,True,True,high,high,50.09036926091097,50.09036926091097,0.3067121080018338,107.34923780064183,4984.460271956437,10988.853873018541,0.24576654134659925,0.5418224767342578,0.0015480642192407365,1379.3673462454935,3040.9844553050484,29.763949064828047,320.3764813813202,0.999,0.999,1.0,99.9,0.9992047518299371,0.9964655664794979,1.219045393078634,571.2283568824803,1.1824741703821315,500.0000022849693,3151.2547883620236,1.7803940863814205e-06,4452.099738133109,81.64146868250499,-2.8731850232333045e-11,0.030548722525676114,1.6823403571031091e-07,88,237.23323130607605,
350.0,650.0,fuel,True,True,upstream,upstream,47.44204567472461,47.44204567472461,0.28345800305168367,99.21030106808928,4720.890486044079,10407.781960573173,0.23314081428382022,0.5139875132349826,0.0014685357520999502,1208.164308223295,2663.546364760424,28.19008203511942,303.4355176657235,0.999,0.999,1.0,99.9,0.9992050390843664,0.996466479628057,1.1565114792692441,541.1727239025926,1.121816127363254,500.0,3058.900667006496,1.000444171950221e-11,4452.099737532885,81.64146868250548,2.525757381022231e-15,0.030504333491858892,6.727890865786788e-09,108,216.70552015304565,
350.0,650.0,fuel,True,True,high,high,47.44204567475235,47.44204567475235,0.2834580030519067,99.21030106816735,4720.89048604684,10407.781960579261,0.2331408142839523,0.5139875132352738,0.0014685357521007822,1208.1643082239736,2663.54636476192,28.190082035135948,303.43551766590144,0.999,0.999,1.0,99.9,0.9992050390843663,0.996466479628057,1.1565114792638163,541.1727239029047,1.1218161349028661,500.0,3058.90066700858,4.547473508864641e-12,4452.099737532833,81.64146868250542,4.996003610813204e-16,0.03050433349185888,2.268185639257748e-11,94,190.0601155757904,
350.0,700.0,fuel,True,True,upstream,upstream,45.38278331427497,45.38278331427497,0.26537968357476116,92.8828892511664,4515.942345337058,9955.948653274627,0.2233598609043877,0.4924242021519145,0.0014069262918626128,1074.9789894181788,2369.9229980310197,26.966265275016916,290.26246369351225,0.999,0.999,1.0,99.9,0.9992052318463285,0.9964670619915607,1.1078134634435812,517.799421060926,1.074578907505227,500.00000410719605,2987.1476260782624,-4.472667569643818e-08,4452.099737539999,81.64146868249044,-3.43086670184789e-13,0.03047060984693363,1.4398830008944137e-07,94,201.89204931259155,
350.0,750.0,fuel,False,False,high,high,nan,nan,nan,nan,nan,nan,nan,nan,nan,nan,nan,nan,nan,nan,nan,nan,nan,nan,nan,nan,nan,nan,nan,nan,nan,nan,nan,nan,nan,nan,nan,53.68414664268494,"RuntimeError: NaN entries found in <model> <class HybridTwinWithCost> for rows associated with states/residuals ['v1vr.propmodel.prop1.J', 'v1vr.propmodel.prop2.J', 'v1vr.fltcond|q', 'v1vr.fltcond|Ueas', 'v1vr.fltcond|M', 'v1vr.fltcond|cosg"
350.0,700.0,fuel,True,True,high,high,45.382783328098974,45.382783328098974,0.2653796836267647,92.88288926936764,4515.94234671292,9955.948656307883,0.22335986096976904,0.4924242022960557,0.0014069262922744448,1074.9789897170008,2369.9229986898094,26.966265283223912,290.2624637818516,0.999,0.999,1.0,99.9,0.9992052318463275,0.9964670619915601,1.107813340988885,517.7994211915882,1.074578938290034,500.0000055067997,2987.147626520058,1.3556018529925495e-06,4452.099738642489,81.64146868250369,-1.4915124690872972e-11,0.030470609841998814,1.1563535435409382e-07,81,229.52442598342896,
350.0,750.0,fuel,True,True,upstream,upstream,43.73511451646103,43.73511451646103,0.2509175416483725,87.82113957693038,4351.955816053184,9594.42024114493,0.21555635592918493,0.4752204185542537,0.0013577726244407248,968.3745249449738,2134.9003840685177,25.98704456933024,279.7222197393136,0.9989999999856386,0.999,1.0,99.89999999856386,0.9992053633490063,0.996467474576704,1.068796931464105,499.12014924398665,1.0367330227335256,500.0,2929.773364774529,-4.9048594519263133e-08,4452.099738364015,81.6414686825054,-4.38390990176174e-11,0.030449354353965567,4.9048594519263133e-08,96,189.38780617713928,
350.0,800.0,fuel,True,True,upstream,upstream,42.38627910996769,42.38627910996769,0.2390804591652525,83.67816070783837,4217.7096713104875,9298.458153555743,0.20918239686281553,0.46116824420610847,0.0013176235548745957,881.0829757112053,1942.4554599357832,25.185414062463046,271.0935407760935,0.999,0.999,1.0,99.9,0.9992054541183454,0.9964677815524546,1.0368191557750739,483.848320195599,1.0057145914379577,500.0000164679127,2882.825143728098,-1.1589224868657766e-06,4452.099737510345,81.64146868250432,2.797062859105637e-10,0.0304373277586026,1.1589224868657766e-06,80,172.3715465068817,
400.0,250.0,fuel,True,True,upstream,upstream,304.1185049178997,304.1185049178997,0.7050005719987433,282.00022879949734,4046.475567819956,8920.951575376876,263.6537492397002,581.2570198962276,1.453142549740569,263.6236884351649,581.1907471665196,24.16291556587149,260.0874585575616,0.001,0.25992252630591733,0.01,0.1,0.07940119576592194,0.020498849412096783,737.1010933829174,464.3909954569763,714.9880605814296,500.0,3065.605760136964,1.7916931938088965e-08,4452.099737530133,81.64146868248469,-3.5175796303521523e-10,0.030429155408382116,3.5175796303521523e-10,60,159.02683448791504,
400.0,250.0,fuel,True,True,high,high,304.1185048864177,304.1185048864177,0.7050005720172641,282.0002288069056,4046.4755707959384,8920.951581937794,263.6537491784583,581.2570197612124,1.453142549403031,263.6236912668908,581.1907534094065,24.162915583619302,260.0874587485975,0.0010000002603602232,0.2599225286491256,0.010000000246062039,0.10000002603602232,0.07940119664286566,0.020498849633762656,737.1010913419689,464.39099591189336,714.9880584390479,500.0000004777344,3065.6057606500635,-6.602271014344296e-07,4452.099732007231,81.64146868252324,-4.178124651810222e-10,0.03042915543396525,6.602271014344296e-07,50,142.4635157585144,
350.0,800.0,fuel,True,True,high,high,42.38627908893923,42.38627908893923,0.23908045899157204,83.67816064705022,4217.709669217569,9298.458148941649,0.20918239676353695,0.46116824398723666,0.0013176235542492476,881.0829750477594,1942.4554584731354,25.185414049964947,271.0935406415651,0.999,0.999,1.0,99.9,0.9992054541183465,0.9964677815524594,1.0368191703582574,483.8483199571369,1.005714595347503,500.00000109338856,2882.825141780663,-1.6793364920886233e-08,4452.09973753405,81.64146868250523,-5.273559366969494e-16,0.030437327758348256,1.6793364920886233e-08,82,263.2354323863983,
400.0,300.0,fuel,True,True,upstream,upstream,297.73306084238936,297.73306084238936,0.6899012828753355,275.9605131501342,4000.0,8818.4904872,257.73306084238936,568.2041363188873,1.4205103407972184,244.74455169408216,539.569375227073,23.885393756516855,257.10023866298513,0.01582613019446951,0.27056811477934195,0.01,1.582613019446951,0.09032625726102021,0.023294942148195167,718.4048535463057,459.1112837151768,696.8527079399013,500.0,3043.9300175617914,-2.1663333882315783e-07,4452.099737527725,81.64146868247674,3.6292595664844107e-09,0.030427799454547624,2.1663333882315783e-07,60,175.85106420516968,
400.0,350.0,fuel,True,True,high,high,267.8638061888579,267.8638061888579,0.7281911705985111,291.27646823940444,5700.0,12566.34894426,210.8638061888579,464.87511724280694,1.1621877931070173,1465.7396604724338,3231.402813146979,34.03668610337326,366.3678400983785,0.5295982640032235,0.6515777419020177,0.010000000948219111,52.95982640032235,0.4739918434987875,0.16921716162580683,483.7527596107307,652.4727598783398,469.2401768235788,500.0,3569.804162647665,1.5234900274663232e-06,4452.09973722042,81.64146868207288,-4.805916707130431e-09,0.030616896769686958,4.805916707130431e-09,71,152.53590536117554,
400.0,350.0,fuel,True,True,upstream,upstream,267.8638080531777,267.8638080531777,0.7281911743614704,291.27646974458816,5699.999999999947,12566.348944259884,210.86380805317825,464.8751213529298,1.1621878033823245,1465.7396601852588,3231.402812513866,34.0366861030594,366.36784009500013,0.5295982574770345,0.6515777382039983,0.01,52.95982574770345,0.47399183880745305,0.1692171590024928,483.7527597483293,652.4727598710758,469.2401769559137,500.0,3569.8041626776367,-2.0197126104903873e-06,4452.099737523216,81.64146868244892,4.817098563786315e-09,0.030616896768326914,2.0197126104903873e-06,87,214.90357518196106,
400.0,400.0,fuel,True,True,upstream,upstream,230.78387198433228,230.78387198433228,0.6579430473404249,263.17721893616994,5699.999999775446,12566.348943764942,173.78387198657782,383.12785548560475,0.9578196387140119,1532.2341628170193,3377.998097241185,34.03668610167701,366.36784008012023,0.6240616045739903,0.7213826131334128,0.13840923956476103,62.40616045739903,0.5670314928771576,0.22795629687993113,386.83501365618775,652.4727598456108,375.2299632465581,500.000000037497,3540.3895951143263,-3.141094566672109e-07,4452.099737531578,81.64146868249907,6.274294833685801e-10,0.030616896768277717,3.141094566672109e-07,64,175.7955777645111,
400.0,450.0,fuel,True,True,upstream,upstream,191.05107068748083,191.05107068748083,0.5836655432111373,233.4662172844549,5699.999999999987,12566.348944259971,134.05107068748097,295.53202291413146,0.7388300572853287,1599.4622864221064,3526.210739362127,34.036686103018326,366.367840094558,0.7102851360380356,0.7851697428032482,0.33708813562899,71.02851360380356,0.6664175904872439,0.3101170714609527,298.2723596060388,652.4727598709699,289.3241888179237,500.00000000000006,3512.894273099547,-4.610910764313303e-07,4452.099737535249,81.64146868249846,7.835369159048255e-10,0.03061689676827973,4.610910764313303e-07,52,133.17371773719788,
400.0,400.0,fuel,True,True,high,high,230.78387114439636,230.78387114439636,0.6579430456494056,263.17721825976224,5699.999999999988,12566.348944259975,173.78387114439647,383.1278536289127,0.9578196340722818,1532.2341630051783,3377.9980976560046,34.03668610291265,366.36784009342045,0.6240616075515864,0.7213826147861098,0.13840923998718602,62.40616075515864,0.5670314950058164,0.22795629839736092,386.8350135889501,652.4727598427312,375.22996323084027,500.00000000000006,3540.3895951615286,1.5187297321972437e-06,4452.099738486377,81.64146868262522,-3.0257692670843106e-09,0.030616896763795722,3.0257692670843106e-09,68,203.97717761993408,
400.0,450.0,fuel,True,True,high,high,191.05107033369043,191.05107033369043,0.5836655424932053,233.46621699728212,5699.999999999966,12566.348944259926,134.05107033369077,295.53202213415756,0.7388300553353939,1599.4622864221278,3526.210739362174,34.03668610300838,366.3678400944509,0.710285137213976,0.7851697434664356,0.337088136027597,71.0285137213976,0.6664175913721119,0.3101170723093523,298.27235960592776,652.4727598710765,289.32418881776687,500.0,3512.894273099298,3.1933950594975613e-07,4452.099737533499,81.64146868251025,-5.427430033178027e-10,0.030616896768289686,5.427430033178027e-10,58,211.2141432762146,
400.0,500.0,fuel,True,True,upstream,upstream,147.40552041976377,147.40552041976377,0.5021388859226543,200.85555436906174,5700.0,12566.34894426,90.40552041976377,199.31005545301306,0.49827513863253264,1674.3199123553072,3691.2435549087036,34.03668610322084,366.3678400967378,0.8047935570404188,0.8552532064937024,0.5541363047840706,80.47935570404188,0.7753231916125798,0.4367023237501369,201.09122767000426,652.472759875232,195.05849141071923,500.0,3481.682196955086,5.94901848671725e-07,4452.099737353844,81.64146868225568,-4.5686554539514646e-09,0.030616896769091444,3.440639277233241e-08,63,175.17391920089722,
400.0,500.0,fuel,True,True,high,high,147.40552129643015,147.40552129643015,0.5021388877389683,200.85555509558733,5699.999999996531,12566.348944252353,90.40552129646483,199.31005738580802,0.49827514346452006,1674.3199106884167,3691.2435512338393,34.0366861029979,366.3678400943381,0.804793551887843,0.8552532030984018,0.5541363133584014,80.4793551887843,0.7753231894195501,0.436702320660089,201.09123033671491,652.472759869615,195.05849443835353,500.0,3481.682197889585,2.6910583983408287e-07,4452.099737566758,81.64146868249821,-2.7001393898551385e-09,0.030616896768129346,2.7001393898551385e-09,72,192.60142493247986,
400.0,300.0,fuel,True,True,high,high,297.7330607304101,297.7330607304101,0.6899012826462892,275.9605130585157,4000.0,8818.4904872,257.7330607304101,568.2041360720153,1.4205103401800383,244.74455173019751,539.5693753066938,23.88539375596867,257.1002386570845,0.015826130750405485,0.27056811511356105,0.01,1.5826130750405485,0.0903262576528584,0.023294942249526645,718.4048534843492,459.1112837072365,696.8527079073147,500.0,3043.9300175311273,1.822047579480568e-08,4452.0997380743975,81.6414686834136,-2.4238233989337665e-10,0.03042779945220251,2.4238233989337665e-10,157,657.1703171730042,
400.0,550.0,fuel,True,True,high,high,98.7032454253196,98.7032454253196,0.41131291698916983,164.52516679566793,5699.99999999999,12566.348944259978,41.70324542531969,91.93991826713716,0.2298497956678429,1760.32780445031,3880.8584994746802,34.03668610300051,366.3678400943663,0.9100304448302978,0.9333533717337377,0.7949190464687829,91.00304448302978,0.8965115565889953,0.6602869223825787,92.74304899642048,652.4727598710749,89.96075752651412,500.0,3444.3765797828014,7.530093171226326e-07,4452.099737535266,81.64146868251986,-9.512898802022107e-10,0.03061689676828318,9.512898802022107e-10,71,150.3857672214508,
400.0,550.0,fuel,True,True,upstream,upstream,98.70324516508721,98.70324516508721,0.41131291646109897,164.52516658443957,5700.0,12566.34894426,41.70324516508721,91.93991769342274,0.22984979423355686,1760.3278044502574,3880.8584994745643,34.036686103000335,366.36784009436434,0.9100304456882411,0.933353372218437,0.7949190467594932,91.00304456882411,0.8965115572350798,0.6602869239448432,92.74304899647532,652.4727598710797,89.96075752657678,500.00000000000006,3444.3765797828214,1.3268168004287872e-06,4452.099737535335,81.64146868252013,-1.6760340337818036e-09,0.030616896768283594,1.6760340337818036e-09,76,212.05942296981812,
400.0,600.0,fuel,True,True,upstream,upstream,56.01590214323245,56.01590214323245,0.32442906113995423,129.77162445598168,5569.167112315294,12277.911800394879,0.3242310200795142,0.714807041556587,0.0017870176038914676,1758.7973899352214,3877.4845130139847,33.255437343350266,357.9585484323254,0.999,0.999,1.0,99.9,0.9991780005308769,0.9963435254279498,1.360513255559955,637.6329637096861,1.3196978579046257,500.0,3356.4531213599853,1.5916157281026244e-11,4452.099737532852,81.64146868250549,5.273559366969494e-16,0.03060607423539593,6.128875185103151e-12,108,242.96887874603271,
400.0,600.0,fuel,True,True,high,high,56.015902158172544,56.015902158172544,0.3244290612144461,129.77162448577843,5569.167113800797,12277.911803669851,0.3242310201645725,0.7148070417441085,0.0017870176043602711,1758.7973914582142,3877.484516371609,33.255437352220866,357.95854852780775,0.999,0.999,1.0,99.9,0.999178000530875,0.9963435254279424,1.360511621241526,637.6329638802983,1.3196978151880907,500.0000132731967,3356.4531212101315,2.475494511600118e-07,4452.099737460519,81.6414686825053,6.056430634782117e-10,0.03060607423585559,1.2015326849539114e-06,81,176.51253819465637,
400.0,650.0,fuel,True,True,upstream,upstream,52.28653934605906,52.28653934605906,0.2950880895731675,118.03523582926701,5198.3481937648,11460.396023967049,0.30305740841105683,0.6681272182870975,0.0016703180457177439,1518.1990149878382,3347.0558928366654,31.04114837285484,334.12414031720425,0.999,0.999,1.0,99.9,0.9991784337784817,0.9963452418008052,1.2697250734128038,595.5542526966027,1.2316340473192338,500.0000080104576,3226.2537512529866,2.5477493181824684e-07,4452.099737408025,81.64146868251983,1.7736970225890047e-10,0.03057449435400273,6.022869050871084e-07,72,161.40981006622314,
400.0,650.0,fuel,True,True,high,high,52.28653935383261,52.28653935383261,0.29508808962898864,118.03523585159546,5198.348194537756,11460.396025671125,0.3030574084550444,0.6681272183840735,0.0016703180459601839,1518.1990149186877,3347.0558926842145,31.041148377481562,334.12414036700585,0.999,0.999,1.0,99.9,0.9991784337784806,0.9963452418008031,1.2697257620022153,595.5542527727843,1.2316339879974312,500.00000155400176,3226.2537517468672,1.0223861863778438e-06,4452.099737826697,81.6414686825052,-1.2729456377869042e-11,0.03057449435210273,6.10470505738022e-08,98,287.0823903083801,
400.0,750.0,fuel,True,True,upstream,upstream,47.25157773716545,47.25157773716545,0.25548704672746275,102.1948186909851,4697.691173908115,10356.63623222803,0.2746659980842979,0.6055348728159187,0.0015138371820397967,1193.048421197848,2630.2215382755503,28.05155085880752,301.9443804939808,0.999,0.999,1.0,99.9,0.9991789278584619,0.9963468955243192,1.1510024202909273,538.5260282261418,1.11647234437552,500.0000039735251,3050.775716738185,-5.7324541558045894e-08,4452.099737521225,81.64146868250553,2.89157586763622e-13,0.03050027531559247,5.7324541558045894e-08,71,164.95784187316895,
400.0,700.0,fuel,True,True,high,high,49.464239729104726,49.464239729104726,0.27288774971704316,109.15509988681727,4917.712556563755,10841.700349710367,0.2871141634671719,0.6329783798189103,0.0015824459495472757,1335.9736874283835,2945.3178134341765,29.365375198702765,316.086267991906,0.999,0.999,1.0,99.9,0.9991787266883323,0.9963462827802182,1.2032182439396468,563.6225711452432,1.167121701232806,500.0000001096944,3127.8593849626645,2.0370862330310047e-08,4452.0997375406905,81.64146868250504,-4.1147640850169864e-13,0.030538373682045376,3.9463667733356614e-09,87,199.5585527420044,
400.0,700.0,fuel,True,True,upstream,upstream,49.464239731474784,49.464239731474784,0.27288774972136226,109.15509988854491,4917.712556532436,10841.70034964132,0.28711416615042373,0.632978385734468,0.00158244596433617,1335.9736874207017,2945.3178134172413,29.365375198515494,316.08626798989025,0.998999999989825,0.9989999999942162,0.9999999999965041,99.89999999898251,0.999178726680652,0.9963462827461461,1.2032182486925769,563.6225711418836,1.1671217012343698,500.0,3127.8593849482727,-5.928086466155946e-09,4452.099737532796,81.64146868250538,7.74899588940059e-12,0.030538373682078054,5.928086466155946e-09,136,268.66377568244934,
400.0,750.0,fuel,True,True,high,high,47.25157773096675,47.25157773096675,0.25548704667931793,102.19481867172718,4697.691173291976,10356.636230869675,0.2746659980469939,0.6055348727336773,0.0015138371818341934,1193.048421029182,2630.2215379037057,28.051550854422683,301.9443804467828,0.999,0.999,1.0,99.9,0.9991789278584613,0.996346895524318,1.1510023260047977,538.5260281655094,1.1164722857231295,500.0000010453532,3050.77571615425,2.4360406314372085e-07,4452.099737310877,81.64146868353242,-4.925532204325123e-12,0.030500275316672234,8.190405282629106e-08,67,111.8627290725708,
400.0,800.0,fuel,True,True,upstream,upstream,45.47005156905936,45.47005156905936,0.24148049804511998,96.592199218048,4520.537517151382,9966.079273007543,0.26467639754553673,0.5835115734854203,0.0014587789337135507,1077.9246615425102,2376.4170934327267,26.99370464704794,290.55781863594495,0.999,0.999,1.0,99.9,0.9991790676623101,0.9963473040372786,1.1089060905807704,518.3231871491678,1.0756389078537592,500.0,2988.7558092113195,1.5006662579253316e-11,4452.099737532831,81.6414686825055,1.9984014443252818e-15,0.03047129334648728,7.143396984992154e-12,77,136.60125398635864,
400.0,800.0,fuel,False,True,high,high,45.47005113283534,45.47005113283534,0.2414804940989907,96.59219763959628,4520.537473760384,9966.079177346766,0.2646763952314972,0.5835115683838364,0.0014587789209595911,1077.924648086955,2376.417063768305,26.993704384767433,290.5578158127811,0.9989999999991387,0.999,1.0,99.89999999991387,0.9991790676618891,0.9963473040354498,1.1088921596262775,518.323181293931,1.075638899384318,500.0,2988.755777089492,4.825270025321515e-06,4452.099776579804,81.64146868731098,-3.237410589607137e-09,0.030471293158844774,1.2553482494886533e-05,69,145.14321303367615,
450.0,250.0,fuel,True,True,upstream,upstream,345.4104497529282,345.4104497529282,0.7001764553688542,315.0794049159844,4000.0,8818.4904872,305.4104497529282,673.3147864594176,1.496255081020928,162.6271277538271,358.53144476444584,23.885393756605257,257.1002386639367,0.001,0.14988373516355966,0.01,0.1,0.04161974993681412,0.011022235274229268,837.2648115526563,459.11128371517685,812.1468672060726,500.0,3078.3700526160055,-2.7064243113272823e-07,4452.099737500864,81.64146868232567,8.070569178231235e-09,0.030427799454643033,2.7064243113272823e-07,65,91.4119439125061,
450.0,250.0,fuel,False,False,high,high,nan,nan,nan,nan,nan,nan,nan,nan,nan,nan,nan,nan,nan,nan,nan,nan,nan,nan,nan,nan,nan,nan,nan,nan,nan,nan,nan,nan,nan,nan,nan,109.576580286026,"RuntimeError: NaN entries found in <model> <class HybridTwinWithCost> for rows associated with states/residuals ['v0v1.propmodel.prop1.J', 'v0v1.propmodel.prop2.J', 'v0v1.fltcond|q', 'v0v1.fltcond|Ueas', 'v0v1.fltcond|M', 'v0v1.fltcond|cosg"
450.0,300.0,fuel,True,True,high,high,338.8836430002475,338.8836430002475,0.6859939535423898,308.6972790940754,4030.469561258722,8885.6643712273,298.57894738766026,658.2539018040678,1.462786448453484,219.0783844546982,482.9851623162251,24.067338123537613,259.0586715304215,0.001000000807747266,0.2598282933598011,0.010000000222039888,0.10000008077472661,0.07059545668598342,0.018095267332272968,734.3669436540642,462.57270199819527,712.3359353444364,500.0,3059.219859226262,4.1910266190825496e-07,4452.09973754053,81.64146868254876,-7.773957096113282e-09,0.030428662472589303,7.773957096113282e-09,67,100.50770854949951,
450.0,300.0,fuel,False,False,upstream,upstream,nan,nan,nan,nan,nan,nan,nan,nan,nan,nan,nan,nan,nan,nan,nan,nan,nan,nan,nan,nan,nan,nan,nan,nan,nan,nan,nan,nan,nan,nan,nan,151.30095076560974,RuntimeError: NaN entries found in <model> <class HybridTwinWithCost> for rows associated with states/residuals ['descent.throttle'].
450.0,350.0,fuel,True,True,high,high,331.0635647558915,331.0635647558915,0.7387440826108731,332.4348371748929,5283.943738051061,11649.101897225823,278.2241273753809,613.3792051423293,1.3630649003162874,1085.5378934561427,2393.20139673453,31.55226919256441,339.6257990326733,0.34180186755421343,0.5132951906577643,0.01,34.180186755421346,0.3350354983211579,0.102598115552681,627.8459747796611,605.2748283066418,609.010602963655,500.0000342151442,3466.58928468087,0.00013787415946353576,4452.099698330464,81.64146868259755,-2.7191798061126926e-07,0.030582707136124865,2.7191798061126926e-07,61,114.74247789382935,
450.0,350.0,fuel,True,True,upstream,upstream,330.74166484639557,330.74166484639557,0.7601905026473413,342.0857261913036,5700.0,12566.34894426,273.74166484639557,603.4970668495575,1.3411045929990169,1368.350955672317,3016.6974714368394,34.03668610302267,366.36784009460473,0.41652437482847465,0.5681268901743007,0.010000000436928213,41.65243748284747,0.39293762940754645,0.127759944164687,599.6167097234145,652.4727598717302,581.6282084317485,500.0,3604.3150089553624,1.1594665920711122e-06,4452.099737509363,81.64146868249335,-2.98550272264525e-09,0.030616896768401264,2.98550272264525e-09,126,168.43643879890442,
450.0,400.0,fuel,True,True,upstream,upstream,295.7237507944745,295.7237507944745,0.7005204671260603,315.23421020672714,5700.0,12566.34894426,238.72375079447448,526.2957813624441,1.1695461808054315,1434.291347551454,3162.0711510639417,34.03668610301796,366.3678400945541,0.5179442518160478,0.6429714895979302,0.010000000076596502,51.79442518160477,0.4713553444350414,0.16750167496040397,495.7017594540195,652.4727598712516,480.8307066703424,500.0,3573.3925315621295,2.0269862943678163e-07,4452.099737526097,81.64146868249898,-4.380311625570843e-10,0.030616896768323233,4.380311625570843e-10,69,104.34186553955078,
450.0,400.0,fuel,True,True,high,high,295.7237506119447,295.7237506119447,0.700520466796717,315.23421005852265,5699.999999999989,12566.348944259977,238.7237506119448,526.2957809600351,1.1695461799111893,1434.2913475503688,3162.071151061549,34.036686103001664,366.36784009437866,0.5179442523664503,0.6429714898471444,0.01000000022677682,51.794425236645026,0.47135534484257957,0.1675016751867772,495.7017594542588,652.4727598710768,480.83070667060144,500.0,3573.392531561712,6.083937478251755e-07,4452.099737534959,81.64146868251848,-1.297570289063299e-09,0.03061689676828435,1.297570289063299e-09,59,88.53931474685669,
450.0,450.0,fuel,True,True,upstream,upstream,258.26834260557126,258.26834260557126,0.6377808338199692,287.00137521898614,5699.999999999986,12566.34894425997,201.2683426055714,443.72074116043547,0.9860460914676343,1499.649832187353,3306.161944818812,34.03668610301089,366.3678400944779,0.6078312269108112,0.7093831843598708,0.09945489262534384,60.78312269108112,0.5548840054520559,0.21918431829866777,403.4951344968195,652.4727598710813,391.39028046197745,500.0,3545.489455154508,1.1586098480620421e-07,4452.09973753308,81.64146868250738,-2.1013145737325267e-10,0.030616896768291765,2.1013145737325267e-10,62,101.1157705783844,
450.0,450.0,fuel,True,True,high,high,258.26834246965626,258.26834246965626,0.6377808335729925,287.0013751078466,5699.999999999981,12566.348944259958,201.26834246965646,443.7207408607943,0.9860460908017651,1499.6498322069908,3306.1619448621063,34.036686102985165,366.36784009420103,0.6078312274116009,0.7093831846148739,0.09945489228257397,60.78312274116009,0.5548840057551676,0.21918431850761397,403.4951344486374,652.4727598650359,391.3902804153302,500.0,3545.4894551364355,4.120406629226636e-07,4452.099737737193,81.64146868253819,-7.426339543314953e-10,0.030616896767329742,7.426339543314953e-10,58,121.72123980522156,
450.0,500.0,fuel,True,True,high,high,218.45943826629627,218.45943826629627,0.5721293295381836,257.45819829218266,5699.999999998989,12566.34894425777,161.4594382663064,355.95713010501964,0.7910158446778214,1564.132054947662,3448.320911820136,34.036686103025374,366.36784009463383,0.6856840721004233,0.766963223776646,0.27950256486568476,68.56840721004232,0.643345074941372,0.2885203784089167,323.55046195604734,652.4727598709736,313.84394809726234,500.0000000009532,3520.8161374938595,-1.5627238099114038e-06,4452.099737528609,81.64146868248287,2.44641126800893e-09,0.030616896768307342,1.5627238099114038e-06,54,117.0780348777771,
450.0,550.0,fuel,True,True,upstream,upstream,174.86369681810663,174.86369681810663,0.5002745804152738,225.12356118687325,5700.0,12566.34894426,117.86369681810663,259.84497229417457,0.5774332717648324,1635.4616889857011,3605.5758366251125,34.036686103910725,366.3678401041637,0.7707803453714254,0.8299774310371689,0.47559305548362873,77.07803453714254,0.7399849202973101,0.38984788008078736,236.07943956254974,652.4727598859002,228.9970563162612,500.0,3493.082243685635,1.125586550188018e-06,4452.099736862445,81.6414686814283,-2.9957808733716007e-09,0.030616896771256483,2.9957808733716007e-09,98,128.63721632957458,
450.0,550.0,fuel,True,True,high,high,174.8636953789956,174.8636953789956,0.5002745778612258,225.12356003755158,5700.0,12566.34894426,117.86369537899562,259.84496912147785,0.5774332647143953,1635.4616895844342,3605.575837945093,34.036686103267,366.3678400972347,0.7707803496004126,0.8299774330569164,0.4755930568058846,77.07803496004126,0.7399849234841154,0.3898478840109197,236.07943923274487,652.4727598747182,228.9970560543587,500.0,3493.082243566465,3.2410266612714622e-06,4452.099737361232,81.64146868220031,-6.942154934241884e-09,0.030616896769044714,6.942154934241884e-09,58,106.8655333518982,
450.0,600.0,fuel,True,True,upstream,upstream,126.60218061955766,126.60218061955766,0.4208118790908284,189.36534559087278,5699.999999999998,12566.348944259997,69.60218061955767,153.4465419204864,0.34099231537885866,1715.8816012501939,3782.8713944465844,34.03668610299046,366.36784009425804,0.8647568136122268,0.8997732133156151,0.6912695405751895,86.47568136122268,0.8466765416842685,0.5532459628543909,139.37272013058043,652.4727598710779,135.19153852666963,500.0,3460.923847396331,1.6180056263692677e-06,4452.099737537395,81.64146868253196,-1.9216117308484826e-09,0.03061689676827619,1.9216117308484826e-09,73,99.68630290031433,
450.0,500.0,fuel,True,True,upstream,upstream,218.4594366909866,218.4594366909866,0.5721293266967478,257.4581970135365,5699.999999999982,12566.34894425996,161.4594366909868,355.95712663203443,0.7910158369600765,1564.132054948775,3448.32091182259,34.03668610298977,366.3678400942506,0.6856840768233898,0.7669632259216622,0.27950256615860936,68.56840768233899,0.6433450784413779,0.2885203815286117,323.5504619553349,652.4727598710721,313.84394809690275,500.0,3520.816137492898,1.9121180230285972e-06,4452.099737537639,81.64146868253269,-2.993661610273257e-09,0.030616896768275146,2.993661610273257e-09,145,265.2923743724823,
450.0,650.0,fuel,True,True,upstream,upstream,71.18155879123819,71.18155879123819,0.3298346940534829,148.42561232406732,5700.0,12566.34894426,14.181558791238182,31.26498532355036,0.06947774516344524,1813.635560976533,3998.381985429798,34.03668610301377,366.36784009450895,0.9724720585209713,0.9796201762805792,0.9373201679550162,97.24720585209712,0.9688127801213113,0.8743628081729745,28.38767565245147,652.4727598710824,27.536045384641348,500.0,3418.5905095127587,1.5861605788813904e-06,4452.099737532523,81.64146868250403,-1.668823940148556e-09,0.030616896768293773,1.668823940148556e-09,71,92.94496560096741,
450.0,600.0,fuel,True,True,high,high,126.6021812669168,126.6021812669168,0.4208118802585544,189.36534611634949,5700.0,12566.34894426,69.6021812669168,153.44654334766898,0.3409923185503755,1715.8816012502405,3782.871394446687,34.03668610306968,366.36784009511075,0.8647568116412276,0.8997732125321879,0.6912695400659417,86.47568116412276,0.8466765402572134,0.5532459601367152,139.3727201305237,652.4727598710767,135.19153852664164,500.00000000000466,3460.923847398324,1.863318175310269e-07,4452.099737521225,81.64146868243697,-2.2703394719769676e-10,0.030616896768333398,2.2703394719769676e-10,97,170.5306875705719,
450.0,650.0,fuel,True,True,high,high,71.181557740939,71.181557740939,0.32983469215784417,148.42561147102987,5700.0,12566.34894426,14.181557740938993,31.26498300803701,0.06947774001786003,1813.635560960615,3998.3819853947048,34.036686103008634,366.36784009445364,0.972472061641972,0.9796201776959275,0.9373201687900223,97.2472061641972,0.9688127824322768,0.8743628165732477,28.38767566183579,652.4727598710754,27.53604539234762,500.0,3418.5905095167523,3.927963007299695e-06,4452.099737533644,81.6414686825102,-4.085352167670919e-09,0.030616896768288947,4.085352167670919e-09,77,131.1083517074585,
450.0,700.0,fuel,True,True,high,high,54.33165634626126,54.33165634626126,0.28566569670452446,128.549563517036,5396.852628483687,11898.023391275929,0.3631300614243909,0.8005647480718358,0.0017790327734929683,1646.9794393981133,3630.968129736563,32.226487519284724,346.88302470279467,0.999,0.999,1.0,99.9,0.999158063679131,0.9962519005708699,1.3171167764561322,618.0883768365154,1.277602798653482,500.0000034337591,3295.9176866595662,5.213012627791613e-06,4452.099738028921,81.64146868250428,-3.827660410848921e-12,0.030592390337263787,6.093870614249155e-08,84,162.73936939239502,
450.0,700.0,fuel,True,True,upstream,upstream,54.331656258408636,54.331656258408636,0.2856656962595457,128.54956331679557,5396.852619755954,11898.02337203457,0.3631300608490935,0.8005647468035221,0.0017790327706744935,1646.9794368107914,3630.9681240324944,32.22648746716745,346.883024141809,0.999,0.999,1.0,99.9,0.99915806367914,0.9962519005709054,1.3171163653325695,618.0883758605777,1.2776028743741135,500.0,3295.9176828843156,-4.092726157978177e-12,4452.099737532824,81.64146868250546,5.495603971894525e-15,0.03059239033889488,4.4959591605018205e-12,134,194.34065198898315,
450.0,750.0,fuel,True,True,high,high,51.361829483663605,51.361829483663605,0.2644158692864809,118.98714117891642,5101.810483721867,11247.56680454963,0.34372464644493483,0.7577831312227102,0.001683962513828245,1455.4780905647124,3208.779923993234,30.464688068685387,327.919173244335,0.999,0.999,1.0,99.9,0.9991583591772472,0.996253037458403,1.2468580299545344,584.5819327521813,1.209452313126205,500.0000039514051,3192.3962969110084,3.5267380553705152e-06,4452.099739534798,81.64146868250386,-8.613268431822974e-11,0.030563939180170845,1.2150511563804972e-07,81,156.1359522342682,
450.0,750.0,fuel,True,True,upstream,upstream,51.36182945331934,51.36182945331934,0.26441586914427584,118.98714111492413,5101.810479470368,11247.566795176677,0.34372465861566165,0.75778315805457,0.0016839625734546,1455.4780895140639,3208.7799216769504,30.464688043297127,327.91917297105806,0.9989999999588727,0.9989999999813662,0.9999999999887377,99.89999999588727,0.9991583591467673,0.9962530373230951,1.2468581804584196,584.5819323229563,1.209452435042978,500.0,3192.396295310142,-2.7455826057121158e-08,4452.099737532784,81.6414686825053,3.0806079909240225e-11,0.03056393918910935,2.7455826057121158e-08,117,180.30217838287354,
450.0,800.0,fuel,True,True,upstream,upstream,49.017005432013285,49.017005432013285,0.24764318140583794,111.43943163262708,4868.853589016713,10733.984764578367,0.32846954184615174,0.7241513825263078,0.0016092252945029064,1304.1958337618594,2875.2596383687073,29.073621279103193,312.9458549376123,0.9989999998724329,0.9989999999293689,0.999999999961098,99.89999998724329,0.9991585669900298,0.9962537373049948,1.1916289762178678,558.0517453972714,1.1558800670540876,500.0,3110.736915785723,-1.6031071936595254e-07,4452.099738194671,81.64146868250542,6.825601195359354e-11,0.03053023795267153,1.6031071936595254e-07,93,131.34084057807922,
450.0,800.0,fuel,False,True,high,high,49.01700563144907,49.01700563144907,0.24764318083058984,111.43943137376543,4868.8535629910875,10733.984707201684,0.3284700015381965,0.7241523959737888,0.0016092275466084195,1304.195826924398,2875.2596232946853,29.073621123681797,312.9458532646703,0.9989999983244345,0.9989999990735808,0.9999999995728146,99.89999983244346,0.9991585658078342,0.9962537320584436,1.1916289787962095,558.0517209714471,1.1558800538550347,500.0,3110.7368969334275,-1.914221684273798e-06,4452.1005691339105,81.64146868252412,1.0712292997094863e-09,0.030530234038340497,1.914221684273798e-06,93,154.29642510414124,
500.0,250.0,fuel,True,True,upstream,upstream,387.201680140091,387.201680140091,0.698313154746964,349.156577373482,4043.017686762547,8913.328252574218,346.77150327246557,764.5003007100703,1.5290006014201405,138.40137873759724,305.1228104532164,24.14226735308297,259.8652030448408,0.001000003733986903,0.12075241885521805,0.010000005405048302,0.10000037339869029,0.030645359523730608,0.008284346790462376,874.9857933186146,463.998177850968,848.735942744905,500.0000106134551,3104.2524348191687,-1.4701458894705866e-07,4452.099738094232,81.6414686827107,-7.632979456828615e-08,0.03042904629027366,3.2448597760096647e-07,69,104.5883584022522,
500.0,250.0,fuel,True,True,high,high,387.2016878717403,387.2016878717403,0.6983131700758991,349.1565850379495,4043.017769553148,8913.32843509625,346.77151017620884,764.5003159302189,1.5290006318604379,138.40137930083014,305.1228116949324,24.142267847465426,259.8652083663293,0.0010000037927801464,0.12075241913642042,0.010000000872631745,0.10000037927801464,0.030645359000982128,0.008284346669018198,874.9858104138868,463.9981872580576,848.7362361008649,500.0,3104.252509079391,2.197386493207887e-06,4452.09973799491,81.64146868269222,-7.738692235637057e-08,0.030429046293322277,7.738692235637057e-08,64,112.88432669639587,
500.0,300.0,fuel,False,False,high,high,-2.8823037615168106e+17,-2.8823037615168106e+17,-467906454791689.75,-2.3395322739584486e+17,4581.01119,10099.400900192939,-2.882303761516811e+17,-6.354392075539194e+17,-1270878415107838.8,1999.9932636623253,4409.230392517574,27.308067172169928,293.9415886947287,0.94999051,0.9499911704328154,0.9499905999999999,94.999051,0.9499906358303191,1.7625568567982832e+16,1117.188838,1499.9928665242076,1083.689173,1165.9942704862224,3831.2729323754265,6.354392075679743e+17,1290.3590143493739,81.71131707769017,-7.160012932441472,0.21571876689637676,1.0,8,33.9013888835907,
500.0,300.0,fuel,True,True,upstream,upstream,381.482164410374,381.482164410374,0.687253259511696,343.626629755848,4107.94202609529,9056.461919772602,340.4027441494211,750.4595902746114,1.5009191805492228,223.8182006867326,493.434668404543,24.52995320555654,264.0382188306921,0.001,0.26026784573726386,0.01,0.1,0.06374265337295662,0.0162459157200118,747.6070684873785,471.3738873284994,725.1788564344035,500.0,3090.128711260184,-2.310684976691846e-09,4452.099737522889,81.6414686824782,7.269572097068355e-11,0.030431388445088112,2.310684976691846e-09,82,130.54355788230896,
500.0,350.0,fuel,True,True,upstream,upstream,375.5563430379339,375.5563430379339,0.6749475966425917,337.4737983212959,4040.5033206663766,8907.785024199113,335.15130983127017,738.8821593799189,1.4777643187598377,188.53661157905483,415.6520789247041,24.127253197258614,259.7035920165649,0.001,0.2598875696813081,0.01,0.1,0.06362730935051693,0.016216476823297618,736.0808412616553,463.7125442924057,713.9984160240008,500.0,3063.2230275300535,3.8051734918553848e-06,4452.099737523076,81.6414686823058,-2.1894347954076743e-07,0.030428967883765593,2.1894347954076743e-07,66,100.55138039588928,
500.0,400.0,fuel,True,True,upstream,upstream,359.8822998134603,359.8822998134603,0.7331804022288088,366.59020111440435,5699.999999999976,12566.348944259948,302.8822998134605,667.741169911565,1.33548233982313,1339.4310397483175,2952.939970570236,34.03668610304008,366.3678400947922,0.4172540942452949,0.5686650687921161,0.01,41.72540942452949,0.3959977585394782,0.12899196564289098,598.8694954301662,652.4727598710813,580.9034105672257,500.0,3604.0942911131133,-1.4879337868478615e-06,4452.099737527092,81.64146868247231,3.403363987332375e-09,0.030616896768313157,1.4879337868478615e-06,73,109.79836845397949,
500.0,450.0,fuel,True,True,upstream,upstream,324.8890298513876,324.8890298513876,0.6801943907557569,340.09719537787845,5699.999999994462,12566.348944247791,267.88902985144296,590.5942153425466,1.1811884306850933,1401.4058115507523,3089.570954466776,34.036686103393684,366.3678400985983,0.5058349293486353,0.634030302724316,0.010000002232610824,50.58349293486353,0.4665234997449344,0.16463805772497894,508.1157911916599,652.4727598798426,492.8723174559904,500.0000000014961,3577.112786142247,5.401369435276138e-06,4452.099737139541,81.64146868200874,-1.0781640660123548e-08,0.030616896770057817,1.0781640660123548e-08,58,88.42090845108032,
500.0,450.0,fuel,True,True,high,high,324.88903149876796,324.88903149876796,0.6801943934281119,340.09719671405594,5700.0,12566.34894426,267.88903149876796,590.5942189742766,1.181188437948553,1401.405811503628,3089.570954362885,34.03668610277959,366.3678400919883,0.5058349250233465,0.6340303010660169,0.010000000539989966,50.58349250233465,0.46652349642872704,0.16463805590567548,508.11579124313016,652.4727598172753,492.8723175084695,500.0,3577.1127861150935,1.945602889463771e-06,4452.0997393515745,81.64146868278488,-3.7363644734590695e-09,0.03061689675972592,3.7363644734590695e-09,67,117.72164964675903,
500.0,500.0,fuel,True,True,upstream,upstream,287.08411057954794,287.08411057954794,0.6234495136993,311.72475684965,5699.99999999997,12566.348944259935,230.08411057954822,507.2486351004047,1.0144972702008095,1465.9104716184406,3231.779387263521,34.03668610300523,366.36784009441703,0.5920997052767513,0.6977548623913291,0.06140384492268334,59.209970527675125,0.5424412146818659,0.21054780150742766,419.6400095891874,652.4727598721298,407.0508093022423,500.00000000000006,3550.413045673752,4.69194128527306e-06,4452.0997374996105,81.64146868251406,-7.874470644986253e-09,0.03061689676845166,7.874470644986253e-09,53,85.3364851474762,
500.0,350.0,fuel,False,False,high,high,nan,nan,nan,nan,nan,nan,nan,nan,nan,nan,nan,nan,nan,nan,nan,nan,nan,nan,nan,nan,nan,nan,nan,nan,nan,nan,nan,nan,nan,nan,nan,268.5780246257782,RuntimeError: NaN entries found in <model> <class HybridTwinWithCost> for rows associated with states/residuals ['descent.throttle'].
500.0,400.0,fuel,True,True,high,high,359.88229668552844,359.88229668552844,0.733180397161395,366.5901985806975,5700.0,12566.34894426,302.88229668552844,667.7411630156552,1.3354823260313102,1339.4310398623156,2952.9399708215587,34.036686103908195,366.36784010413646,0.41725410282162356,0.5686650720499856,0.01000000151469956,41.72541028216236,0.39599776484969307,0.12899196857997222,598.8694954180615,652.4727598898899,580.9034105554928,500.0,3604.094291139991,5.097450866742292e-06,4452.0997367315,81.64146868143133,-1.2325845281501574e-08,0.03061689677187733,1.2325845281501574e-08,136,212.62006282806396,
500.0,500.0,fuel,True,True,high,high,287.0841127566407,287.0841127566407,0.6234495172325916,311.7247586162958,5699.999999999976,12566.348944259948,230.08411275664093,507.2486399000726,1.0144972798001453,1465.9104716060713,3231.7793872362513,34.03668610301364,366.3678400945076,0.5920996994175266,0.6977548601535797,0.061403843530099846,59.20996994175266,0.5424412103178237,0.21054779859958717,419.64000959325676,652.4727598710456,407.05080930530727,500.00000000000006,3550.4130456745875,-8.228425940615125e-08,4452.099737533519,81.641468682504,1.491290355093433e-10,0.030616896768288455,8.228425940615125e-08,42,70.27853274345398,
500.0,600.0,fuel,True,True,upstream,upstream,203.65585761974168,203.65585761974168,0.5004258691602437,250.2129345801218,5700.0,12566.34894426,146.65585761974168,323.3208213279624,0.6466416426559248,1596.685870879668,3520.08979084975,34.036686104861275,366.36784011439534,0.7404938214862683,0.807533905194067,0.405231404788534,74.04938214862683,0.709074732940067,0.3535444557202935,267.2217501132041,652.4727598711913,259.2050976069171,500.0,3503.0658993862808,4.6612553887825925e-06,4452.09973715378,81.64146868028827,-6.14332740234147e-09,0.030616896769649557,6.14332740234147e-09,48,72.91768074035645,
500.0,550.0,fuel,True,True,upstream,upstream,247.22210787271717,247.22210787271717,0.56465499625397,282.327498126985,5700.0,12566.34894426,190.22210787271717,419.36796218267216,0.8387359243653443,1528.1447735612223,3368.982537178509,34.036686102999035,366.36784009435036,0.6630703954718113,0.750232407870432,0.2261703883111051,66.30703954718113,0.6221597979422981,0.27002693260732524,346.77968708085496,652.4727598710806,336.37629646845295,500.00000000000006,3528.0407479985925,1.2510540727816988e-06,4452.099737535573,81.64146868252169,-1.824640841197045e-09,0.030616896768282817,1.824640841197045e-09,68,99.02973556518555,
500.0,550.0,fuel,True,True,high,high,247.22210823003607,247.22210823003607,0.5646549968340934,282.3274984170467,5700.0,12566.34894426,190.22210823003607,419.3679629704255,0.838735925940851,1528.1447735619843,3368.982537180189,34.03668610301185,366.3678400944883,0.6630703945094235,0.7502324075043576,0.22617038809781312,66.30703945094236,0.6221597972278888,0.2700269320104684,346.77968708048184,652.472759871145,336.37629646821154,500.00000000000006,3528.040747998848,4.610569703800138e-07,4452.099737530725,81.64146868250631,-6.745695599330581e-10,0.030616896768302104,6.745695599330581e-10,55,115.82989168167114,
500.0,600.0,fuel,True,True,high,high,203.6558585857369,203.6558585857369,0.5004258707848267,250.21293539241333,5700.0,12566.34894426,146.6558585857369,323.32082345761734,0.6466416469152346,1596.685871654327,3520.089792557581,34.036686103142706,366.36784009589684,0.7404938194958189,0.8075339032685847,0.4052314030732918,74.0493819495819,0.7090747310058466,0.3535444535832484,267.22174977523804,652.4727598724877,259.2050972551501,500.0,3503.0658992321028,1.1636739145615138e-06,4452.099737459929,81.64146868234938,-2.8945591479256905e-09,0.03061689676860649,2.8945591479256905e-09,76,129.81220245361328,
500.0,650.0,fuel,True,True,upstream,upstream,155.63753093426675,155.63753093426675,0.42968458161068246,214.84229080534124,5699.99999992275,12566.348944089694,98.63753093503925,217.45853205788484,0.4349170641157697,1673.1905203383217,3688.753671719177,34.036686102468764,366.36784008864254,0.8256286738889967,0.8707280705378573,0.6012839228870875,82.56286738889968,0.804612942754206,0.4800073042225102,179.6514836922617,652.4727598658391,174.26193904850285,500.0000460972369,3474.579561513177,3.777888287004316e-05,4452.099737433612,81.64146868260444,4.14820360006285e-09,0.030616896768775815,2.9462980297839165e-08,50,73.26697754859924,
500.0,700.0,fuel,True,True,upstream,upstream,101.73268869816303,101.73268869816303,0.3503858573559437,175.19292867797185,5699.999999999997,12566.348944259995,44.73268869816307,98.61869743790749,0.19723739487581496,1761.488193058167,3883.416718449641,34.03668610301314,366.3678400945022,0.9210021452301327,0.941486926623077,0.8198428751294942,92.10021452301326,0.9115359365152295,0.6976787491735337,81.43873201564186,652.4727598710832,78.9955700550149,500.0,3440.1867482625394,-4.160619937465526e-08,4452.099737532628,81.64146868250477,4.610431481033572e-11,0.030616896768293433,4.160619937465526e-08,77,99.01895141601562,
500.0,650.0,fuel,True,True,high,high,155.63751730833957,155.63751730833957,0.42968456222587,214.84228111293498,5699.999999999386,12566.348944258647,98.6375173083457,217.45850201616798,0.43491700403233596,1673.1905578691978,3688.7537544605957,34.03668610294609,366.36784009378044,0.8256286994426361,0.8707280898839413,0.6012839697540322,82.56286994426361,0.804612969834633,0.4800073471549264,179.65146613654167,652.4727598710145,174.2619221541996,500.00000000372467,3474.579551894815,6.452992238337174e-06,4452.09973754533,81.6414686825808,-7.276557592583721e-09,0.03061689676824755,7.276557592583721e-09,90,180.97166275978088,
500.0,750.0,fuel,False,True,upstream,upstream,56.24388958193758,56.24388958193758,0.2778385450630375,138.91927253151874,5581.816462583032,12305.798844146206,0.4257249561072623,0.9385628688988825,0.001877125737797765,1766.8988849038428,3895.3452520922065,33.330971021327315,358.771586175515,0.999,0.999,1.0,99.9,0.9991418313900294,0.9961774005833863,1.363701337521633,639.067562175445,1.3227758140404213,500.0,3360.899482723048,7.503331289626658e-11,4452.09973753289,81.64146868250569,-1.4183099139586375e-14,0.03060708254278553,1.0949087699654201e-05,84,122.5282576084137,
500.0,800.0,fuel,True,True,upstream,upstream,53.14804701757775,53.14804701757775,0.25744625096624496,128.7231254831225,5274.52978325111,11628.347679513246,0.4027491850666566,0.8879099643094659,0.0017758199286189318,1567.553313651273,3455.863496153147,31.49605518833477,339.0207165269809,0.999,0.999,1.0,99.9,0.9991421257442982,0.9961785734721531,1.2877643298346482,604.2060622326525,1.2491313999284044,500.0,3252.9813504147573,2.7284841053187847e-11,4452.099737532924,81.64146868250563,2.9226621123257246e-14,0.03058184723111497,6.115774553412735e-12,75,110.65151953697205,
500.0,700.0,fuel,True,True,high,high,101.73268758719888,101.73268758719888,0.3503858555531996,175.19292777659982,5700.0,12566.34894426,44.73268758719889,98.61869498865073,0.19723738997730147,1761.4881930690924,3883.416718473727,34.03668610297925,366.3678400941374,0.9210021480931735,0.941486927889067,0.819842875988589,92.10021480931735,0.9115359387157953,0.6976787549261385,81.43873200964954,652.4727598710742,78.99557004935569,500.0,3440.186748259454,2.390373538219137e-06,4452.0997375396555,81.64146868254542,-2.385539155103089e-09,0.030616896768267437,2.385539155103089e-09,89,226.17506289482117,
500.0,800.0,fuel,True,True,high,high,53.14804701757707,53.14804701757707,0.25744625096623797,128.723125483119,5274.529783251041,11628.347679513097,0.40274918506665114,0.8879099643094538,0.0017758199286189076,1567.5533136512154,3455.86349615302,31.496055188334296,339.02071652697583,0.999,0.999,1.0,99.9,0.9991421257442982,0.9961785734721531,1.287764329837228,604.2060622326392,1.2491313999607156,500.00000000000006,3252.981350414738,4.865796654485166e-11,4452.099737533,81.64146868250573,6.022959908591474e-15,0.030581847231114002,4.306192674201041e-14,82,152.71940064430237,
550.0,250.0,fuel,True,True,high,high,430.61196418226405,430.61196418226405,0.6995738401072991,384.7656120590145,4119.8205749379385,9082.649637265262,389.41375843288466,858.5103810812981,1.5609279656023602,141.00395266579991,310.8605038102389,24.600884159619547,264.80171326599805,0.001000000000001127,0.1203946922578032,0.010000000000005171,0.1000000000001127,0.0278818689524548,0.0075216841975381445,891.4616896135332,472.723465819901,864.717839022304,500.00000000000136,3135.810493209034,1.3893975392420543e-06,4452.099737222984,81.64146868252408,-4.4039636583337316e-08,0.030431895408437562,4.4039636583337316e-08,56,85.67553615570068,
550.0,250.0,fuel,True,True,upstream,upstream,430.61196531721714,430.61196531721714,0.6995738423929172,384.76561331610446,4119.820583419211,9082.649655963267,389.41375948302505,858.5103833964613,1.5609279698117478,141.00395581514243,310.8605107533507,24.60088421027541,264.8017138112532,0.0010000000157575368,0.1203946887035332,0.01,0.10000000157575367,0.027881868198014817,0.0075216840218371795,891.4616964065153,472.72346677760476,864.7178455147987,500.00000010849317,3135.810498113127,1.7453885448048823e-08,4452.099737494411,81.64146868250546,-8.649296348584024e-10,0.030431895407552294,8.649296348584024e-10,54,92.45747590065002,
550.0,300.0,fuel,True,True,upstream,upstream,425.5099373682388,425.5099373682388,0.6904144900661401,379.72796953637703,4187.996578643442,9232.951997298336,383.6299715818044,845.7593137497371,1.5377442068177039,228.70521371692894,504.2086878839452,25.007986833130413,269.18372997407204,0.001,0.2606785760742069,0.01,0.1,0.058151458428442125,0.014752451491965007,761.3063718632901,480.470729067808,738.4671807073407,500.0000000038717,3122.069023527655,-4.033263394376263e-07,4452.099737478702,81.64146868220023,7.118764373120756e-09,0.030435412374257044,4.033263394376263e-07,54,81.10294842720032,
550.0,350.0,fuel,True,True,upstream,upstream,418.7579459287764,418.7579459287764,0.6779451059836437,372.869808291004,4117.8505471924755,9078.306469532039,377.5794404568516,832.4201759577612,1.5134912290141114,192.5968515661949,424.6033758502901,24.589120437588107,264.67508961588453,0.001,0.26032108820420974,0.01,0.1,0.05805061355476356,0.01472650647241638,749.3016062234283,472.4996376836517,726.8225580370632,500.0,3094.081885226603,-1.2604755283973645e-07,4452.099737515025,81.64146868240545,2.2516406204819983e-09,0.03043180939985601,1.2604755283973645e-07,51,81.53993439674377,
500.0,750.0,fuel,True,True,high,high,56.24388964608861,56.24388964608861,0.27783854545806014,138.91927272903007,5581.816468950418,12305.798858183889,0.42572495658442344,0.9385628699508428,0.0018771257399016856,1766.8988868724232,3895.3452564321833,33.3309710593492,358.7715865847792,0.999,0.999,1.0,99.9,0.9991418313900227,0.996177400583361,1.3637013391437693,639.0675628975872,1.3227902989558507,500.0,3360.8994871214018,1.9554136088117957e-11,4452.099737532894,81.64146868250567,-5.051514762044462e-15,0.03060708254329366,1.9436511681219166e-14,184,387.2721028327942,
550.0,300.0,fuel,False,False,high,high,nan,nan,nan,nan,nan,nan,nan,nan,nan,nan,nan,nan,nan,nan,nan,nan,nan,nan,nan,nan,nan,nan,nan,nan,nan,nan,nan,nan,nan,nan,nan,144.95142650604248,"ValueError: 'analysis.v0v1.acmodel.propmodel.prop1.propmap' <class MetaModelStructuredComp>: Error interpolating output 'eta_prop':
Array must not contain infs or nans."
550.0,350.0,fuel,False,False,high,high,nan,nan,nan,nan,nan,nan,nan,nan,nan,nan,nan,nan,nan,nan,nan,nan,nan,nan,nan,nan,nan,nan,nan,nan,nan,nan,nan,nan,nan,nan,nan,116.03525352478027,"ValueError: 'analysis.climb.acmodel.propmodel.prop1.propmap' <class MetaModelStructuredComp>: Error interpolating output 'eta_prop':
Array must not contain infs or nans."
550.0,400.0,fuel,True,True,upstream,upstream,413.8510970498453,413.8510970498453,0.6688820818850022,367.8851450367512,4066.835220147001,8965.836925469062,373.1827448483753,822.7271213581456,1.4958674933784466,166.33154596900357,366.69828896223186,24.284490144173063,261.396076427349,0.001,0.2600397976749183,0.01,0.1,0.05797220762825935,0.014706613227389568,740.5798957409886,466.70387972234914,718.3624988695004,500.0,3073.7285594874875,-3.4803258586180164e-07,4452.099737489658,81.64146868222032,6.387431861210047e-09,0.03042983015777186,3.4803258586180164e-07,94,134.4393470287323,
550.0,450.0,fuel,True,True,high,high,390.38377899706967,390.38377899706967,0.7129343962028096,392.1139179115453,5700.0,12566.34894426,333.38377899706967,734.9854209181115,1.3363371289420207,1308.1351053116573,2883.9442455408052,34.036686103059395,366.3678400950001,0.4146271638409048,0.5667276946098959,0.010000000441886502,41.462716384090484,0.39589047579385067,0.1287888128069992,601.5593660850386,652.4727598725476,583.5125851025796,500.0,3604.8887447785273,2.012259756156709e-06,4452.099737474886,81.6414686824493,-4.241115803601397e-09,0.03061689676855553,4.241115803601397e-09,73,128.49328017234802,
550.0,400.0,fuel,True,True,high,high,413.85109707163934,413.85109707163934,0.6688820819159939,367.88514505379663,4066.835220119917,8965.83692540935,373.18274487044016,822.7271214067903,1.4958674934668914,166.3315459551427,366.6982889316739,24.284490144039612,261.39607642591255,0.001,0.2600397973814262,0.01,0.1,0.05797220756494358,0.014706613211892143,740.579895737591,466.70387971942864,718.3624988654394,500.0,3073.7285594776736,-4.0419536162517034e-07,4452.099737473697,81.64146868217277,7.3144741478958775e-09,0.030429830157834944,4.0419536162517034e-07,96,188.07848048210144,
550.0,500.0,fuel,True,True,upstream,upstream,355.454962216898,355.454962216898,0.6653322409417705,365.93273251797376,5699.9999999998745,12566.348944259724,298.4549622168993,657.9805612918404,1.1963282932578918,1366.9650085950866,3013.6419811577593,34.03668610301588,366.3678400945317,0.4931939177768225,0.6246979544432156,0.010000074117380678,49.31939177768225,0.4599156236466316,0.1608814479019865,521.0729079623226,652.4727598710668,505.4407207234551,500.0000000000001,3580.9876592139494,-5.745323505834676e-08,4452.099737531996,81.64146868250059,1.168528325316831e-10,0.030616896768295612,5.745323505834676e-08,65,101.4157247543335,
550.0,450.0,fuel,False,True,upstream,upstream,390.3837779629983,390.3837779629983,0.7129343963704207,392.1139180037314,5700.0,12566.34894426,333.3837779629983,734.9854186383743,1.3363371247970441,1308.1351244205252,2883.9442876686476,34.03668627128861,366.36784190580426,0.41462716804823635,0.5667276978886303,0.010000000335900566,41.462716804823636,0.39589047913958053,0.12878881434070916,601.559364687157,652.4727630674809,583.5125837465149,500.0,3604.888750064423,-4.948925106873503e-05,4452.099598115476,81.64146848068935,-2.0080819689363705e-10,0.03061689738912547,4.948925106873503e-05,105,197.62821292877197,
550.0,550.0,fuel,True,True,upstream,upstream,317.3279938691708,317.3279938691708,0.613493389699154,337.4213643345347,5699.9999999999845,12566.348944259966,260.327993869171,573.9249843717861,1.0434999715850657,1430.8247076754076,3154.4285183715756,34.036686103013324,366.3678400945041,0.5765723554034583,0.6862796760099187,0.023572590212110042,57.65723554034583,0.5295949696910079,0.2019680130679553,435.57226361377434,652.4727598714632,422.5050957052097,500.0,3555.2549286392136,-4.0522672861698084e-07,4452.09973752,81.64146868250444,6.346634650114535e-10,0.030616896768353146,4.0522672861698084e-07,60,87.04972624778748,
550.0,600.0,fuel,True,True,upstream,upstream,277.4440458188554,277.4440458188554,0.5602971178420603,308.16341481313316,5700.0,12566.34894426,220.4440458188554,485.9959302533643,0.883628964097026,1491.1612268861631,3287.447773544278,34.036686121088366,366.36784028906226,0.6417641140142644,0.7344731541664856,0.17553752917214988,64.17641140142644,0.602134858177516,0.2536147829166979,368.6599921093589,652.4727602282477,357.60019234270044,500.0,3534.8023543265826,6.54420000500977e-06,4452.099722101987,81.64146866082687,-2.3321185343982975e-08,0.030616896837137555,2.3321185343982975e-08,53,92.41338157653809,
550.0,500.0,fuel,True,True,high,high,355.4549604814011,355.4549604814011,0.6653322379273656,365.9327308600511,5700.0,12566.34894426,298.4549604814011,657.9805574657219,1.1963282863013125,1366.965013581101,3013.641992150039,34.036686102988256,366.36784009423434,0.4931939335047265,0.6246979653953921,0.010000000424518825,49.31939335047265,0.4599156269217649,0.16088144967033646,521.0728940208952,652.4727598711238,505.4407072003648,500.0,3580.9876550484323,1.960054305527592e-06,4452.099737536198,81.64146868253464,-3.519722045937368e-09,0.03061689676828172,3.519722045937368e-09,92,160.55646896362305,
550.0,550.0,fuel,True,True,high,high,317.3279884000454,317.3279884000454,0.6134933821992112,337.42136020956616,5700.0,12566.34894426,260.3279884000454,573.924972314428,1.0434999496625965,1430.8247161089664,3154.4285369643903,34.036686103815626,366.36784010314005,0.5765723677638198,0.6862796814006876,0.023572595781586846,57.65723677638198,0.5295949796660488,0.20196801949023907,435.572260317187,652.4727598940987,422.5050925076562,500.0,3555.2549276695554,-4.802917828783393e-06,4452.099736611709,81.64146868154235,-1.2308717477552134e-08,0.030616896772467175,4.802917828783393e-06,83,135.76110219955444,
550.0,600.0,fuel,True,True,high,high,277.44405447227643,277.44405447227643,0.5602971301620199,308.16342158911095,5700.0,12566.34894426,220.4440544722764,485.995949330892,0.88362899878344,1491.1612209768543,3287.4477605164816,34.03668610300865,366.3678400944538,0.6417640939235706,0.7344731464319683,0.17553752131087585,64.17640939235706,0.602134842342511,0.2536147704525152,368.6599941003752,652.4727598710929,357.60019427736205,500.0,3534.8023543219324,5.047195372753777e-07,4452.09973753308,81.64146868251018,-6.930575419117346e-10,0.03061689676829166,6.930575419117346e-10,44,69.67774963378906,
550.0,650.0,fuel,True,True,upstream,upstream,233.90852580156997,233.90852580156997,0.5022515958561148,276.2383777208631,5700.0,12566.34894426,176.90852580156997,390.0165379714301,0.709120978129873,1557.4169564285826,3433.516653717358,34.03668610301291,366.3678400944997,0.7127949041543981,0.7870274606112174,0.34045532882217355,71.27949041543981,0.6811242640421601,0.3239017774964998,295.6930875756368,652.4727598711474,286.82229494837713,500.0,3512.0821477329387,8.137021723086946e-08,4452.099737530573,81.64146868250506,-9.962342062408425e-11,0.03061689676830326,1.591777820410844e-10,72,111.1916754245758,
550.0,700.0,fuel,True,True,upstream,upstream,186.0476477768675,186.0476477768675,0.4384735274699367,241.16044010846517,5700.0,12566.34894426,129.0476477768675,284.5013635789606,0.517275206507201,1630.931476366607,3595.588427403494,34.036686102951464,366.3678400938383,0.7907126694597011,0.8447914423804405,0.5205573718562421,79.07126694597011,0.7677280875934254,0.425504604505118,215.5775678675874,652.4727598711142,209.11024083165805,500.0,3486.428501062318,1.0569419373496203e-05,4452.09973754412,81.64146868257875,-1.1372354030703136e-08,0.03061689676825359,1.1372354030703136e-08,83,116.06462049484253,
550.0,650.0,fuel,True,True,high,high,233.9085247279684,233.9085247279684,0.502251594325677,276.23837687912237,5700.0,12566.34894426,176.9085247279684,390.01653560454383,0.7091209738264433,1557.4169571871162,3433.5166553896383,34.03668610313001,366.36784009576013,0.7127949067379893,0.7870274612870725,0.34045532966039005,71.27949067379893,0.6811242659891328,0.3239017794545461,295.69308726027043,652.4727598723073,286.8222945608351,500.0,3512.082147624909,1.0141411621589214e-06,4452.099737468449,81.64146868236462,-2.4851784657942133e-09,0.030616896768569147,2.4851784657942133e-09,86,137.30329394340515,
550.0,750.0,fuel,True,True,upstream,upstream,132.7759740857868,132.7759740857868,0.36755073753798745,202.1529056458931,5699.999999999977,12566.34894425995,75.77597408578704,167.05742665845668,0.3037407757426485,1714.172181793543,3779.1027696423066,34.03668610299455,366.3678400943021,0.8772350425751055,0.909031379681026,0.7195389855889937,87.72350425751056,0.8638320188968382,0.5868493713157729,126.52339113625155,652.4727598710805,122.72768940215242,500.0,3456.459471883313,4.932477622787701e-06,4452.09973753638,81.64146868252692,-4.713955947810433e-09,0.030616896768280034,4.713955947810433e-09,55,84.7860836982727,
550.0,750.0,fuel,True,True,high,high,132.77597544292263,132.77597544292263,0.3675507395416786,202.15290674792323,5700.0,12566.34894426,75.77597544292263,167.0574296504285,0.3037407811825973,1714.1721818078188,3779.1027696737797,34.03668610303705,366.3678400947595,0.8772350393344654,0.9090313785881301,0.7195389849374102,87.72350393344655,0.8638320164516998,0.5868493662800652,126.52339112607906,652.4727598721591,122.72768938878689,500.0,3456.459471880797,1.914630502142245e-06,4452.099737492211,81.6414686824761,-1.8459963141426172e-09,0.030616896768478653,1.8459963141426172e-09,76,132.88848662376404,
550.0,800.0,fuel,True,True,upstream,upstream,70.73656895082595,70.73656895082595,0.2851875953744753,156.85317745596143,5700.0,12566.34894426,13.736568950825948,30.283950654906377,0.05506172846346614,1816.6670828204783,4005.0653470654406,34.0366861047043,366.36784011270566,0.9777725700802821,0.983545138140724,0.9493859219479459,97.7772570080282,0.9753625785414867,0.8985564881903076,22.922384231630655,652.4727598880951,22.234712196551268,500.0,3416.003978064407,3.621944415499456e-07,4452.099736629083,81.64146868047655,-6.548288578045458e-10,0.030616896772174135,4.618315272305513e-08,74,117.68303847312927,
550.0,700.0,fuel,True,True,high,high,186.04763496454353,186.04763496454353,0.4384735091644515,241.16043004044832,5699.999999997493,12566.348944254474,129.0476349645686,284.5013353326766,0.5172751551503211,1630.9315003360562,3595.5884802470837,34.03668610384123,366.36784010341563,0.7907126962242649,0.844791450371416,0.5205574021184627,79.07126962242648,0.7677281107466758,0.4255046361918232,215.57753750778292,652.4727599399598,209.11023084702472,500.0,3486.4284941119995,1.28941610455513e-06,4452.09973508404,81.64146868149369,-2.701634192747715e-08,0.030616896779698703,7.428698348613411e-08,133,294.68403458595276,
600.0,250.0,fuel,True,True,upstream,upstream,475.46166661727614,475.46166661727614,0.7025922121432209,421.5553272859325,4199.163357786631,9257.570531210054,433.4700330394098,955.6378407110764,1.5927297345184606,143.6934060580583,316.7897335990885,25.074667562157714,269.9014753678428,0.001,0.12002776694693076,0.01,0.1,0.025584166107975145,0.0068904718287643215,908.482117336244,481.7399992125626,881.2276538338106,500.0,3168.407548921053,-5.112291319164797e-07,4452.099738241702,81.64146868249314,3.253011859882804e-09,0.030436101808268532,5.112291319164797e-07,51,83.98729085922241,
550.0,800.0,fuel,True,True,high,high,70.73656707969526,70.73656707969526,0.2851875926253225,156.85317594392737,5699.9999999967295,12566.34894425279,13.73656707972797,30.283946529841447,0.05506172096334808,1816.6670828790802,4005.0653471946357,34.036686103006716,366.367840094433,0.9777725742383465,0.9835451400808622,0.949385923585658,97.77725742383466,0.975362581898622,0.8985565009224993,22.922384266291363,652.4727598711044,22.23471285662638,500.00000000000006,3416.003978123529,4.220512437314028e-06,4452.099737516902,81.64146868248908,-4.089430183373821e-09,0.030616896768363818,4.089430183373821e-09,136,203.9149751663208,
600.0,300.0,fuel,True,True,upstream,upstream,470.1546170425715,470.1546170425715,0.693739367144014,416.2436202864084,4173.842464911219,9201.747517972746,428.4161923934593,944.4960292960415,1.5741600488267358,142.8349700060209,314.8972060593982,24.923467688007165,268.27397346746847,0.001,0.1507047777208797,0.01,0.1,0.03164584218240494,0.008304288056017335,871.6845227590384,478.8620536662906,845.533987097351,500.0,3148.9989326288246,-2.581286935310345e-07,4452.099738179252,81.64146868249587,1.7249123449025738e-09,0.03043458800079843,2.581286935310345e-07,52,80.21176052093506,
600.0,350.0,fuel,False,False,high,high,nan,nan,nan,nan,nan,nan,nan,nan,nan,nan,nan,nan,nan,nan,nan,nan,nan,nan,nan,nan,nan,nan,nan,nan,nan,nan,nan,nan,nan,nan,nan,127.94807744026184,"ValueError: 'analysis.v0v1.acmodel.propmodel.prop1.propmap' <class MetaModelStructuredComp>: Error interpolating output 'eta_prop':
Array must not contain infs or nans."
600.0,250.0,fuel,False,False,high,high,415.66792661743926,415.66792661743926,0.7340646965243863,440.4388179146318,4000.0,8818.4904872,375.66792661743926,828.2060093055089,1.380343348842515,20.0,44.092452436,15.0,161.45865625064582,0.001000000000000003,0.0010000000000000152,0.010000000000000009,0.10000000000000031,0.002051180043036892,-0.004376979317479142,3000.0,450.0,3000.0,500.0,3460.2734032955304,-682.4049970526846,-51187.51837582706,103.02233332051937,4.910909919111888,0.016395632869313746,1.0,138,261.1716091632843,
600.0,300.0,fuel,False,False,high,high,-6.64613997892458e+35,-6.64613997892458e+35,-8.99099023122914e+32,-5.394594138737483e+35,4156.481602428946,9163.473367810368,-6.64613997892458e+35,-1.4652230545186503e+36,-2.4420384241977506e+33,130.55950943078096,287.8344479822102,23.93046156556067,257.5853445222101,0.0010232795428269618,0.23550684679080963,0.010017738730470974,0.10232795428269617,0.03264532125596097,250060505292475.16,784.5479774974066,475.9779324946317,761.3168933135144,500.035124461738,3096.0021275265785,1.4652230545510673e+36,4780.74284186501,83.14466912245557,-0.7734250527587557,0.029303034965394523,1.0,122,217.3802089691162,
600.0,400.0,fuel,True,True,high,high,457.8571505326179,457.8571505326179,0.6731992511490902,403.91955068945407,4144.709520191132,9137.520369003192,416.41005533070654,918.0270279270653,1.5300450465451088,169.90923793928567,374.585749613748,24.749504724033503,266.4014517074307,0.0010000001919046445,0.26046208658562114,0.010000000002498292,0.10000001919046446,0.05334377650997342,0.013480178289051271,753.8963450366025,475.5514235618679,731.2794224751188,500.00000000322643,3104.7978568987483,4.936339337291429e-08,4452.099738175167,81.64146868248302,-1.61053299169156e-10,0.030433052362057223,4.424468617787177e-08,57,88.14318776130676,
600.0,450.0,fuel,True,True,upstream,upstream,453.2556839168003,453.2556839168003,0.6827183515785898,409.63101094715387,4490.671448751355,9900.235862988615,408.34896942928674,900.2553755925222,1.500425625987537,410.6403973094469,905.3071093333465,26.815363946047544,288.6381753067235,0.1066044489740738,0.3394856834924124,0.01000000070460208,10.66044489740738,0.14136639442620685,0.03650288518001603,727.7573096890051,514.9193067030843,705.9245903984156,500.0,3218.089710860782,2.5393688929398195e-06,4452.099737553402,81.64146868262286,-1.6838878444391803e-08,0.030466928528597788,1.6838878444391803e-08,43,61.42748498916626,
600.0,400.0,fuel,False,False,upstream,upstream,-1.5822565043241951e+37,-1.5822565043241951e+37,-2.140498517754593e+34,-1.2842991106527559e+37,5349.808103544694,11794.30796736359,-1.5822565043241951e+37,-3.48827848292331e+37,-5.81379747153885e+34,1816.8961788579402,4005.570417372194,31.464491766976057,338.6809706870309,0.6873176799767472,0.8225426015281722,0.999999999901,68.73176799767472,0.7428287314278149,1493405098633335.2,814.3934101328192,450.000000255,897.1024342511848,1936.5785075295903,3562.2694160818196,3.4882784830004857e+37,1217.8563499116538,82.26322991128886,0.42919860467601595,0.003351803157623217,1.0,61,120.83372139930725,
600.0,450.0,fuel,False,False,high,high,nan,nan,nan,nan,nan,nan,nan,nan,nan,nan,nan,nan,nan,nan,nan,nan,nan,nan,nan,nan,nan,nan,nan,nan,nan,nan,nan,nan,nan,nan,nan,152.93672609329224,"ValueError: 'analysis.climb.acmodel.propmodel.prop1.propmap' <class MetaModelStructuredComp>: Error interpolating output 'eta_prop':
Array must not contain infs or nans."
600.0,500.0,fuel,True,True,upstream,upstream,422.3448513845559,422.3448513845559,0.6978388497841541,418.70330987049243,5700.0,12566.34894426,365.3448513845559,805.4475241205511,1.3424125402009184,1274.609619672563,2810.033201494027,34.036686103284254,366.3678400974204,0.40945138448979884,0.5629107118028238,0.010000002290136081,40.94513844897988,0.393239236731204,0.12743175526420544,606.8589058112839,652.4727598774688,588.6531386368428,500.0,3606.453152772483,1.3603400020656409e-05,4452.099737267324,81.64146868217964,-2.657589479341735e-08,0.03061689676948649,2.657589479341735e-08,101,149.9022376537323,
600.0,500.0,fuel,True,True,high,high,422.3448586892963,422.3448586892963,0.6978388593727209,418.70331562363253,5699.99999381475,12566.348930623859,365.3448587511488,805.4475403611084,1.342412567268514,1274.6096152004816,2810.033191634775,34.03668606587967,366.36783969480086,0.4094513674949984,0.5629107060433651,0.01,40.94513674949984,0.39323922369066633,0.12743174923360465,606.8589063780827,652.4727591672302,588.653139186729,500.00000000000006,3606.453150749822,-1.954842900886433e-06,4452.099737644297,81.64146868274366,3.9876044879288974e-09,0.03061689676727458,1.954842900886433e-06,77,150.57561087608337,
600.0,550.0,fuel,True,True,upstream,upstream,387.526326514786,387.526326514786,0.6546906057705056,392.8143634623034,5700.0,12566.34894426,330.526326514786,728.6858165349503,1.2144763608915838,1330.8445588571979,2934.0100205560198,34.03668610336195,366.36784009825675,0.479954561730335,0.6149254121462243,0.010000003981764987,47.9954561730335,0.4517915914029166,0.15640542308695018,534.6412076454616,652.4727598830625,518.6019714161273,500.0,3585.036734095654,2.3219884496938903e-05,4452.099737067349,81.64146868208644,-3.928844300804882e-08,0.030616896770415878,3.928844300804882e-08,56,88.5323543548584,
600.0,600.0,fuel,True,True,upstream,upstream,349.423455461425,349.423455461425,0.6074895322166353,364.49371932998116,5700.0,12566.34894426,292.423455461425,644.6833650551823,1.0744722750919706,1392.6192676697026,3070.1999410591757,34.03668610284627,366.367840092706,0.5569015711742286,0.6717455117061839,0.010000001341387546,55.69015711742286,0.5156953154430626,0.19304365660998335,455.75163805493077,652.4727598490339,442.0790889167498,500.0,3561.364903314059,7.83702216722304e-06,4452.099738292521,81.64146868270491,-1.150719585677612e-08,0.03061689676473105,1.150719585677612e-08,119,158.79847478866577,
600.0,600.0,fuel,True,True,high,high,349.42345840208,349.42345840208,0.6074895361944974,364.4937217166984,5700.0,12566.34894426,292.42345840208,644.6833715382168,1.074472285897028,1392.6192676612143,3070.1999410404624,34.03668610301972,366.36784009457295,0.5569015647171859,0.6717455098657408,0.010000000230471645,55.69015647171859,0.5156953105306552,0.19304365355890998,455.75163805777737,652.472759871415,442.0790889175528,500.0,3561.3649033290685,1.339611117145978e-06,4452.099737520217,81.64146868249689,-1.9833838378092994e-09,0.030616896768349954,1.9833838378092994e-09,62,117.24496555328369,
600.0,550.0,fuel,False,False,high,high,-7.237005577332262e+75,-7.237005577332262e+75,-9.7903213979062e+72,-5.874192838743719e+75,5699.896291241109,12566.12030558407,-7.237005577332262e+75,-1.5954866209879475e+76,-2.659144368313246e+73,1297.5247381458785,2860.552390061525,34.03628979610839,366.3635742824819,0.46628431168531925,0.6049450064662875,0.010367198825114466,46.628431168531925,0.3428905183059171,3326991590561945.0,548.6415782719597,652.4663876637519,532.1743513645927,796.6658833044737,3611.5551669695888,1.5954866210232464e+76,4451.876432327791,81.64120126244222,-0.29500327331961834,0.030617891115192242,1.0,126,231.81533432006836,
600.0,650.0,fuel,True,True,upstream,upstream,309.24095265734513,309.24095265734513,0.5584296568568893,335.05779411413357,5700.0,12566.34894426,252.24095265734516,556.096110372766,0.9268268506212767,1452.900482748249,3203.0972714909303,34.03668610304957,366.3678400948943,0.6212766781482527,0.7193234772441583,0.12647916339374674,62.12766781482527,0.582769142286396,0.23864606928643592,389.69395132332767,652.4727598731909,378.0031327836364,500.0,3541.266183920591,2.3531733404524857e-05,4452.099737455831,81.64146868246108,-4.460213450657724e-08,0.03061689676864877,4.460213450657724e-08,65,85.03406548500061,
600.0,700.0,fuel,True,True,upstream,upstream,265.7540612954071,265.7540612954071,0.5055179186964806,303.3107512178883,5699.99999999999,12566.348944259978,208.7540612954072,460.2239259244786,0.7670398765407976,1517.220211307953,3344.8980001016894,34.03668610300445,366.3678400944086,0.686877619057977,0.7678464021773711,0.2794203881716872,68.6877619057977,0.6551492443503547,0.29870694057788344,322.32425140496946,652.4727598714159,312.65452386518797,500.0,3520.43335584111,3.4293352655367926e-06,4452.099737523394,81.64146868251514,-3.979185994595902e-09,0.030616896768339237,3.979185994595902e-09,47,70.97102642059326,
600.0,650.0,fuel,True,True,high,high,309.24095171891145,309.24095171891145,0.5584296559304799,335.0577935582879,5699.999999991892,12566.348944242125,252.24095171899253,556.0961083040526,0.9268268471734209,1452.9004876455015,3203.097282287524,34.03668610301445,366.3678400945163,0.6212766786589691,0.7193234785989981,0.1264791714564957,62.12766786589691,0.5827691438462146,0.23864607044802202,389.69394963182185,652.4727598341198,378.0031311485608,500.0,3541.2661833833467,1.5970399999787332e-05,4452.099738709183,81.64146868244514,-4.390448258423385e-08,0.030616896762703148,4.390448258423385e-08,68,122.86437058448792,
600.0,750.0,fuel,True,True,upstream,upstream,218.01799867945667,218.01799867945667,0.44746030149372645,268.47618089623586,5699.999999999998,12566.348944259997,161.0179986794567,354.98392240569274,0.5916398706761545,1588.3223576212645,3501.6514003225493,34.036686102564275,366.3678400896706,0.7587430801797743,0.8210483089274417,0.44620006518218913,75.87430801797743,0.7343889995198447,0.38248099531983293,248.4582189603275,652.4727598710818,241.0044723915316,500.0,3497.0672741116955,-9.092282198253088e-07,4452.099737623792,81.6414686830431,9.745190904242307e-10,0.03061689676796802,9.092282198253088e-07,59,81.05992889404297,
600.0,700.0,fuel,True,True,high,high,265.7540622850979,265.7540622850979,0.5055179200354063,303.3107520212438,5699.999999999985,12566.348944259968,208.75406228509806,460.22392810637336,0.767039880177289,1517.2202113050323,3344.89800009525,34.03668610344869,366.36784009919035,0.6868776167397788,0.7678464018459543,0.27942038824404564,68.68776167397787,0.6551492427062087,0.2987069390574165,322.3242514073103,652.472759871245,312.65452386510657,500.0,3520.433355852675,1.228371274919482e-06,4452.099737438636,81.64146868198232,-1.4637994358301931e-09,0.03061689676863458,1.4637994358301931e-09,80,131.71772360801697,
600.0,750.0,fuel,True,True,high,high,218.01798979210955,218.01798979210955,0.4474602894739793,268.47617368438756,5699.999999999998,12566.348944259997,161.01798979210957,354.9839028124463,0.5916398380207438,1588.3223576597206,3501.6514004073306,34.036686103158736,366.36784009606936,0.7587430993727058,0.821048314772882,0.446200068995275,75.87430993727058,0.7343890142630457,0.3824810131391621,248.45821894588943,652.4727598758731,241.00447238089734,500.00000000000006,3497.067274124785,1.8570380234450568e-05,4452.099737345189,81.64146868233016,-1.9251645222428948e-08,0.030616896769146612,1.9251645222428948e-08,96,139.48300766944885,
600.0,800.0,fuel,True,True,upstream,upstream,165.1175716786952,165.1175716786952,0.38316451908460325,229.89871145076194,5700.0,12566.34894426,108.11757167869521,238.35844433693447,0.39726407389489077,1668.0407814141781,3677.400440790646,34.03668610495191,366.36784011537094,0.8381785469904098,0.8800462919687247,0.6295941631931989,83.81785469904098,0.8219387134292633,0.5081932586863203,166.73472335715437,652.4727599108874,161.7326834713271,500.0,3470.2492699484565,1.5341242942668032e-05,4452.099735828314,81.64146868017957,-1.989201399432705e-08,0.030616896775910913,7.039630249434274e-08,62,88.21107053756714,
650.0,250.0,fuel,True,True,upstream,upstream,521.829601427869,521.829601427869,0.7070625070651132,459.5906295923236,4281.193669325505,9438.416411701957,479.01766473461396,1056.053179915738,1.624697199870366,146.47572881167486,322.9237052828604,25.564499134927324,275.1739785364109,0.0010000003141354657,0.11964755860697729,0.010000001212588426,0.10000003141354658,0.023642368483940305,0.006359420089231557,926.082836407235,491.0678812996478,898.3003512751745,500.0000005404778,3202.107905749687,6.51016307529062e-08,4452.099737120711,81.64146868249175,-5.967467145429062e-09,0.030442342509238593,5.967467145429062e-09,52,81.33684062957764,
600.0,800.0,fuel,True,True,high,high,165.11758185744313,165.11758185744313,0.3831645327344562,229.8987196406737,5699.999999999958,12566.348944259908,108.11758185744354,238.3584667772333,0.39726411129538886,1668.0407691684245,3677.4004137933807,34.03668610296371,366.36784009397013,0.838178529267215,0.8800462764432277,0.6295941492680558,83.8178529267215,0.8219386965939857,0.5081932299680512,166.73474172701663,652.4727598710762,161.73269947519248,500.00000000017764,3470.249275798026,7.0020232669776306e-06,4452.099737542539,81.64146868256377,-6.474659863808796e-09,0.03061689676825743,6.474659863808796e-09,122,207.68816113471985,
650.0,250.0,fuel,False,False,high,high,-8.81392391736287e+35,-8.81392391736287e+35,-1.1006398498205382e+33,-7.154159023833498e+35,4275.374039841066,9425.58632489007,-8.81392391736287e+35,-1.9431376055042257e+36,-2.989442470006501e+33,146.97111718572702,324.01584969887256,25.4347620278532,273.77749993814194,0.0010000892300503785,0.13129311872381327,0.010000016922166314,0.10000892300503784,0.02581427011997127,157778117506025.62,924.6522925263921,491.0962339259059,904.9800110519125,500.23558073369435,3198.914372619046,1.943137605547216e+36,4448.20048413722,81.79377157799385,-0.19281272952155656,0.03048925829078614,1.0,103,191.10672426223755,
650.0,300.0,fuel,True,True,upstream,upstream,516.1619539911476,516.1619539911476,0.698407534645987,453.96489751989157,4254.94826947336,9380.55520946973,473.612471296414,1044.1367681866775,1.6063642587487346,145.58529524519523,320.96063529898936,25.407778707287832,273.48705389283094,0.0010000045312587083,0.15033994846650936,0.01000000071368917,0.10000045312587083,0.029245914931812823,0.007661425807551255,888.4835704103023,488.08265800610553,861.8290632984168,500.00000002682714,3182.158131273723,3.6553258269123035e-06,4452.0997376169835,81.64146868281006,-1.037911953327697e-07,0.030440116380330427,1.037911953327697e-07,87,128.5466272830963,
650.0,350.0,fuel,True,True,upstream,upstream,509.5778472305079,509.5778472305079,0.6881249327569655,447.28120629202755,4280.424127786174,9436.719863015933,466.7736059526462,1029.059650942363,1.5831686937574816,201.1072598434896,443.3656144591679,25.55990393448988,275.12451621055544,0.001,0.26110231451261645,0.01,0.1,0.04949372931747571,0.012467374931838296,777.1446839223021,490.9803410290772,753.8303422602113,500.0,3158.9508913238847,1.4686164604427177e-06,4452.0997404113195,81.64146868212079,-4.6814959749064133e-08,0.030442274242587185,4.6814959749064133e-08,58,85.78216886520386,
650.0,300.0,fuel,True,True,high,high,516.1619556874708,516.1619556874708,0.6984075367625358,453.9648988956482,4254.948269476536,9380.555209476734,473.6124729927055,1044.13677192636,1.6063642645020924,145.58529523023515,320.96063526600807,25.407778707521814,273.4870538953495,0.001,0.15033994710347676,0.01,0.1,0.029245911392507734,0.007661424981006729,888.4835703959917,488.0826580071336,861.8290632840797,500.0,3182.1581312739813,-4.494359018281102e-08,4452.099737525917,81.6414686824646,1.2412856437160613e-09,0.03044011638068578,4.494359018281102e-08,103,157.96680879592896,
650.0,400.0,fuel,True,True,upstream,upstream,503.3404110971466,503.3404110971466,0.6787135920502247,441.1638348326461,4225.190501522234,9314.950561070404,461.08850608192427,1016.5261511601772,1.5638863864002726,173.5999289416715,382.7223304876815,25.230084705076436,271.5743715714409,0.001000038655695184,0.260856044963967,0.010000007695003527,0.10000386556951842,0.04943292022217289,0.012451394826077211,767.6764349788717,484.69883058599174,744.6461420464814,500.0000002122215,3136.9096823287223,3.123931537629687e-05,4452.099738212807,81.64146868443757,-5.55798948715519e-07,0.030437852310872097,5.55798948715519e-07,58,74.08626127243042,
650.0,450.0,fuel,True,True,upstream,upstream,498.60799520317715,498.60799520317715,0.6715723309529932,436.52201511944554,4183.25626290155,9222.501389979285,456.77543257416164,1007.0174517354774,1.5492576180545805,152.71100601423805,336.67013845682504,24.979680756059967,268.87904589623724,0.001,0.26065604938781,0.01,0.1,0.049384035143860104,0.012438791282368251,760.4940502759052,479.9319541082574,737.6792287684424,500.0,3120.177454407298,-2.0756010599143337e-07,4452.099737479966,81.64146868230469,3.494180750296394e-09,0.030435130260247127,2.0756010599143337e-07,55,78.80995225906372,
650.0,400.0,fuel,False,False,high,high,-1.3670317029893825e+98,-1.3670317029893825e+98,-1.7070825461905375e+95,-1.1096036550238494e+98,4224.267838497891,9312.91643729464,-1.3670317029893825e+98,-3.013789017128171e+98,-4.6365984878894943e+95,173.1591560809709,381.75059266790544,25.22456474589453,271.51495522530297,0.0010330247779742204,0.2608748127359774,0.010005886235366674,0.10330247779742205,0.03349012860868815,276578170780287.7,767.4947400496704,484.59378979979795,744.4696129916654,500.01517350210236,3136.535530181481,3.013789017194849e+98,4452.117103388951,81.641485541824,-0.10920022076779247,0.03043774715629627,1.0,116,207.71351957321167,
650.0,450.0,fuel,True,True,high,high,498.6079951114807,498.6079951114807,0.6715723308396212,436.5220150457538,4183.25626298747,9222.501390168707,456.775432481606,1007.0174515314271,1.5492576177406572,152.71100609305913,336.6701386305958,24.979680756445724,268.87904590038954,0.001000000010946548,0.260656050534225,0.01,0.10000000109465479,0.04938403536121454,0.012438791334825589,760.494050202562,479.93195411053597,737.6792286968213,500.0,3120.1774544094633,7.367816579062492e-09,4452.09973785902,81.64146868251271,-5.7401253888977877e-11,0.03043513025853903,1.0298739637809206e-10,47,75.45575523376465,
650.0,500.0,fuel,True,True,upstream,upstream,487.72863024926346,487.72863024926346,0.7230065699917664,469.95427049464814,5700.0,12566.34894426,430.72863024926346,949.5940821044541,1.4609139724683908,1189.358686333695,2622.0870653255947,34.03668611675977,366.36784024246964,0.34339849589068955,0.5142199128070131,0.010000001638925898,34.339849589068955,0.3388349901376492,0.10361181733913126,674.461669855844,652.4727601351672,654.2278197601196,500.0,3626.32030996737,7.6052242548030335e-06,4452.099726045781,81.64146866601824,-2.4184607291203447e-08,0.030616896819472897,2.4184607291203447e-08,99,131.59034872055054,
650.0,550.0,fuel,True,True,upstream,upstream,455.87424225676085,455.87424225676085,0.6868000629805215,446.42004093733897,5700.0,12566.34894426,398.87424225676085,879.3671777325885,1.3528725811270592,1238.8951226473766,2731.296213426092,34.036686103079234,366.3678400952136,0.4022155425971049,0.5575749144742895,0.01,40.22155425971049,0.38845560967163417,0.12512429361881122,614.2671697923541,652.4727598710803,595.8391546985341,500.0,3608.6382675051755,-5.311625500326045e-06,4452.099737519299,81.64146868242553,9.592145578263961e-09,0.03061689676834086,5.311625500326045e-06,92,122.85123491287231,
650.0,500.0,fuel,False,True,high,high,487.7286417944165,487.7286417944165,0.7230065842848923,469.95427978517995,5699.999999953117,12566.348944156642,430.72864179488533,949.5941075581932,1.4609140116279895,1189.35868472475,2622.087061778478,34.036686102939974,366.3678400937146,0.3433984721827098,0.5142199065708744,0.01,34.33984721827098,0.3388349720257539,0.10361180989907719,674.4616699766208,652.4727598662142,654.2278198772855,500.0,3626.320309524676,-1.342878385912627e-05,4452.09973747534,81.64146868225679,2.7764787924062367e-08,0.030616896768509372,1.342878385912627e-05,190,282.2887694835663,
650.0,550.0,fuel,True,True,high,high,455.87424127122006,455.87424127122006,0.686800061749796,446.4200401373674,5700.0,12566.34894426,398.87424127122006,879.367175559843,1.3528725777843738,1238.8951226469699,2731.296213425195,34.03668610305197,366.36784009492015,0.40221554462412296,0.5575749149891871,0.01,40.22155446241229,0.3884556112024301,0.12512429431910704,614.2671697925898,652.4727598710764,595.8391546988912,500.0,3608.6382675045706,-3.1366498660645448e-06,4452.099737524814,81.64146868245821,5.665370259293895e-09,0.030616896768320485,3.1366498660645448e-06,74,132.57628107070923,
650.0,600.0,fuel,True,True,upstream,upstream,421.2187446197288,421.2187446197288,0.6474200201834868,420.82301311926636,5700.0,12566.34894426,364.2187446197288,802.9648836722512,1.2353305902650018,1292.9101683859299,2850.3790051788683,34.03668610323221,366.3678400968603,0.4660524479037924,0.6046653785910541,0.01000000323740655,46.60524479037924,0.4423114944965302,0.1513315342270687,548.8863334989393,652.4727598929624,532.4197435077842,500.0,3589.278706399482,2.335766748728929e-05,4452.099736767716,81.64146868224205,-3.7443990375755215e-08,0.030616896771867075,3.7443990375755215e-08,75,104.92906188964844,
650.0,650.0,fuel,True,True,upstream,upstream,383.3463814268797,383.3463814268797,0.6043979682317739,392.85867935065306,5700.0,12566.34894426,326.3463814268797,719.4706150362704,1.1068778692865697,1352.1184587126904,2980.9109414313466,34.036686103256216,366.36784009711863,0.5356332365422388,0.6560349187054872,0.010000004200742865,53.56332365422388,0.50101266187626,0.18398468405408236,477.5643809841919,652.4727598804471,463.23744955978646,500.0,3567.942775658778,3.1309283258451615e-05,4452.099737174937,81.64146868221326,-4.415310114183266e-08,0.030616896769931064,4.415310114183266e-08,49,73.42847990989685,
650.0,600.0,fuel,True,True,high,high,421.2187483361673,421.2187483361673,0.6474200248211254,420.82301613373147,5700.0,12566.34894426,364.2187483361673,802.9648918655956,1.2353306028701472,1292.910168164059,2850.379004689727,34.03668610283995,366.367840092638,0.46605244045604455,0.6046653765469848,0.010000002162187561,46.60524404560446,0.44231148872909026,0.15133153124294652,548.8863337764965,652.472759871067,532.4197437632391,500.0000000000003,3589.278706460221,1.551955665490823e-05,4452.099737568195,81.64146868271249,-2.4584115550143476e-08,0.030616896768165345,2.4584115550143476e-08,67,105.13255715370178,
650.0,650.0,fuel,True,True,high,high,383.3463757195903,383.3463757195903,0.604397962007449,392.8586753048418,5700.0,12566.34894426,326.3463757195903,719.470602453851,1.1068778499290015,1352.1184739982966,2980.91097513034,34.036686108639664,366.36784015506555,0.5356332473823818,0.6560349246997035,0.010000005065721528,53.56332473823818,0.5010126707441221,0.18398468935490447,477.56437410812964,652.4727598605386,463.237442589305,500.0,3567.942773672098,1.4572589407180203e-05,4452.09973673716,81.6414686757568,-5.066692663905151e-08,0.03061689677072495,5.066692663905151e-08,69,106.93910145759583,
650.0,700.0,fuel,True,True,upstream,upstream,342.74093286425034,342.74093286425034,0.5586276154790265,363.1079500613672,5700.0,12566.34894426,285.74093286425034,629.9509245667614,0.9691552685642483,1413.1120505365784,3115.3787937511256,34.03668610298968,366.36784009424963,0.6012400337209503,0.704510857022597,0.0781388272091622,60.124003372095025,0.5636965080201283,0.22470118802588046,410.25993350147104,652.4727598776539,397.95213549746387,500.0,3547.5546271480052,4.288248055672739e-05,4452.099737321046,81.64146868253292,-5.35112933269799e-08,0.03061689676930196,5.35112933269799e-08,91,123.99822878837585,
650.0,750.0,fuel,True,True,upstream,upstream,299.3351241073001,299.3351241073001,0.5100659666975655,331.5428783534176,5700.0,12566.34894426,242.3351241073001,534.2574966636643,0.8219346102517912,1475.738001645217,3253.445382276971,34.036686102836214,366.36784009259776,0.6621475780833368,0.7495497473251539,0.22075719839214414,66.21475780833367,0.6304539152577715,0.27660670112793606,347.7275064132417,652.4727598710377,337.2956812208702,500.0000000000001,3528.334493192737,2.4371542167500593e-05,4452.099737570041,81.64146868271696,-2.7113769500430873e-08,0.030616896768158087,2.7113769500430873e-08,66,86.81174302101135,
650.0,700.0,fuel,True,True,high,high,342.74095238492873,342.74095238492873,0.5586276398511936,363.10796590327584,5700.0,12566.34894426,285.74095238492873,629.9509676024906,0.9691553347730624,1413.1120504730072,3115.378793610975,34.036686103016024,366.3678400945332,0.6012399947718765,0.7045108469996845,0.07813882113021799,60.12399947718765,0.5636964779302881,0.22470116678824797,410.2599335238196,652.4727598710871,397.95213551811827,500.0,3547.5546271523917,-2.2768290364183486e-08,4452.099737531782,81.64146868250133,3.555831150359179e-11,0.030616896768296077,2.2768290364183486e-08,126,170.83320593833923,
650.0,750.0,fuel,True,True,high,high,299.33513149366956,299.33513149366956,0.5100659760516821,331.5428844335934,5700.0,12566.34894426,242.33513149366956,534.2575129478215,0.8219346353043407,1475.73800689806,3253.4453938575075,34.03668610310675,366.3678400955098,0.6621475591093492,0.7495497464959783,0.2207572191413517,66.21475591093493,0.6304539038920396,0.27660669139297805,347.72750018022566,652.4727598728055,337.2956763046841,500.0,3528.334491437436,3.7662630347767845e-07,4452.0997374567705,81.64146868239251,-5.382703595346872e-09,0.030616896768630077,8.989787056109725e-09,62,94.20744252204895,
650.0,800.0,fuel,True,True,high,high,251.72539792807743,251.72539792807743,0.4568191417553976,296.93244214100844,5700.0,12566.34894426,194.72539792807743,429.2960173112464,0.6604554112480714,1544.8038647036442,3405.7095463697206,34.03668610474595,366.36784011315393,0.7288192917527954,0.798889994177902,0.3761465230555058,72.88192917527954,0.7034816986284573,0.34697834095944297,279.2230327273928,652.4727598710828,270.84634174517265,500.0,3506.8783666059626,1.6806188796181232e-06,4452.09973718063,81.6414686804266,-1.7997118934021117e-09,0.03061689676954904,2.5068511648069815e-09,62,99.0999596118927,
650.0,800.0,fuel,True,True,upstream,upstream,251.72539280254713,251.72539280254713,0.4568191353539435,296.93243798006324,5699.999999999972,12566.348944259938,194.72539280254742,429.29600601138696,0.6604553938636722,1544.8038647015794,3405.7095463651685,34.03668610293773,366.36784009369046,0.7288193018770764,0.7988899976818423,0.37614652332709964,72.88193018770764,0.7034817064759645,0.34697834946954975,279.2230327279152,652.4727598710808,270.84634174607515,500.0000000000001,3506.8783665603396,1.3085547834634781e-05,4452.09973754789,81.64146868259502,-1.3037436748242204e-08,0.030616896768239008,1.3037436748242204e-08,149,210.35760307312012,
700.0,250.0,fuel,False,False,upstream,upstream,-4.835703278458517e+24,-4.835703278458517e+24,-5.607262614168039e+21,-3.925083829917627e+24,4366.0661088199895,9625.528111778849,-4.835703278458517e+24,-1.066090084000207e+25,-1.52298583428601e+22,149.3565628232145,329.27485711435156,26.07129315611491,280.62906398019817,0.0010000042066992444,0.11925207288453922,0.010000015794620733,0.10000042066992444,0.018453784194291275,135040716385333.88,944.2982197220772,500.7264090416531,915.9692733027837,500.00001478768536,3236.977052833355,1.0660900840237935e+25,4452.10250077207,81.64148259860593,-0.0046109631335678036,0.030450909863915784,1.0,130,174.90802550315857,
700.0,300.0,fuel,True,True,upstream,upstream,563.7486033765149,563.7486033765149,0.7042591148655591,492.9813804058914,4338.844376918035,9565.514465823226,520.3601596073346,1147.1977793537885,1.6388539705054121,148.43241031948057,327.23744959862665,25.908751598102683,278.8794812107621,0.0010000013544348967,0.14996013834246788,0.010000000188993748,0.10000013544348968,0.027190566410639338,0.007113439452644911,905.866456456211,497.62776691046,878.6904627625562,500.0,3216.4594367850236,4.5458455133484676e-07,4452.099737453631,81.64146868189597,-1.2816069608345693e-08,0.030447948130476254,1.2816069608345693e-08,36,50.81037163734436,
700.0,250.0,fuel,False,False,high,high,26672.212110972097,26672.212110972097,31.07074520448494,21749.52164313946,5700.0,12566.34894426,26615.212110972097,58676.49870385442,83.82356957693489,2250.0,4960.40089905,40.0,430.55641666838886,0.757616731404342,0.999,0.1116155979763144,75.7616731404342,0.49009245402880297,0.009241702333148522,1.0,3000.0,1.0,3000.0,4678.15205590622,-62384.11051067353,1049.8356687887901,75.31031218480967,-4.271784120404503,0.34989424705982897,1.0,99,223.62014865875244,
700.0,350.0,fuel,False,False,upstream,upstream,nan,nan,nan,nan,nan,nan,nan,nan,nan,nan,nan,nan,nan,nan,nan,nan,nan,nan,nan,nan,nan,nan,nan,nan,nan,nan,nan,nan,nan,nan,nan,46.38487482070923,"ValueError: 'analysis.climb.acmodel.propmodel.prop1.propmap' <class MetaModelStructuredComp>: Error interpolating output 'eta_prop':
Array must not contain infs or nans."
700.0,350.0,fuel,True,True,high,high,557.3614081226438,557.3614081226438,0.69490345014751,486.432415103257,4365.9610650347595,9625.296529873653,513.7017974722961,1132.5186035667462,1.617883719381066,205.57572256365296,453.21688845671,26.070674791783564,280.62240796193066,0.0010000000000504148,0.26144655871499567,0.010000000000007019,0.10000000000504147,0.04613671416809524,0.011590436096769923,791.8260691059635,500.71445765167584,768.0712870327848,500.0,3193.091173684813,2.896867044910323e-06,4452.099738077153,81.64146868124082,-1.8990324035517148e-08,0.03045090815392633,4.977434594319799e-08,97,152.0753366947174,
700.0,300.0,fuel,True,True,high,high,563.7485975723916,563.7485975723916,0.7042591081346792,492.9813756942754,4338.844376920514,9565.514465828692,520.3601538031864,1147.1977665578322,1.6388539522254746,148.43241031442258,327.2374495874757,25.90875159733838,278.87948120253526,0.0010000146597591909,0.14996014522535703,0.010000002044363016,0.1000014659759191,0.027190577476368397,0.007113442028052709,905.8664564550648,497.6277669110395,878.6904627613212,500.00000000000006,3216.459436766866,1.3307189192346414e-05,4452.099737656691,81.6414686831235,-3.663380869836641e-07,0.030447948129769878,3.663380869836641e-07,173,290.2299201488495,
700.0,400.0,fuel,True,True,upstream,upstream,550.3827159770251,550.3827159770251,0.6852646344162534,479.6852440913774,4308.431355205749,9498.465230159027,507.29840242496755,1118.4015339890834,1.597716477127262,177.4121042378019,391.1267383837978,25.72714484816969,276.92468242341357,0.0010000006134261647,0.26121992376001024,0.010000000085426647,0.10000006134261646,0.046083272889541636,0.011575961916380623,781.9492805575393,494.16674011597974,758.4908021694541,500.0,3170.1284784363334,2.3511483959737234e-07,4452.099737487149,81.6414686822126,-4.054002765430109e-09,0.030444871339614897,4.054002765430109e-09,45,65.09927892684937,
700.0,450.0,fuel,False,False,upstream,upstream,-4.9039857307708443e+55,-4.9039857307708443e+55,-5.68643985478994e+52,-3.980507898352958e+55,5553.438612986629,12243.236394967937,-4.9039857307708443e+55,-1.0811437879041808e+56,-1.5444911255774011e+53,1304.5656291776143,2876.0748977077187,33.37834652156737,359.28153181604574,0.6832427666547959,0.4531446062963744,0.9209355388574556,68.32427666547959,0.7228114308342407,9609561005024136.0,400.91383567356013,789.2199244685962,857.002717858767,1504.3864149711803,3702.7662742813113,1.0811437879281003e+56,2398.177139279134,81.37586050018771,-3.5469753672864,0.05539590402675538,1.0,155,242.67377972602844,
600.0,350.0,fuel,False,False,upstream,upstream,463.40151953510656,463.40151953510656,0.6824138053380799,409.44828320284796,4197.806113952292,9254.578320749573,421.4234583955836,929.0796897360948,1.548466149560158,196.83116813821212,433.93844595282184,25.066508106505715,269.81364771815555,0.0010022613915607996,0.2607677850499782,0.010048573417265484,0.10022613915607996,0.05342830888674417,0.013501654882390243,762.948014915199,481.58793836922183,740.0613285524792,500.00299393480276,3125.972176254642,-0.028789805581368455,4452.014605991917,81.64155805403676,-3.0829905587774487e-05,0.03043642681916759,0.028789805581368455,1759,3181.7536923885345,
700.0,450.0,fuel,True,True,high,high,545.090886254866,545.090886254866,0.6779548473053705,474.5683931137593,4264.775810865724,9402.221229540015,502.44312814620866,1107.697486479088,1.5824249806844113,156.03425202428073,343.99664178837173,25.466462381435193,274.11871970427654,0.001000000624305897,0.26103449288073616,0.010000000884560779,0.10000006243058969,0.04604013541741234,0.011564528219311242,774.4612828040222,489.2003830150298,751.2274443817756,500.00000627281435,3152.7060612807663,-1.2908765256725019e-06,4452.099737240228,81.64146868249898,-1.4216373623449075e-08,0.03044092525385154,1.2908765256725019e-06,96,169.4205174446106,
700.0,500.0,fuel,True,True,upstream,upstream,540.9873037625559,540.9873037625559,0.6726202326340965,470.8341628438676,4239.244512987879,9345.934352674602,498.5948586326772,1099.213504454773,1.5703050063639616,145.05261356949418,319.7862732265205,25.314006105397276,272.47769400653925,0.003308971771894581,0.2626187293667961,0.01000000150226345,0.3308971771894581,0.04798697681940202,0.01203164247430112,768.3152906704769,486.2968250633359,745.2658319494421,500.0000001127616,3142.004666418901,9.627159784031392e-06,4452.099737668741,81.64146868299275,-1.6316902316446114e-07,0.030438886459244818,1.6316902316446114e-07,57,71.73537635803223,
700.0,500.0,fuel,True,True,high,high,540.9873081798718,540.9873081798718,0.6726202378911473,470.83416652380316,4239.244516688943,9345.934360834051,498.5948630129824,1099.213514111693,1.5703050201595614,145.05261604073897,319.7862786746827,25.31400612781035,272.4776942477916,0.003308961854141813,0.26261872736870434,0.010000000053422461,0.3308961854141813,0.047986969099417916,0.012031640616676323,768.3152902255299,486.296825545178,745.2658322196362,500.0000000391587,3142.0046677171063,-1.805249212338822e-07,4452.099734830066,81.64146868248842,1.3577818834542565e-09,0.030438886472566262,1.805249212338822e-07,51,83.30862379074097,
700.0,550.0,fuel,True,True,upstream,upstream,522.759270244516,522.759270244516,0.7122907991444197,498.6035594010938,5700.0,12566.34894426,465.75927024451596,1026.8234234941194,1.466890604991599,1153.1817683175955,2542.3306134802974,34.03668611093872,366.3678401798124,0.3395700544045091,0.5113989690823636,0.01000000547436216,33.957005440450914,0.33594675090117443,0.10233989320662805,678.3783034397779,652.4727600324751,658.0269543365722,500.0,3627.4665711631687,4.4698105739371385e-05,4452.099730609144,81.64146867299951,-9.162105605968474e-08,0.030616896799226603,9.162105605968474e-08,87,117.76985764503479,
700.0,400.0,fuel,False,False,high,high,1.8971375900641885e+81,1.8971375900641885e+81,2.199834867885191e+78,1.5398844075196335e+81,5243.451228485029,11559.831194623095,1.8971375900641885e+81,4.182472447722645e+81,5.9749606396037785e+78,1924.3360877859936,4242.434871079112,33.1700323737835,357.0392569907669,0.681806281662502,0.6975204063621218,0.13239966150532076,68.1806281662502,0.682162877217952,9.874177642068749e-80,432.0302003021211,957.6140959081895,426.32234906419376,812.2723164584634,3622.703595614995,-4.182472447815179e+81,1723.3104377161394,79.31999614529255,-1.9068646095855784,0.09334651164109653,1.0,258,595.6637768745422,
700.0,550.0,fuel,False,True,high,high,522.7592997952806,522.7592997952806,0.7122908333374804,498.6035833362363,5699.999999971648,12566.348944197496,465.7592997955641,1026.8234886430287,1.4668906980614695,1153.181767322514,2542.330611286518,34.03668610306281,366.36784009503685,0.3395699993829254,0.5113989563603824,0.01,33.95699993829254,0.3359467080545998,0.10233987571222873,678.3783035241818,652.472759867873,658.0269544184985,500.00000001289067,3627.4665709111728,-1.7763973119144794e-05,4452.09973748762,81.64146868224216,3.450199507126425e-08,0.030616896768450585,1.7763973119144794e-05,67,118.96295523643494,
700.0,600.0,fuel,True,True,upstream,upstream,491.09188792160137,491.09188792160137,0.6790548078680284,475.33836550761987,5699.999999999032,12566.348944257867,434.09188792161103,957.0087960518539,1.36715542293122,1200.964621641027,2647.673772851286,34.03668610274968,366.36784009166627,0.3932218509959348,0.5509435020733241,0.01,39.32218509959348,0.3818138641007964,0.12201690208433613,623.4742868059856,652.4727598709751,604.7700582018019,500.0000000000031,3611.3511207421648,-6.741079232597258e-07,4452.099737584902,81.64146868281382,1.190941767946485e-09,0.030616896768106784,6.741079232597258e-07,73,101.43059635162354,
700.0,600.0,fuel,False,True,high,high,491.0918977372496,491.0918977372496,0.679054819248882,475.3383734742174,5699.999999979596,12566.348944215018,434.0918977374537,957.0088176920826,1.3671554538458324,1200.9646216206909,2647.6737728064527,34.03668610314588,366.367840095931,0.39322183251559517,0.5509434980041344,0.01,39.322183251559515,0.38181384992594997,0.12201689569525263,623.4742868100113,652.4727598687716,604.7700582056868,500.000000060934,3611.3511207545357,-2.233962732134387e-05,4452.09973748068,81.64146868219946,3.820093147279685e-08,0.030616896768476627,2.233962732134387e-05,72,99.9579770565033,
700.0,650.0,fuel,False,True,upstream,upstream,456.6601076731263,456.6601076731263,0.6429258012723933,450.0480608906753,5699.9999999999545,12566.3489442599,399.66010767312673,881.0997144071989,1.2587138777245699,1253.014992431953,2762.4251977700396,34.036686098184695,366.3678400425292,0.4514217693580454,0.5938695535270895,0.01,45.14217693580454,0.4315693169649045,0.14574692624927704,563.8753420017931,652.472759854401,546.9590817418732,500.0,3593.732539217667,-2.0553238755383063e-05,4452.099739062139,81.64146868829529,3.203050232729668e-08,0.030616896762191714,2.0553238755383063e-05,53,78.98859000205994,
700.0,650.0,fuel,True,True,high,high,456.66009814516394,456.66009814516394,0.6429257902340504,450.0480531638353,5699.999999999999,12566.348944259998,399.66009814516394,881.0996934016366,1.2587138477166238,1253.014992542412,2762.42519801356,34.0366861029976,366.3678400943349,0.4514217867345905,0.5938695600181959,0.01,45.14217867345905,0.43156933074273207,0.14574693320215254,563.875341985951,652.4727598707213,546.9590817265496,500.0,3593.7325393423203,-6.5911535784835e-08,4452.099737547544,81.64146868252341,1.1456935964174186e-10,0.03061689676822568,6.5911535784835e-08,87,143.81677722930908,
700.0,700.0,fuel,True,True,upstream,upstream,419.0620188129484,419.0620188129484,0.6034850728963373,422.43955102743615,5699.999999973035,12566.348944200554,362.06201881321806,798.2101171701977,1.1403001673859967,1309.9900567939312,2888.0337135409677,34.036686102784685,366.3678400920431,0.51481225995085,0.6406587828169495,0.010000001365630564,51.481225995085,0.4857616236269763,0.17494449732817222,498.91274592610483,652.472759872865,483.94536354832104,500.0,3574.3555518208514,5.61083970751497e-06,4452.099737386935,81.64146868258567,-1.3533545067164615e-08,0.030616896768997783,1.3533545067164615e-08,111,138.40122509002686,
700.0,700.0,fuel,True,True,high,high,419.0620242127799,419.0620242127799,0.6034850789677361,422.43955527741525,5700.0,12566.34894426,362.0620242127799,798.2101290741939,1.1403001843917056,1309.9900535864363,2888.0337064696514,34.036686103161884,366.36784009610324,0.5148122501104385,0.6406587802065158,0.010000000017829682,51.481225011043854,0.4857616158699948,0.17494449286652705,498.9127472929189,652.4727598149833,483.94536447449497,500.0,3574.355552158677,9.283121471526101e-08,4452.099739349488,81.64146868232639,1.5500480239627468e-11,0.030616896759645223,1.0916063596674275e-09,66,102.99705672264099,
700.0,800.0,fuel,True,True,upstream,upstream,334.8079462385386,334.8079462385386,0.5157907202925579,361.0535042047905,5699.999999999909,12566.3489442598,277.8079462385395,612.4616827932824,0.8749452611332607,1432.6541465539765,3158.4617407084693,34.03668610299796,366.3678400943388,0.6381490113612247,0.731799649606953,0.16340554344856062,63.81490113612247,0.6065217845181714,0.2567259213431123,372.37190463856115,652.4727598721896,361.20074749920394,500.0,3535.9455328846425,9.530032457405468e-06,4452.099737498844,81.64146868252233,-1.0271579562598498e-08,0.030616896768457087,1.0271579562598498e-08,65,97.48700046539307,
700.0,750.0,fuel,True,True,upstream,upstream,378.0863481639221,378.0863481639221,0.5605985956827002,392.4190169778901,5700.0,12566.34894426,321.0863481639221,707.8742267133335,1.0112488953047623,1371.5585800449305,3023.76907269094,34.03668610950765,366.3678401644085,0.5813637380600383,0.6898203972611567,0.02983101387733081,58.136373806003824,0.5446340106363446,0.21149200663789786,430.6563075278753,652.472759984092,417.73661830792037,500.0,3553.7626782208195,5.196367828830262e-05,4452.099732492844,81.64146867471582,-6.549640422723324e-08,0.030616896790637952,6.549640422723324e-08,83,109.0618987083435,
700.0,750.0,fuel,True,True,high,high,378.086361715739,378.086361715739,0.5605986113014392,392.4190279110074,5699.99999999995,12566.34894425989,321.0863617157395,707.8742565899768,1.011248937985681,1371.5585786310871,3023.769069573949,34.03668610305443,366.3678400949466,0.5813637131227642,0.6898203912327673,0.02983101132849264,58.136371312276424,0.5446339911683452,0.21149199359505078,430.6563080116572,652.4727598750268,417.73661876383454,500.00000000001427,3553.762678153203,2.535298381189932e-05,4452.099737393994,81.6414686824549,-3.0521564681890156e-08,0.0306168967689399,3.0521564681890156e-08,99,144.62812614440918,
750.0,250.0,fuel,True,True,upstream,upstream,619.4651217613069,619.4651217613069,0.7195752315104211,539.6814236328158,4453.945470019273,9819.268939468122,574.9256670611142,1267.4941314563873,1.6899921752751832,152.34192372183733,335.85645128569263,26.596060328835943,286.2776108169974,0.0010000000002919102,0.11884161353268961,0.0100000000000371,0.10000000002919102,0.020537030286000155,0.005515435878030479,963.1664569447054,510.73463302653016,934.2714634376622,500.0,3273.085511087525,-4.081206952832872e-06,4452.099754173058,81.64146868482547,-4.087193625212926e-09,0.030461824886143032,4.081206952832872e-06,94,87.51977682113647,
700.0,800.0,fuel,True,True,high,high,334.8079483345901,334.8079483345901,0.5157907227413552,361.05350591894864,5700.0,12566.34894426,277.8079483345901,612.461687414283,0.8749452677346901,1432.6541468122623,3158.4617412778916,34.03668610391879,366.3678401042505,0.6381490074994859,0.7317996487531145,0.16340554316982386,63.81490074994859,0.606521781527219,0.2567259189582203,372.3719045602877,652.4727598878046,361.20074741310543,500.0,3535.945532889396,4.329331659391755e-06,4452.099736798004,81.64146868141863,-5.137984187414402e-09,0.030616896771559547,5.137984187414402e-09,76,120.27555513381958,
750.0,300.0,fuel,False,True,upstream,upstream,613.0035847289622,613.0035847289622,0.7111548079529899,533.3661059647425,4425.690470532935,9756.977328421595,568.7466800236328,1253.8717968537471,1.6718290624716627,151.38181627135052,333.7397766809907,26.42733987499461,284.46151896638264,0.0010000000000002778,0.14956504280627847,0.01000000000000065,0.10000000000002778,0.02540989992943286,0.0066407410839223555,923.8667817810779,507.5158681415947,896.1507803016597,500.00000000000125,3251.9696098413474,-1.2353372085271985e-05,4452.105119593151,81.64146869528376,-1.5379649995900246e-07,0.030458085013396235,1.2353372085271985e-05,51,62.14955139160156,
750.0,250.0,fuel,True,True,high,high,619.4651233709716,619.4651233709716,0.7195752335944627,539.681425195847,4453.945481792185,9819.26896542295,574.9256685530497,1267.4941347455424,1.6899921796607231,152.34192631209075,335.8564569962239,26.596060400905905,286.277611592752,0.001,0.11884161326657607,0.01,0.1,0.020537030244095592,0.005515435867547766,963.1664624656671,510.73463473971236,934.2714686754341,500.00000013812235,3273.0855169863644,-1.3077715266263112e-07,4452.099737812875,81.6414686821091,1.2231847611177127e-08,0.030461824963362905,1.3077715266263112e-07,93,124.54786944389343,
750.0,350.0,fuel,True,True,high,high,606.6175565583226,606.6175565583226,0.7028341186047059,527.1255889535295,4397.737661626237,9695.351933563037,562.6401799420602,1240.4092686338886,1.6538790248451847,150.43230080757834,331.6464534098096,26.260423922727366,282.66485060905825,0.0010000049269030854,0.18026137210285312,0.010000000637222898,0.10000049269030854,0.03027758936674875,0.007773618794996133,885.0672445536644,504.33251001335327,858.5152272479282,500.0,3231.07280975002,2.4836815555318026e-06,4452.099737182711,81.6414686804936,-5.931147349994004e-08,0.030454626225014783,5.931147349994004e-08,55,85.0521252155304,
750.0,350.0,fuel,True,True,upstream,upstream,606.6175576105172,606.6175576105172,0.7028341197435143,527.1255898076357,4397.737659740908,9695.351929406597,562.6401810131082,1240.409270995145,1.6538790279935267,150.43229965284306,331.6464508640541,26.26042391012113,282.6648504733659,0.001,0.1802613813717635,0.01,0.1,0.03027758709488325,0.007773618263715546,885.067245803415,504.3325097961951,858.5152284293353,500.0,3231.0728094116184,-7.422117960231844e-07,4452.09973765829,81.64146868258943,-1.1700779234402603e-11,0.030454626222982176,7.422117960231844e-07,80,98.83966064453125,
750.0,300.0,fuel,True,True,high,high,613.003612337615,613.003612337615,0.7111548420255176,533.3661315191382,4425.690712433907,9756.977861721949,568.746705213276,1253.8718523874043,1.671829136516539,151.3818757679367,333.7399078485105,26.427341326735558,284.4615345927922,0.0010000000001876648,0.14956510092580763,0.010000000000024243,0.10000000001876648,0.025409909154322344,0.006640742838597044,923.866805304048,507.5160210424114,896.1508093320775,500.00000000000017,3251.969759545985,4.2035733258671826e-06,4452.099726317172,81.64146868406047,-7.105808946111791e-08,0.03045811012635627,7.105808946111791e-08,122,157.66770577430725,
750.0,400.0,fuel,False,False,upstream,upstream,-1.1382825540385131e+82,-1.1382825540385131e+82,-1.2319075260157068e+79,-9.239306445117801e+81,4525.132804845587,9976.210148211867,-1.1382825540385131e+82,-2.509483468633587e+82,-3.3459779581781156e+79,388.21886099420686,855.8760831572581,27.61747610871349,297.27203876981304,0.03133207753663136,0.3352994935371523,0.10900018545301499,3.1332077536631355,0.07974068216521181,835970045613395.8,717.167961503959,579.6759479927917,695.6558996817146,500.0,3269.165644751643,2.5094834686891075e+82,2717.3203731886047,80.75523531775862,-0.49538008640660675,0.04300605755266285,1.0,56,84.61640667915344,
750.0,400.0,fuel,True,True,high,high,599.0718199608963,599.0718199608963,0.6927409970595308,519.5557477946481,4394.590620532713,9688.413895576517,555.1259137555692,1223.8431474129236,1.6317908632172315,181.3522855206738,399.81335117401005,26.241631843777707,282.4625743547004,0.0010000030746851385,0.26155191391148364,0.010000000419442155,0.10000030746851385,0.04318083831254218,0.010821814990128832,796.7452201862686,503.97414717835187,772.8428635794799,500.0,3204.52005091166,7.601757943120901e-07,4452.099737297608,81.64146868053568,-1.4402426414678038e-08,0.03045424631492408,1.4402426414678038e-08,68,131.7464725971222,
750.0,450.0,fuel,True,True,upstream,upstream,593.1785935598716,593.1785935598716,0.685238515670452,513.928886752839,4349.11413727924,9588.155411836004,549.6874521870792,1211.8533920112407,1.6158045226816542,159.4679085257932,351.5665585870968,25.97007591520131,279.53957066637764,0.0010000017714424808,0.26138222448855153,0.010000000225061714,0.10000017714424808,0.04314290282335756,0.010811429858975348,788.9327067903258,498.7966864070585,765.264725608398,500.0,3186.366405760178,1.7773434137779986e-06,4452.099737545647,81.64146868253313,-2.6731269656132817e-08,0.030449045577574593,2.6731269656132817e-08,106,148.82872867584229,
650.0,350.0,fuel,False,False,high,high,509.5798580014027,509.5798580014027,0.6881400833679856,447.2910541891906,4280.7400424683265,9437.416335670765,466.7724575767195,1029.0571192068167,1.583164798779718,201.30029053185876,443.7911742814482,25.561756014708315,275.1444518361112,0.0010700962011892438,0.26115132935995555,0.010100437123575673,0.10700962011892438,0.049563323879858096,0.012484146633576046,777.1670670343681,491.02339751499414,753.8523219867301,500.08434350202793,3159.077008922389,-0.00459567395432714,4451.7918968582535,81.64152354744601,-0.0003996140548249774,0.03044373917736233,0.00459567395432714,1787,3106.008282184601,
750.0,500.0,fuel,True,True,upstream,upstream,588.7064651760301,588.7064651760301,0.6798322288196449,509.8741716147337,4322.051798921448,9528.49316849361,545.4859471868156,1202.5906590420536,1.6034542120560715,147.8623596420187,325.98070297952177,25.808477262734524,277.80013724776416,0.003006860014648338,0.26275064993219055,0.010000002724677775,0.3006860014648338,0.044853651097026284,0.011219618960272598,782.7204716356645,495.7166407143997,759.2388574860036,500.00000009020454,3175.1111125737793,2.0985436322007445e-05,4452.099737690081,81.64146868341099,-3.4919674719857685e-07,0.03044621686254286,3.4919674719857685e-07,43,65.21374845504761,
750.0,450.0,fuel,True,True,high,high,593.1785942644487,593.1785942644487,0.6852385163938408,513.9288872953806,4349.1141357699735,9588.15540850864,549.6874529067491,1211.8533935978412,1.6158045247971216,159.46790762489977,351.56655660096675,25.970075906285366,279.53957057040725,0.001,0.2613822228786769,0.01,0.1,0.043142901222189785,0.010811429476690457,788.9327070047594,498.79668623542625,765.2647257946035,500.0,3186.3664052939716,-1.2268037608009763e-07,4452.0997375105835,81.64146868238159,2.0559159652489e-09,0.0304490455775389,1.2268037608009763e-07,95,129.88165497779846,
750.0,500.0,fuel,True,True,high,high,588.7064731138412,588.7064731138412,0.6798322374074173,509.87417805556294,4322.051798830846,9528.493168293866,545.4859551255328,1202.5906765439292,1.6034542353919057,147.8623595891968,325.98070286306944,25.808477262672156,277.80013724709283,0.0030068420589472317,0.2627506462120941,0.01000000064430165,0.30068420589472317,0.04485363688929842,0.011219615559508322,782.7204716354266,495.7166407040259,759.2388574863352,500.0,3175.111112546401,3.4606295002959087e-06,4452.099737559091,81.64146868265392,-5.755928900869067e-08,0.030446216862994115,5.755928900869067e-08,83,160.44409894943237,
750.0,550.0,fuel,False,True,high,high,584.8471520193888,584.8471520193888,0.6757237178569413,506.79278839270603,4313.160267222554,9508.890696567774,541.7155493471632,1194.2783546715702,1.5923711395620936,147.56055917563694,325.31534684406677,25.755382828917643,277.22863351853334,0.008640588578700993,0.2668565101893535,0.010000003362983685,0.8640588578700993,0.04971461583319426,0.012387461583177252,776.8089931554339,494.7048317743679,753.5047233211051,500.00000082307366,3170.2917928025026,-9.045014621733571e-06,4452.099742162043,81.64146868323101,-9.169725014024355e-10,0.03044533244495496,9.045014621733571e-06,114,209.67297983169556,
750.0,550.0,fuel,False,False,upstream,upstream,510.2469059984124,510.2469059984124,0.662937295926242,497.2029719446815,4898.897315604443,10800.21984385685,461.25793284236795,1016.8996732289895,1.355866230971986,717.3316656829007,1581.4456174979978,27.219188747185715,292.98490929022034,0.2524903549450919,0.36000658998069823,0.16755195165969153,25.249035494509194,0.2622647346339973,0.07423958156918548,1395.3263596991148,917.948934760083,1378.5328208726391,1596.0812112062754,3732.5833535389347,-1027.0631458367795,1911.0443325560022,84.63667535787799,-0.11986073681456064,0.09252406264599333,1.0,168,322.15367579460144,
750.0,600.0,fuel,True,True,high,high,559.5338581699634,559.5338581699634,0.7046741714475735,528.5056285856801,5700.0,12566.34894426,502.5338581699634,1107.8975119419342,1.4771966825892455,1114.585061693093,2457.2394409289413,34.036686103219864,366.3678400967273,0.3334803964777785,0.506912185932235,0.010000000588357786,33.34803964777785,0.3309754822776949,0.10024390751523328,684.6077843743225,652.472759876377,664.069550841077,500.0,3629.288709239224,1.9791341401287355e-06,4452.099737316207,81.64146868225686,-1.1630519262950667e-08,0.030616896769269472,1.1630519262950667e-08,84,186.00100374221802,
750.0,650.0,fuel,False,False,upstream,upstream,1.093625362391506e+99,1.093625362391506e+99,1.1835772320254394e+96,8.876829240190795e+98,5605.436786477392,12357.872744537955,1.093625362391506e+99,2.411031213702537e+99,3.214708284936716e+96,1176.8748995020585,2594.5650264708397,34.278918162944755,368.97520428766114,0.42924915854032725,0.6103863326217357,0.01990000009702001,42.924915854032726,0.45232575193543756,1.1533730624191995e-97,594.6732778365872,895.3192987108197,563.2086563816146,929.3218949678671,3731.7806281142475,-2.4110312137558793e+99,2026.1352998103537,80.6748546790624,-0.9695212700643222,0.07168057474437357,1.0,55,123.18486785888672,
750.0,650.0,fuel,True,True,high,high,528.1305190919072,528.1305190919072,0.6740591781731256,505.5443836298442,5700.0,12566.34894426,471.1305190919073,1038.6650002103956,1.3848866669471942,1160.7431569980904,2559.000622017539,34.03668610274113,366.3678400915743,0.38265581094682155,0.5431536555637012,0.01000000354432632,38.265581094682155,0.3734948295824804,0.11822278527176598,634.2897896124264,652.4727598710185,615.2610959241701,500.0000000000013,3614.5339419370976,2.6395737222628668e-05,4452.099737589838,81.641468682831,-4.3098050285256956e-08,0.030616896768086176,4.3098050285256956e-08,75,122.83982372283936,
750.0,700.0,fuel,True,True,upstream,upstream,493.9922449135718,493.9922449135718,0.6407847295377974,480.5885471533481,5699.999999429147,12566.348943001483,436.9922449192804,963.4029887002116,1.2845373182669488,1210.9971272204866,2669.7916616050975,34.03668610851782,366.36784015375406,0.4359928211802039,0.5824867518709391,0.01000000357726011,43.59928211802039,0.4196126076645399,0.1397152231926549,579.6793488938923,652.4727598372826,562.2889684268307,500.0000099650157,3598.4182431489244,3.1174366995401215e-05,4452.099734703274,81.64146867181475,-5.2283548290267545e-08,0.03061689677953534,5.2283548290267545e-08,102,118.39707779884338,
750.0,700.0,fuel,True,True,high,high,493.9922606516914,493.9922606516914,0.6407847465096105,480.5885598822079,5700.0,12566.34894426,436.9922606516914,963.4030233842409,1.2845373645123213,1210.9971257238356,2669.7916583055467,34.03668610391084,366.36784010416494,0.4359927944381782,0.5824867460317222,0.01000000048058979,43.59927944381782,0.41961258646093125,0.1397152127862538,579.6793503615708,652.4727598712136,562.2889698506929,500.0,3598.418242744296,1.9404587874305435e-06,4452.099737345895,81.64146868142815,-2.941602145895006e-09,0.03061689676896426,2.941602145895006e-09,101,171.08480262756348,
750.0,750.0,fuel,True,True,high,high,456.7267368385923,456.7267368385923,0.6044708131424195,453.35310985681457,5700.0,12566.34894426,399.7267368385923,881.246606572656,1.1749954754302079,1265.961939506116,2790.9683301729865,34.03668613989037,366.3678404914454,0.494071430317517,0.6253457353116461,0.010000001424112457,49.4071430317517,0.46982970320787826,0.1658759463012426,520.1735176563461,652.4727605647084,504.5683216441801,500.0,3580.718957886472,-9.328155101684388e-06,4452.099707205344,81.64146863827733,-2.056057463476965e-08,0.03061689690327698,9.328155101684388e-06,57,113.02652525901794,
750.0,600.0,fuel,False,False,upstream,upstream,-40739.07180083063,-40739.07180083063,-43.924728959008874,-32943.54671925666,5683.0,12528.8703596894,-40795.90180083063,-89939.56798684257,-119.91942398245675,2227.7,4911.237814583859,39.75,427.86543906421144,0.9890200000000001,0.9989999999999999,0.9901,98.90200000000002,0.9901670864660599,1.3927591231611892e+16,30.990000000000006,2974.5,30.990000000000006,525.0,4539.3200756071865,86549.71280761059,1055.320243395942,75.43402428376099,-1.8944466954814492,0.34831112651958873,1.0,309,556.3695778846741,
800.0,250.0,fuel,True,True,upstream,upstream,670.9223127943653,670.9223127943653,0.7273656525939123,581.8925220751298,4545.007769249759,10020.026944344772,625.4722351018678,1378.9302388133858,1.7236627985167323,155.43747515590627,342.68097400418645,27.139825048434997,292.1306455465289,0.0010000000000006824,0.11841597378114348,0.010000000000001386,0.10000000000006824,0.019274966817702827,0.005174503198340769,982.7228177352945,521.1126299405199,953.2411332206751,500.0000000000069,3310.5056901660014,-2.5882638965413207e-06,4452.099742767695,81.64146868293504,-2.7601485194650444e-09,0.030475002751645323,2.5882638965413207e-06,32,43.254003047943115,
750.0,800.0,fuel,True,True,high,high,415.8514378872568,415.8514378872568,0.5646505201921039,423.487890144078,5700.0,12566.34894426,358.8514378872568,791.131997831704,1.0548426637756052,1326.408505623221,2924.2301972448854,34.03668610296548,366.3678400939892,0.5576023076371648,0.6722632082525365,0.01,55.76023076371648,0.5247596051469893,0.19843760385306655,455.03286003730005,652.4727598711817,441.38187423597833,500.0,3561.1476866331614,-3.166692295053508e-07,4452.099737538909,81.64146868256194,3.7325413918508354e-10,0.030616896768274234,3.166692295053508e-07,53,74.66005277633667,
750.0,800.0,fuel,False,True,upstream,upstream,415.85146792978065,415.85146792978065,0.5646505527058014,423.4879145293511,5699.999999999909,12566.3489442598,358.85146792978156,791.1320640641336,1.0548427520855115,1326.408505622255,2924.230197242756,34.03668610353223,366.36784010008967,0.5576022560641009,0.6722631975343493,0.01,55.76022560641009,0.5247595648906115,0.19843757827052608,455.03286003750696,652.472759870458,441.38187423647446,500.00000000000006,3561.147686647298,-6.657833773715538e-05,4452.099737447352,81.64146868188156,7.748964172410444e-08,0.03061689676857399,6.657833773715538e-05,106,153.35497570037842,
800.0,300.0,fuel,True,True,upstream,upstream,664.0233579845429,664.0233579845429,0.7189977633192113,575.198210655369,4515.659943125376,9955.326062970305,618.8667585532892,1364.36765578662,1.7054595697332748,154.43961022561288,340.4810584053608,26.96457895300474,290.24431227443944,0.0010000000023852396,0.149154807122485,0.010000000008978202,0.10000000023852396,0.023851764074441867,0.006228783768364589,942.5206282661836,517.7672328849229,914.2450094180749,500.00000003057426,3288.761204373298,-5.913648237765301e-08,4452.09973789733,81.64146868249989,-2.916939328967416e-10,0.03047056797847681,5.913648237765301e-08,27,46.129260778427124,
750.0,750.0,fuel,False,False,upstream,upstream,-570240.4808301886,-570240.4808301886,-616.9619282345365,-462721.4461759023,4000.000000004678,8818.490487210312,-570280.4808301886,-1257253.2488092151,-1676.3376650789535,2106.2680189466364,4643.526122143626,34.626391510029386,372.7153762678744,0.0019796921700888726,0.07937923915255912,0.9986775879265439,0.19796921700888725,0.4265575763400672,1.2035785186486156e+16,7.450040342820507,2999.9999999999873,7.664186938838322,500.0000000000019,4131.380365190724,1251320.0785896287,748.8859485311486,67.80682257098752,-1.1163964780922941,0.5615283139855853,1.0,78,247.08558893203735,
800.0,350.0,fuel,False,True,upstream,upstream,657.2065732912631,657.2065732912631,0.710730791781502,568.5846334252016,4486.6329674701055,9891.332535798258,612.340243616562,1349.9791533155958,1.6874739416444948,153.4528570883046,338.3056401167188,26.791248765820967,288.3786016670818,0.0010000000000698309,0.17986656496776787,0.01000000000000815,0.10000000000698309,0.02842371020122019,0.00728965384165898,902.8385939069356,514.459092187326,875.7534393791734,500.0,3267.247502845837,-1.3405424397205934e-05,4452.099734060349,81.64146868465151,-2.115827398563308e-07,0.030466352744216576,1.3405424397205934e-05,53,69.22986054420471,
800.0,300.0,fuel,True,True,high,high,664.0233583886786,664.0233583886786,0.7189977637202193,575.1982109761755,4515.659941921529,9955.326060316278,618.8667589694634,1364.367656704127,1.7054595708801588,154.43960904040017,340.481055792414,26.964578946449702,290.24431220388163,0.001,0.14915480083486782,0.01,0.1,0.023851763134626485,0.00622878355079349,942.5206294133068,517.7672327521907,914.2450100268536,500.0,3288.761204220273,-6.803627456974937e-07,4452.099737540721,81.64146868154077,2.651043274487508e-08,0.030470567979773974,6.803627456974937e-07,109,136.9420247077942,
800.0,400.0,fuel,True,True,upstream,upstream,649.5025620293983,649.5025620293983,0.7010663523941136,560.8530819152909,4483.837712068812,9885.170052506857,604.6641849087101,1333.0563406420006,1.6663204258025006,185.4266551008711,408.7957985200868,26.774557323094296,288.19893647284624,0.001,0.2618500808824757,0.01,0.1,0.04064034220387774,0.010165170982781286,812.096835017889,514.1405603730233,787.7339299609802,500.00000119981263,3240.1545020692015,-2.198203219450079e-08,4452.099737572833,81.64146868274585,-4.0372287804513185e-09,0.030465956251771793,2.198203219450079e-08,50,58.56045603752136,
800.0,350.0,fuel,True,True,high,high,657.2065841374636,657.2065841374636,0.7107308047453846,568.5846437963077,4486.6330166991465,9891.332644329716,612.3402539704721,1349.97917614206,1.687473970177575,153.45285966388494,338.30564579490147,26.7912490611929,288.3786048464388,0.0010000000000159315,0.1798665207579618,0.010000000000173419,0.10000000000159315,0.028423703620904153,0.007289652309640781,902.8386409967069,514.4590977063957,875.7534817668038,500.0,3267.24753306477,4.376943252282217e-11,4452.099737532818,81.64146868250592,-6.331775381784865e-13,0.03046635273461573,6.331775381784865e-13,109,131.17187881469727,
800.0,450.0,fuel,False,False,high,high,nan,nan,nan,nan,nan,nan,nan,nan,nan,nan,nan,nan,nan,nan,nan,nan,nan,nan,nan,nan,nan,nan,nan,nan,nan,nan,nan,nan,nan,nan,nan,49.74283051490784,"ValueError: 'analysis.v0v1.acmodel.propmodel.prop1.propmap' <class MetaModelStructuredComp>: Error interpolating output 'eta_prop':
Array must not contain infs or nans."
800.0,450.0,fuel,False,False,upstream,upstream,nan,nan,nan,nan,nan,nan,nan,nan,nan,nan,nan,nan,nan,nan,nan,nan,nan,nan,nan,nan,nan,nan,nan,nan,nan,nan,nan,nan,nan,nan,nan,72.56604290008545,"RuntimeError: NaN entries found in <model> <class HybridTwinWithCost> for rows associated with states/residuals ['cruise.duration', 'rotate.fuel_used_final', 'rotate.fuel_used', 'rotate.propmodel.batt1.SOC_final', 'rotate.propmodel.batt1.SO"
800.0,400.0,fuel,True,True,high,high,649.5025611705921,649.5025611705921,0.7010663510209897,560.8530808167917,4483.837737324475,9885.170108186063,604.6641837973474,1333.056338191865,1.6663204227398314,185.42668719695658,408.7958692798429,26.774557474065197,288.1989380978835,0.001,0.261850129650146,0.01,0.1,0.04064034947791886,0.010165172712606462,812.0967848086367,514.1405632509088,787.7338812642384,500.00000000029,3240.154496303659,5.844822226208635e-08,4452.099737533159,81.64146868250108,-1.0254506410678488e-09,0.030465956255483113,1.0254506410678488e-09,62,90.53499579429626,
800.0,500.0,fuel,True,True,upstream,upstream,638.0808838073734,638.0808838073734,0.6878350476465727,550.2680381172581,4407.731299939317,9717.38413466214,594.0035708079803,1309.5537096332514,1.6369421370415642,150.7717637372426,332.39484106380996,26.32009941775323,283.3071922915895,0.002750666640859198,0.2628850689806792,0.01,0.2750666640859198,0.042113850554479845,0.010513441693794149,797.6119838381981,505.4705780160753,773.6836241555708,500.0,3209.3635956397093,-5.414883617049782e-07,4452.0997383422255,81.64146868284959,-5.82558019532331e-09,0.030455849325269874,5.414883617049782e-07,44,58.351102352142334,
800.0,500.0,fuel,True,True,high,high,638.0808827914115,638.0808827914115,0.6878350463190153,550.2680370552122,4407.731286183073,9717.384104334813,594.0035699295807,1309.5537076967119,1.6369421346208899,150.77175901307578,332.3948306488049,26.320099335668626,283.30719140803814,0.0027506649962253985,0.26288506762244035,0.01,0.2750664996225399,0.042113849093761896,0.010513441345182693,797.6119821070926,505.47057649935556,773.6836226458355,500.0,3209.3635903804534,-6.922596298863937e-06,4452.099736170333,81.6414686827585,-2.169076904201539e-09,0.030455849333647006,6.922596298863937e-06,45,71.56721782684326,
800.0,550.0,fuel,True,True,upstream,upstream,634.0797818599874,634.0797818599874,0.6838548809070405,547.0839047256324,4398.710548197892,9697.496781307353,590.0926763780085,1300.931663301464,1.62616457912683,150.46533919129718,331.71929057794387,26.266233366163412,282.7273829377748,0.007989652882251026,0.26670300296621585,0.01,0.7989652882251026,0.046679074605208905,0.011604956988944495,791.9064908745318,504.4432973984984,768.1492961482933,500.0,3204.560162906509,-6.127144160927855e-07,4452.09973758528,81.64146868247563,4.599496977730766e-09,0.0304547441813915,6.127144160927855e-07,49,76.24075365066528,
800.0,550.0,fuel,False,False,high,high,-2.90142196707511e+25,-2.90142196707511e+25,-2.94381287243822e+22,-2.355050297950576e+25,5585.657590324947,12314.267081259255,-2.90142196707511e+25,-6.396540504001242e+25,-7.995675630001553e+22,806.8462282757765,1778.7914471707838,33.35380577129333,359.0173773785371,0.17217336687373688,0.3882683040245782,0.23827421639120708,17.217336687373688,0.2068939613773747,2770209736416879.5,861.1260609863391,710.3658581019444,807.801578873769,1054.7554942720815,3707.292913530174,6.396540504142761e+25,3079.309188707205,81.64159347090063,-0.7340303237991546,0.04190010951921983,1.0,30,72.71733140945435,
800.0,600.0,fuel,True,True,high,high,626.8577168889208,626.8577168889208,0.725781908426433,580.6255267411464,5699.989150231571,12566.32502461508,569.8578253866051,1256.321453057064,1.57040181632133,1032.3685754867176,2275.983115553459,34.03662131534676,366.3671427258651,0.28356467638848293,0.4701473026812178,0.010000000335777245,28.356467638848294,0.28759541357070695,0.08341185708282925,735.6511360099124,652.4715284737431,713.5816017148823,500.000000253467,3644.170378954284,8.905894901545253e-07,4452.099755500983,81.64146868240717,3.691170112618547e-11,0.030616895742702266,4.035887749513035e-09,24,33.19302153587341,
800.0,250.0,fuel,False,False,high,high,nan,nan,nan,nan,nan,nan,nan,nan,nan,nan,nan,nan,nan,nan,nan,nan,nan,nan,nan,nan,nan,nan,nan,nan,nan,nan,nan,nan,nan,nan,nan,418.21397376060486,RuntimeError: NaN entries found in <model> <class HybridTwinWithCost> for rows associated with states/residuals ['descent.throttle'].
800.0,700.0,fuel,False,True,upstream,upstream,567.1374494556006,567.1374494556006,0.6714203020598213,537.136241647857,5699.999999864862,12566.348943962072,510.137449456952,1124.6605613001507,1.4058257016251883,1118.1178725840473,2465.0279557376807,34.03668610231515,366.3678400869891,0.3706253986614679,0.5342854465456929,0.01,37.062539866146786,0.3636127972691175,0.11382832013253556,646.602486504016,652.4727543397157,627.2044119083978,500.0000191776972,3618.152313064703,-1.1554075172170997e-05,4452.09991913667,81.64146868237408,1.9384807784569164e-08,0.030616895907425137,1.1554075172170997e-05,48,67.02148938179016,
800.0,650.0,fuel,False,True,high,high,598.1919970625388,598.1919970625388,0.6996863499150202,559.7490799320161,5699.999999980196,12566.348944216339,541.1919970627368,1193.1241194616289,1.4914051493270362,1073.5108595963698,2366.68632581412,34.036686103015676,366.36784009452947,0.3253988069927616,0.5009582694943098,0.01,32.53988069927616,0.3241227860540535,0.09742810912798439,692.8742546755407,652.4727598686718,672.0880270356284,500.00000000912326,3631.704778185107,-1.0723323612182867e-05,4452.099737513376,81.64146868235991,1.8969548511854617e-08,0.03061689676835348,1.0723323612182867e-05,64,131.4089424610138,
800.0,650.0,fuel,False,False,upstream,upstream,-4544.352332156187,-4544.352332156187,-4.467370963020243,-3573.8967704161946,5530.0,12191.563098554,-4599.652332156187,-10140.497583886658,-12.675621979858322,2027.0,4468.7700543886,37.5,403.64664062661456,0.8992,0.8992,0.109,89.92,0.8594899750296557,7190038713215276.0,300.90000000000003,705.0,300.90000000000003,750.0,3617.6746819542554,8887.683186121343,2664.2995040127876,76.61149680714193,-0.5158688291853304,0.04559205001446739,0.9999773909644941,84,181.56445288658142,
800.0,700.0,fuel,True,True,high,high,567.1374101287864,567.1374101287864,0.671420262145971,537.1362097167768,5700.0,12566.34894426,510.1374101287864,1124.660474596387,1.405825593245484,1118.1178718652448,2465.027954152992,34.03668610306095,366.3678400950168,0.37062546103062116,0.5342854582687587,0.010000006199052698,37.06254610306212,0.3636128471675413,0.11382834172624497,646.6024869827427,652.472759885793,627.2044123732837,500.0,3618.1523141494513,7.464084501407342e-05,4452.099737038432,81.64146868244744,-1.1823637571968526e-07,0.030616896770623955,1.1823637571968526e-07,54,93.44344162940979,
800.0,600.0,fuel,False,False,upstream,upstream,nan,nan,nan,nan,nan,nan,nan,nan,nan,nan,nan,nan,nan,nan,nan,nan,nan,nan,nan,nan,nan,nan,nan,nan,nan,nan,nan,nan,nan,nan,nan,256.4611144065857,"ValueError: 'analysis.v0v1.acmodel.propmodel.prop1.propmap' <class MetaModelStructuredComp>: Error interpolating output 'eta_prop':
Array must not contain infs or nans."
800.0,750.0,fuel,False,True,upstream,upstream,533.3731930375021,533.3731930375021,0.6406935167752786,512.5548134202229,5699.999999999869,12566.348944259711,476.3731930375034,1050.2231177895783,1.312778897236973,1166.6770122155133,2572.0825334643555,34.03668610330318,366.36784009762414,0.41968963976439166,0.5704613617146973,0.01,41.96896397643917,0.4064538726450698,0.1332833114302162,596.3755002141207,652.472759871079,578.4842352084166,500.0,3603.3574392423006,-3.195699309799238e-05,4452.099737473231,81.64146868215599,4.514627807792465e-08,0.030616896768505784,3.195699309799238e-05,81,111.40194344520569,
800.0,750.0,fuel,True,True,high,high,533.3730684765411,533.3730684765411,0.6406933905374173,512.5547124299338,5700.0,12566.34894426,476.3730684765411,1050.222843179663,1.3127785539745787,1166.6770145355008,2572.0825385790527,34.03668611622255,366.3678402366871,0.4196898369995861,0.570461400859906,0.010000015038210608,41.96898369995861,0.406454030348572,0.1332833865291067,596.3754995025164,652.4727601415651,578.4842347161747,500.0,3603.3574395104893,0.00023694725905443192,4452.099725944077,81.64146866666253,-3.414879874712347e-07,0.030616896820082222,3.414879874712347e-07,67,84.63795566558838,
800.0,800.0,fuel,True,True,high,high,496.5133227713453,496.5133227713453,0.6071566852539529,485.72534820316235,5699.99999999997,12566.348944259935,439.5133227713456,968.9610139641936,1.211201267455242,1219.7717307617067,2689.1363510693977,34.03668610294643,366.36784009378414,0.47312272883955203,0.6098831703784492,0.01000000208098958,47.3122728839552,0.4531093266270808,0.15674371873789023,541.641897679314,652.4727598723862,525.3926407697589,500.00000000000006,3587.122568798549,1.6905858501559123e-05,4452.09973750297,81.64146868258457,-2.1472214557826177e-08,0.030616896768449052,2.1472214557826177e-08,48,73.44575071334839,
800.0,800.0,fuel,True,True,upstream,upstream,496.5133305063075,496.5133305063075,0.6071566931004216,485.7253544803373,5699.999999999997,12566.348944259995,439.5133305063075,968.9610310168656,1.211201288771082,1219.7717307153152,2689.136350967122,34.03668610301418,366.3678400945134,0.473122716820044,0.6098831676641444,0.01,47.3122716820044,0.45310931686611694,0.1567437135550867,541.6418977247853,652.472759871072,525.3926407929479,500.0,3587.122568810102,-6.994787327130325e-08,4452.099737532759,81.6414686825035,1.024693897441753e-10,0.030616896768292448,6.994787327130325e-08,74,96.22966980934143,
450.0,800.0,fuel,True,True,warm:fig5_grid,warm:fig5_grid,49.01700539422193,49.01700539422193,0.24764318134028074,111.43943160312634,4868.853589084199,10733.984764727145,0.32846950337994935,0.7241512977228479,0.0016092251060507731,1304.1958338201446,2875.2596384972044,29.07362127950628,312.9458549419511,0.999,0.999,1.0,99.9,0.9991585670885809,0.9962537377424879,1.1916289277384207,558.0517454220661,1.1558800599153218,500.0000000005298,3110.7369157606704,7.73070496506989e-12,4452.099737532748,81.64146868250528,-3.3806291099836017e-14,0.030530237955798678,1.6007195569019884e-12,31,54.62884712219238,
450.0,800.0,fuel,True,True,warm:nb400-800,warm:nb400-800,49.017005396550616,49.017005396550616,0.24764318134251134,111.4394316041301,4868.853589043307,10733.984764636994,0.3284695061175528,0.7241513037582304,0.0016092251194627343,1304.1958338096113,2875.2596384739822,29.073621279261975,312.9458549393214,0.9989999999905356,0.9989999999956941,0.9999999999974065,99.89999999905356,0.999158567081561,0.9962537377113252,1.1916289277325942,558.0517454173963,1.1558799527092996,500.0,3110.7369157303096,-6.022673915140331e-09,4452.099737532846,81.64146868250545,7.096573328979616e-12,0.03053023795579045,9.70399122370288e-08,43,59.379711866378784,
450.0,800.0,fuel,True,True,warm:nb500-800,warm:nb500-800,49.01700553241888,49.01700553241888,0.24764318128235907,111.43943157706158,4868.853585055554,10733.984755845504,0.3284696818633365,0.7241516912113609,0.0016092259804696908,1304.1958312064248,2875.259632734939,29.0736212554496,312.9458546830071,0.9989999993819143,0.9989999997212968,0.999999999829889,99.89999993819143,0.9991585666306863,0.9962537357097652,1.191628926788699,558.0517449624988,1.1558800589654317,500.0,3110.736914348845,-4.003136382380035e-07,4452.0997375377465,81.6414686825056,-7.423787695692852e-10,0.030530237955088194,4.003136382380035e-07,16,23.836944341659546,
450.0,800.0,fuel,True,True,warm:nb450-750,warm:nb450-750,49.0170053968981,49.0170053968981,0.24764318134023275,111.43943160310474,4868.853589019204,10733.984764583858,0.32846950670605357,0.7241513050556525,0.0016092251223458944,1304.1958337787598,2875.2596384059666,29.073621279117987,312.9458549377715,0.998999999997999,0.999,0.9999999999535004,99.8999999997999,0.9991585670800496,0.9962537377046152,1.1916289277466887,558.051745412817,1.1558800599138732,500.0,3110.736915737044,-7.286871550604701e-09,4452.0997376037185,81.64146868250555,-1.0368150782369412e-11,0.03053023795545272,7.286871550604701e-09,25,25.71684503555298,
600.0,350.0,fuel,True,True,warm:fig5_grid,warm:fig5_grid,463.405248887597,463.405248887597,0.6824174231297323,409.4504538778393,4197.7735101046355,9254.50644156947,421.42751378655066,929.088630342761,1.5484810505712683,196.78377672579379,433.8339657729253,25.06636829731699,269.8121428245727,0.0010000016520891719,0.2607265722004444,0.010000000286838997,0.10000016520891719,0.05341286008410679,0.013497909568153346,762.9799443581595,481.58201638005414,740.0905460274199,500.0,3125.9698490412807,1.2147697816544678e-06,4452.099737546197,81.64146868258143,-2.1614414012077754e-08,0.030436014061725802,2.1614414012077754e-08,25,34.92838788032532,
600.0,350.0,fuel,True,True,warm:nb550-350,warm:nb550-350,463.4052497111244,463.4052497111244,0.6824174242439636,409.4504545463781,4197.773510104938,9254.506441570138,421.427514610075,929.0886321583213,1.5484810535972022,196.78377672535893,433.83396577196663,25.06636829768538,269.812142828538,0.001,0.2607265685424178,0.01,0.1,0.05341285819547625,0.01349790910956414,762.9799443585525,481.58201638008853,740.0905460278248,500.0,3125.969849050307,-6.190638259795378e-07,4452.099737440472,81.64146868198445,1.0868941958258604e-08,0.030436014062100447,6.190638259795378e-07,16,21.14212465286255,
450.0,800.0,fuel,True,True,low,low,49.017005545148784,49.017005545148784,0.24764318160159265,111.4394317207167,4868.853588583971,10733.984763624332,0.3284696593090704,0.7241516414877156,0.0016092258699727012,1304.1958336904538,2875.259638211285,29.073621276519038,312.94585490979665,0.9989999994637678,0.9989999997492353,0.9999999998529532,99.89999994637678,0.9991585666890517,0.9962537359688687,1.191628930724513,558.0517453645003,1.1558802028442563,500.0,3110.7369156099803,-8.284364412247669e-07,4452.099737552718,81.64146868250558,4.036820600017421e-10,0.030530237955618728,8.284364412247669e-07,77,138.9446566104889,
600.0,350.0,fuel,False,False,warm:nb650-350,warm:nb650-350,nan,nan,nan,nan,nan,nan,nan,nan,nan,nan,nan,nan,nan,nan,nan,nan,nan,nan,nan,nan,nan,nan,nan,nan,nan,nan,nan,nan,nan,nan,nan,137.25184297561646,RuntimeError: NaN entries found in <model> <class HybridTwinWithCost> for rows associated with states/residuals ['descent.throttle'].
600.0,350.0,fuel,True,True,warm:nb600-300,warm:nb600-300,463.405248788513,463.405248788513,0.6824174229967814,409.45045379806885,4197.7735101060625,9254.506441572616,421.4275136874524,929.0886301242867,1.5484810502071447,196.78377671669597,433.83396575286804,25.066368297641546,269.81214282806616,0.001000002848696972,0.260726569040625,0.01000000049441382,0.1000002848696972,0.05341286030210416,0.01349790962108324,762.9799443858474,481.5820163802198,740.0905460542624,500.0,3125.9698490574006,1.4209078926796792e-06,4452.099737454874,81.64146868206677,-2.5400491859145502e-08,0.03043601406204957,2.5400491859145502e-08,54,83.96797394752502,
600.0,350.0,fuel,True,True,warm:nb600-400,warm:nb600-400,463.4052468047115,463.4052468047115,0.6824174195542974,409.4504517325784,4197.773532761162,9254.506491518561,421.42751147709987,929.0886252512935,1.548481042085489,196.78380693481043,433.8340323724068,25.066368432573192,269.8121442804583,0.0010000013167152922,0.26072662606943997,0.010000000233239636,0.10000013167152921,0.05341287051332855,0.01349791210072702,762.9798961816773,481.5820189481115,740.0904992962248,500.0,3125.9698429746995,3.030368134204764e-06,4452.099737887185,81.64146868263649,-5.2814916186999517e-08,0.03043601406158416,6.734539072502997e-08,22,24.367525339126587,
650.0,400.0,fuel,False,False,warm:fig5_grid,warm:fig5_grid,-1.9097212278135807e+89,-1.9097212278135807e+89,-2.3847667679989768e+86,-1.550098399199335e+89,4202.671567524775,9265.304809760786,-1.9097212278135807e+89,-4.210214620169491e+89,-6.477253261799217e+86,158.2400183920559,348.8595242211745,24.207076930447535,260.5628075297378,0.0010001208333499242,0.3346704298331763,0.10900000523949409,0.10001208333499242,0.07707027697746131,308640607874127.75,691.0088002403737,481.228965749091,670.2815362331789,500.0004262588826,3084.866048567009,4.2102146202626393e+89,4776.036873677919,83.12632224722145,-0.3544851526565823,0.029320736794437748,0.9995620807624123,93,157.92738008499146,
650.0,400.0,fuel,True,True,warm:nb600-400,warm:nb600-400,503.34042735523576,503.34042735523576,0.6787136127796629,441.1638483067809,4225.190492140806,9314.950540387896,461.0885224338277,1016.5261872099533,1.5638864418614666,173.59990877539704,382.72228602865664,25.230084650650735,271.5743709856075,0.0010000006742096452,0.26085599698705453,0.010000000102620131,0.10000006742096451,0.049432883707575016,0.012451386018499959,767.6764680131159,484.69882951276156,744.6461739727724,500.0,3136.909688631864,5.070008455732022e-06,4452.099738055504,81.64146868185846,8.84783157850677e-09,0.030437852310439096,7.00913633327964e-09,12,18.218101263046265,
600.0,350.0,fuel,True,True,low,low,463.4052493634277,463.4052493634277,0.6824174237969428,409.45045427816564,4197.773510635583,9254.50644274001,421.42751425707183,929.0886313800826,1.5484810523001376,196.78377705544503,433.8339664996819,25.066368300523067,269.8121428590826,0.0010000003852437302,0.26072657177303143,0.010000000217277653,0.10000003852437302,0.05341285912429366,0.01349790933510573,762.9799443781664,481.5820164410936,740.0905460468264,500.00000095475593,3125.969849310354,2.8026306608808227e-08,4452.099737504586,81.64146868252345,-3.5540158975500002e-09,0.03043601406194037,3.5540158975500002e-09,150,240.1781141757965,
650.0,400.0,fuel,False,False,warm:nb650-350,warm:nb650-350,-128142.46689235941,-128142.46689235941,-159.8201311845065,-103883.08526992922,5683.0,12528.8703596894,-128199.29689235942,-282631.07002775,-434.8170308119231,2227.7,4911.237814583859,39.75,427.86543906421144,0.98902,0.98902,0.9901,98.902,0.9892845151570658,1.2918471607323666e+16,883.5667310026057,876.6789933325333,857.0598733021354,500.00000000013677,3925.5137145928516,280594.4262417081,1834.7643671235599,75.43402428376099,-3.0270955866675098,0.07107634795776359,1.0,100,152.56178331375122,
650.0,400.0,fuel,True,True,warm:nb650-450,warm:nb650-450,503.3404251698085,503.3404251698085,0.6787136097137041,441.16384631390764,4225.190504887233,9314.950568488957,461.08852012093615,1016.5261821109003,1.5638864340167697,173.59993093640955,382.7223348853262,25.23008472627826,271.5743717996554,0.001000001301631685,0.2608560370664664,0.010000000206034141,0.1000001301631685,0.04943289149212052,0.012451387896250162,767.6764344319043,484.6988309759459,744.646141398939,500.0,3136.9096833411722,1.0774319889605977e-06,4452.099737562857,81.64146868264451,-1.1188287168256705e-08,0.030437852313778595,1.1188287168256705e-08,21,21.133607149124146,
650.0,400.0,fuel,True,True,low,low,503.3404244280503,503.3404244280503,0.6787136086857497,441.1638456457373,4225.190501255425,9314.950560482192,461.0885194154961,1016.5261805556712,1.5638864316241095,173.59992861840732,382.722329775006,25.230084704589213,271.5743715661965,0.0010000025151760724,0.2608560359661776,0.010000000479810768,0.10000025151760725,0.049432892179717546,0.012451388061653709,767.6764351674615,484.6988305627256,744.6461421202786,500.0000000085604,3136.909682287405,2.059374310192652e-06,4452.099737576102,81.64146868264815,-3.646232918028125e-08,0.030437852313454833,3.646232918028125e-08,56,98.9254903793335,
700.0,250.0,fuel,True,True,warm:fig5_grid,warm:fig5_grid,569.8004104883202,569.8004104883202,0.7127729875386508,498.94109127705553,4366.066429739892,9625.528819286126,526.1397461909212,1159.9395866806153,1.6570565524008791,149.3566597312856,329.2750707600773,26.07130396090709,280.6291802820133,0.0010000000000001757,0.11925216250692831,0.010000000000000075,0.10000000000001756,0.021978788875083935,0.005906426477433077,944.2991776349377,500.7264527465264,915.9702023058916,500.00000000000034,3236.977655854705,-4.490861670092272e-06,4452.09973779116,81.6414686816229,-1.8781675381607243e-09,0.030450920044785144,4.490861670092272e-06,38,41.160491943359375,
650.0,400.0,fuel,False,False,warm:nb700-400,warm:nb700-400,-5.226737155905615e+41,-5.226737155905615e+41,-6.5268945503316864e+38,-4.242481457715596e+41,4822.112131366061,10630.93748966583,-5.226737155905615e+41,-1.1522982972112111e+42,-1.772766611094171e+39,860.534268431067,1897.1533150172438,28.794262801355746,309.9388653089904,0.27074773180511014,0.4518908388711232,0.9999901,27.074773180511013,0.5015120258205041,4381533149128208.0,843.6867117840751,550.7797991004253,818.3764743819391,500.00000000640046,3366.72062367911,1.152298297236705e+42,4530.006542288195,81.6418216069901,-2.5358630855094098,0.030164982334166035,1.0,228,413.61129570007324,
700.0,250.0,fuel,True,True,warm:nb650-250,warm:nb650-250,569.800413351908,569.800413351908,0.7127729913568228,498.94109394977596,4366.066471775557,9625.528911958905,526.1397486341524,1159.939592067018,1.65705656009574,149.3566877554779,329.27513254284565,26.071304211354168,280.62918297780317,0.0010000000001768648,0.11925218957379417,0.01,0.10000000001768648,0.021978793477251547,0.005906427540862179,944.2991596288631,500.72645754149926,915.9701848399973,500.0,3236.977665386749,-1.8128503143088892e-09,4452.099737531997,81.64146868250367,-5.024369809092377e-12,0.030450920050901463,1.8128503143088892e-09,85,50.397339820861816,
700.0,250.0,fuel,True,True,warm:nb700-300,warm:nb700-300,569.8004133755186,569.8004133755186,0.7127729914066534,498.94109398465736,4366.066472895355,9625.528914427638,526.1397486465651,1159.9395920943832,1.6570565601348333,149.35668846963446,329.2751341172914,26.07130421805652,280.62918304994673,0.001000000185838851,0.119252190067892,0.010000000023946222,0.1000000185838851,0.02197879369920199,0.005906427592123738,944.2991593684168,500.7264576689805,915.9701845873707,500.0,3236.9776657039906,1.657098209761898e-07,4452.099737527751,81.64146868247917,-3.9775764487659515e-09,0.030450920051043044,3.9775764487659515e-09,12,17.52763867378235,
700.0,250.0,fuel,True,True,warm:nb750-250,warm:nb750-250,569.8004134172502,569.8004134172502,0.7127729914338389,498.9410940036872,4366.066471786708,9625.528911983487,526.1397486993831,1159.939592210827,1.6570565603011813,149.35668774972228,329.27513253015667,26.071304211503055,280.62918297940575,0.001,0.11925218885145708,0.01,0.1,0.021978793354413294,0.005906427512509791,944.299159660995,500.72645754229006,915.9701848711761,500.0,3236.977665401606,-1.4110389656707412e-07,4452.099737530212,81.64146868237482,4.6612409904112084e-09,0.030450920050886173,1.4110389656707412e-07,21,33.519291400909424,
700.0,450.0,fuel,True,True,warm:fig5_grid,warm:fig5_grid,545.0908855932587,545.0908855932587,0.6779548464744721,474.5683925321305,4264.775809013864,9402.22122545736,502.44312750312,1107.69748506132,1.5824249786590288,156.03425072014602,343.99663891324684,25.466462370296682,274.11871958438263,0.001,0.26103449229344955,0.010000014593222055,0.1,0.04604013623257875,0.01156452841493699,774.4612832622473,489.20038277160285,751.2274447643779,500.0,3152.7060602362953,1.2220277767482912e-06,4452.099738732066,81.64146868262787,-3.84083847504435e-08,0.03044092524681278,3.84083847504435e-08,38,51.211792945861816,
700.0,450.0,fuel,True,True,warm:nb650-450,warm:nb650-450,545.0908864448509,545.0908864448509,0.6779548474742106,474.5683932319474,4264.775815125845,9402.221238931972,502.4431282935924,1107.6974868040134,1.5824249811485904,156.03425627536683,343.99665116041234,25.466462406884634,274.118719978212,0.001,0.2610345000111128,0.01,0.1,0.0460401360856555,0.011564528379682882,774.4612767145568,489.2003834924237,751.227438413127,500.0,3152.7060604880276,1.5180603440967388e-07,4452.099737557469,81.6414686824817,-1.2949332890699328e-09,0.03044092525273665,8.843664833284944e-09,29,21.642540216445923,
700.0,450.0,fuel,True,True,warm:nb750-450,warm:nb750-450,545.0908863291545,545.0908863291545,0.6779548474373465,474.56839320614256,4264.775812953987,9402.221234143846,502.44312819961465,1107.697486596828,1.5824249808526114,156.03425273701507,343.99664335968197,25.46646239336307,274.1187198326671,0.0010000021754722815,0.26103448843059224,0.010000000307268024,0.10000021754722815,0.046040135736628754,0.011564528296000907,774.4612831604983,489.2003832439861,751.2274446656614,500.0,3152.706061583386,9.567419283484924e-07,4452.099737777217,81.64146868336756,-1.6463902598878866e-08,0.030440925251706902,1.6463902598878866e-08,100,133.3529188632965,
700.0,250.0,fuel,False,False,low,low,-1.419768672255617e+32,-1.419768672255617e+32,-1.6462994808158822e+29,-1.1524096365711176e+32,4366.061902445746,9625.518838311036,-1.419768672255617e+32,-3.130054132577683e+32,-4.471505903682404e+29,149.3550496308765,329.2715210962921,26.07129169001087,280.6290481991856,0.0010000056886715796,0.11925087190996597,0.010000021538436763,0.10000056886715795,0.03763026300820244,131812459321068.88,944.2885815823806,500.72581458339636,915.9599075667355,500.0000266004467,3236.973343940396,3.1300541326469333e+32,4452.101027847264,81.64144556643149,0.019395135976418298,0.030450909084222745,1.0,134,229.45722699165344,
700.0,450.0,fuel,True,True,warm:nb700-500,warm:nb700-500,545.0908862943098,545.0908862943098,0.6779548472468164,474.56839307277147,4264.775808623179,9402.221224596047,502.44312820807806,1107.6974866154867,1.5824249808792668,156.03425079814374,343.9966390852024,25.466462368230527,274.1187195621427,0.001,0.2610344925510055,0.01,0.1,0.04604013481669022,0.011564528075189075,774.4612823049679,489.2003827535504,751.2274438358091,500.0,3152.7060598408866,-4.93680431645771e-07,4452.0997374748085,81.64146868220028,-9.589395767034548e-09,0.030440925252520325,4.93680431645771e-07,8,12.005460500717163,
700.0,450.0,fuel,True,True,warm:nb700-400,warm:nb700-400,545.0908732991303,545.0908732991303,0.677954827960415,474.56837957229044,4264.775695759088,9402.22097577332,502.4431163415394,1107.697460454247,1.582424943506067,156.03418744499572,343.9964994154191,25.46646169405217,274.1187123053473,0.001,0.26103448405817925,0.01,0.1,0.046040133343972146,0.01156452771939391,774.4612714532465,489.20036991525416,751.227433309695,500.0,3152.7060172579895,1.0393833235866623e-05,4452.099737593961,81.64146868256502,-3.608666107740577e-07,0.030440925242577695,3.608666107740577e-07,30,41.101988315582275,
750.0,550.0,fuel,True,True,warm:fig5_grid,warm:fig5_grid,584.8471534894445,584.8471534894445,0.6757237192854793,506.79278946410943,4313.160273788052,9508.89071104222,541.715550751564,1194.278357767744,1.5923711436903252,147.56055661049996,325.3153411889077,25.755382868629866,277.22863394599216,0.008640585785219422,0.26685651701571295,0.010000002632172702,0.8640585785219421,0.049714614761087454,0.012387461324284092,776.8089941817967,494.7048326318944,753.5047243562682,500.0,3170.2917953965466,2.2695288635077304e-06,4452.099737134422,81.6414686824269,2.6865379018636837e-10,0.030445332468758163,5.875157659162489e-09,98,147.8053526878357,
700.0,450.0,fuel,False,False,low,low,-7.205759403794227e+16,-7.205759403794227e+16,-83554724069970.12,-5.848830684897909e+16,4264.918925712608,9402.53674376897,-7.205759403794232e+16,-1.5885980188852845e+17,-226942574126469.22,156.2433418517754,344.45760595205473,25.467913348091063,274.134337779378,0.0010998612673777833,0.2610919204249466,0.010099048901508744,0.10998612673777833,0.03149216607213694,279627406385556.53,774.3840841210822,489.2432645435546,751.2358045986438,500.1544966544026,3152.7850745905857,1.5885980189204422e+17,4450.740032334445,81.64051278432012,-0.10474794041650681,0.030447053953853023,0.9999999998743827,100,168.22193145751953,
750.0,550.0,fuel,True,True,warm:nb800-550,warm:nb800-550,584.8731121853871,584.8731121853871,0.6780370933359545,508.52782000196595,4372.5737805249655,9639.875072034887,541.1473743801374,1193.0257432861247,1.5907009910481662,187.4224588262443,413.19579256171727,26.110161619179426,281.0474406346598,0.024276775627944953,0.27857997632326226,0.010000000574955988,2.4276775627944955,0.06327859315405684,0.01569753308279605,774.5923865714183,501.4672935912942,751.3546149742975,500.0,3190.411575285781,4.481562200453482e-06,4452.099737566636,81.64146868268882,-5.346949474502316e-08,0.030451660070429695,5.346949474502316e-08,50,58.99711513519287,
750.0,550.0,fuel,True,True,warm:nb750-500,warm:nb750-500,584.8491933408554,584.8491933408554,0.6759547797455251,506.9660848091438,4319.109720055103,9522.006994869746,541.6580961403045,1194.1516920320344,1.5922022560427125,151.5531941204134,334.11760016391014,25.79090908482086,277.61103495451664,0.010225636311291178,0.2680458200613688,0.01,1.0225636311291177,0.051089758689469605,0.012719721850306122,776.5859033894653,495.3818386636537,753.2883262878047,500.0,3172.306030917581,6.366245543176774e-05,4452.099746043891,81.64146868320164,-1.2964997834971626e-06,0.0304459216922055,1.2964997834971626e-06,14,20.790330171585083,
750.0,550.0,fuel,True,True,warm:nb700-550,warm:nb700-550,584.847167171342,584.847167171342,0.675725994034679,506.79449552600926,4313.219022462075,9509.020229697973,541.7149769467212,1194.277092744607,1.5923694569928093,147.59998459083994,325.40226500629717,25.755733677024757,277.2324100161282,0.008656272946805715,0.26686827809222546,0.010000001724060894,0.8656272946805715,0.04972822291955561,0.012390745677902982,776.8067904138524,494.71151764426406,753.5025867014864,500.0,3170.311684843295,1.3406792731984751e-05,4452.099737518352,81.64146868307361,-2.0328347614950726e-07,0.03044533823630613,2.0328347614950726e-07,77,122.81070923805237,
750.0,550.0,fuel,True,True,warm:nb750-600,warm:nb750-600,584.8471521546235,584.8471521546235,0.6757237178955591,506.79278842166934,4313.160272990044,9508.890709282916,541.715549424723,1194.2783548425602,1.5923711397900804,147.56055744776663,325.3153430347648,25.75538286375262,277.2286338934939,0.008640589326964581,0.2668565155674027,0.010000000300381942,0.8640589326964581,0.04971461696161762,0.012387461855162974,776.8089940397729,494.70483253240775,753.5047242186204,500.0,3170.291795069892,2.3097005623640143e-06,4452.099737549968,81.64146868260453,-3.500164571720865e-08,0.030445332466787805,3.500164571720865e-08,81,118.79161167144775,
750.0,600.0,fuel,True,True,warm:fig5_grid,warm:fig5_grid,559.5338568218081,559.5338568218081,0.7046741698372794,528.5056273779595,5700.0,12566.34894426,502.533856821808,1107.89750896976,1.4771966786263468,1114.5850588498354,2457.2394346606316,34.03668610679671,366.36784013522816,0.33348039830387255,0.5069121877811534,0.01000000279541177,33.34803983038726,0.330975484139537,0.10024390826735659,684.6077853770586,652.4727598716312,664.0695518158312,500.0,3629.2887096212917,1.0377302260167198e-05,4452.0997367464,81.64146867796708,-1.9837611876967476e-08,0.030616896771120714,1.9837611876967476e-08,71,90.72148299217224,
750.0,600.0,fuel,True,True,warm:nb700-600,warm:nb700-600,559.5338551803051,559.5338551803051,0.7046741682388239,528.5056261791179,5699.99999997045,12566.348944194853,502.53385518060054,1107.897505351517,1.4771966738020228,1114.5850644262057,2457.2394469544233,34.03668610279423,366.3678400921458,0.3334804014196656,0.5069121884733734,0.01,33.348040141966564,0.3309754863214859,0.10024390914911877,684.6077808792354,652.472759866842,664.0695474528494,500.0,3629.2887081980675,4.774276476382511e-06,4452.099737570535,81.6414686825557,-2.1344825280097263e-08,0.030616896768121356,2.1344825280097263e-08,22,25.955487489700317,
750.0,600.0,fuel,False,False,warm:nb800-600,warm:nb800-600,nan,nan,nan,nan,nan,nan,nan,nan,nan,nan,nan,nan,nan,nan,nan,nan,nan,nan,nan,nan,nan,nan,nan,nan,nan,nan,nan,nan,nan,nan,nan,100.79704976081848,"ValueError: 'analysis.v0v1.acmodel.propmodel.prop1.propmap' <class MetaModelStructuredComp>: Error interpolating output 'eta_prop':
Array must not contain infs or nans."
750.0,550.0,fuel,False,False,low,low,8.92029807941225e+43,8.92029807941225e+43,9.654002250446157e+40,7.240501687834618e+43,5473.949905241873,12067.9937916962,8.92029807941225e+43,1.9665890939071338e+44,2.6221187918761783e+41,1513.5812208998275,3336.875399527423,34.25515334737181,368.7194019417643,0.7339021130164483,0.8662952973125833,0.14164093753561358,73.39021130164483,0.5774130324150575,3.603122229538935e-42,476.92166624853223,1443.5774095282957,470.2636543560206,960.9608856043325,3917.6742837907004,-1.966589093950643e+44,1403.0555923877712,79.75069326592826,-3.6116452993818675,0.16265140884910348,1.0,158,342.4347424507141,
750.0,600.0,fuel,False,False,warm:nb750-650,warm:nb750-650,nan,nan,nan,nan,nan,nan,nan,nan,nan,nan,nan,nan,nan,nan,nan,nan,nan,nan,nan,nan,nan,nan,nan,nan,nan,nan,nan,nan,nan,nan,nan,176.14800119400024,RuntimeError: NaN entries found in <model> <class HybridTwinWithCost> for rows associated with states/residuals ['descent.throttle'].
750.0,600.0,fuel,True,True,low,low,559.5338540619056,559.5338540619056,0.7046741668502089,528.5056251376567,5699.999999999968,12566.34894425993,502.53385406190586,1107.8975028852174,1.4771966705136232,1114.5850588547187,2457.2394346713972,34.03668610411384,366.36784010635,0.33348040363885145,0.5069121872845078,0.010000000574189285,33.34804036388515,0.3309754878444485,0.10024390976437245,684.6077853851459,652.4727598874564,664.0695518235522,500.0,3629.2887095627175,1.6580141618760535e-05,4452.099736769851,81.64146868118448,-3.093879426350338e-08,0.030616896771647223,3.093879426350338e-08,69,104.92088913917542,
750.0,650.0,fuel,False,True,warm:fig5_grid,warm:fig5_grid,528.1305413853521,528.1305413853521,0.6740592016642495,505.5444012481871,5699.999995821374,12566.348935047707,471.1305414271384,1038.6650494511514,1.3848867326015353,1160.7431434317866,2559.0005921089587,34.036686078174434,366.3678398271406,0.38265577267740053,0.543153645049706,0.01,38.265577267740056,0.37349479897136556,0.11822277172562651,634.289794050851,652.4727594247497,615.2611008521585,500.0000904926134,3614.5339493618208,-1.8517444459575927e-05,4452.099736597131,81.64146868236887,2.775039670667792e-08,0.030616896772338326,1.8517444459575927e-05,40,56.12957453727722,
750.0,650.0,fuel,True,True,warm:nb700-650,warm:nb700-650,528.1305303262881,528.1305303262881,0.6740591903332684,505.5443927499514,5700.0,12566.34894426,471.13053032628807,1038.6650249779657,1.3848866999706209,1160.7431570249944,2559.0006220768523,34.03668610425476,366.36784010786687,0.38265579179055903,0.5431536520976261,0.010000000575999982,38.265579179055905,0.3734948144339987,0.11822277856822433,634.2897895955794,652.4727598710897,615.2610959076981,500.00000000000006,3614.5339419705288,1.4951506273064297e-06,4452.09973728036,81.64146868101568,-2.6155225723960285e-09,0.03061689676919417,2.6155225723960285e-09,25,28.281342029571533,
750.0,650.0,fuel,True,True,warm:nb800-650,warm:nb800-650,528.1305310531133,528.1305310531133,0.6740591911191252,505.5443933393439,5699.999999999921,12566.348944259826,471.130531053114,1038.6650265803426,1.3848867021071234,1160.743157012733,2559.000622049821,34.036686103013864,366.36784009451,0.38265579072486383,0.5431536511856189,0.01,38.26557907248638,0.3734948134396354,0.11822277812825764,634.2897896083439,652.472759871073,615.2610959200937,500.0,3614.5339419428055,-1.9249910110374913e-08,4452.099737532475,81.64146868250334,5.164680965882851e-11,0.030616896768294037,1.9249910110374913e-08,34,39.937325954437256,
750.0,650.0,fuel,True,True,warm:nb750-600,warm:nb750-600,528.1305106967679,528.1305106967679,0.6740591690885174,505.5443768163881,5699.9999999999845,12566.348944259966,471.13051069676806,1038.6649817022817,1.384886642269709,1160.7431570244441,2559.000622075639,34.036686102547876,366.3678400894941,0.38265582536345377,0.5431536585732585,0.010000004360003915,38.26558253634538,0.3734948409144555,0.1182227902863717,634.2897895955817,652.4727598710833,615.2610959077437,500.0,3614.533941927257,4.486741181608522e-05,4452.099737627122,81.64146868306266,-7.335971585666762e-08,0.030616896767956613,7.335971585666762e-08,20,27.61349654197693,
750.0,650.0,fuel,False,False,warm:nb750-700,warm:nb750-700,nan,nan,nan,nan,nan,nan,nan,nan,nan,nan,nan,nan,nan,nan,nan,nan,nan,nan,nan,nan,nan,nan,nan,nan,nan,nan,nan,nan,nan,nan,nan,123.48205804824829,"ValueError: 'analysis.v0v1.acmodel.propmodel.prop1.propmap' <class MetaModelStructuredComp>: Error interpolating output 'eta_prop':
Array must not contain infs or nans."
750.0,650.0,fuel,True,True,low,low,528.1305216668319,528.1305216668319,0.6740591812710998,505.5443859533249,5700.0,12566.34894426,471.1305216668319,1038.6650058871326,1.3848866745161768,1160.7431626929629,2559.0006345725837,34.03668610309226,366.3678400953538,0.382655806470329,0.5431536557620954,0.010000001903553225,38.2655806470329,0.3734948261146565,0.1182227837371438,634.2897874606805,652.4727598795507,615.2610938388941,500.0,3614.5339413173074,9.530358966003405e-06,4452.099737237762,81.64146868240988,-2.8936097649055748e-08,0.030616896769672306,2.8936097649055748e-08,39,67.00580430030823,
800.0,450.0,fuel,True,True,warm:fig5_grid,warm:fig5_grid,642.9622232713592,642.9622232713592,0.6933476881215375,554.6781504972299,4436.433082846729,9780.660734545812,598.597892442892,1319.6824550414028,1.6496030688017536,163.01737680469557,359.3917966501265,26.491487764496647,285.1520011024036,0.0010000025147591201,0.26169738861878955,0.010000000239749956,0.10000025147591202,0.04060720635617664,0.01015575359479286,803.9393492373499,508.7396407586206,779.8211687603333,500.0000046662287,3221.2254428716546,1.6038343346735928e-06,4452.099737439462,81.64146868257131,-3.738982677983782e-08,0.030459500051263355,3.738982677983782e-08,32,38.55337643623352,
800.0,450.0,fuel,True,True,warm:nb750-450,warm:nb750-450,642.9622242059758,642.9622242059758,0.6933476890096267,554.6781512077014,4436.433078445928,9780.660724843707,598.5978934215165,1319.6824571989007,1.6496030714986258,163.01737378274856,359.3917899878737,26.49148773840883,285.1520008215967,0.001000000073856719,0.26169738419703575,0.010000000008578478,0.1000000073856719,0.04060720381315326,0.010155752990213198,803.9393515651291,508.7396402458063,779.8211710181977,500.0,3221.225441629373,-8.547539209757815e-07,4452.099737882074,81.64146868227715,2.5792744225150432e-09,0.03045950004857353,8.547539209757815e-07,12,14.60945177078247,
800.0,450.0,fuel,True,True,warm:nb800-400,warm:nb800-400,642.962201768694,642.962201768694,0.6933476611831845,554.6781289465475,4436.432916908938,9780.660368715604,598.5978725996046,1319.6824112944425,1.649603014118053,163.01729662515723,359.3916198845024,26.491486773800958,285.15199043864396,0.0010000000000137375,0.2616973858397412,0.010000000000039437,0.10000000000137375,0.040607203964982616,0.010155753021327015,803.9393227673339,508.73962181947746,779.8211430843119,500.0,3221.225376827046,1.8896480469265953e-06,4452.099738980843,81.64146868229906,-4.3904056524698976e-07,0.030459500022360315,4.3904056524698976e-07,27,34.030656814575195,
800.0,450.0,fuel,True,True,warm:nb800-500,warm:nb800-500,642.9622237393307,642.9622237393307,0.6933476884225295,554.6781507380235,4436.433076096294,9780.66071966365,598.5978929783678,1319.682456221925,1.649603070277406,163.01737295321635,359.39178815906826,26.491487724360603,285.15200067038285,0.001,0.2616973861959757,0.01,0.1,0.04060720405338269,0.010155753047209391,803.9393498473852,508.7396399873353,779.8211693519588,500.0,3221.225440315281,-3.319519237265922e-07,4452.099737492974,81.6414686823045,-7.438815393528975e-09,0.030459500050081082,3.319519237265922e-07,9,13.340174674987793,
800.0,450.0,fuel,False,False,low,low,-17592186028092.201,-17592186028092.201,-17849214720.019176,-14279371776015.34,4449.068710907254,9808.517526008696,-17592186028136.691,-38784131284544.04,-48480164105.680046,183.8872025917281,405.4018866932434,26.626571872130206,286.6060343356924,0.005418417900197722,0.26907042066602893,0.01990001938046563,0.5418417900197722,0.07124938884954296,291524946370264.5,795.910119165618,519.1068755862009,772.0331238565788,500.0000255971919,3228.8441612009315,38784131286686.84,4098.2995275012,81.54999608966219,0.021391004579762743,0.03229622963025578,0.9999853514807351,69,113.00086045265198,
800.0,550.0,fuel,False,False,warm:fig5_grid,warm:fig5_grid,-46634424.45179343,-46634424.45179343,-47315.63746058973,-37852509.96847178,4004.7916779419643,8829.054328787235,-46634464.49971021,-102811395.39159015,-128514.24423948769,26.285554006223773,57.94972698866655,39.92953414791229,429.7979285490797,0.003812996815341401,0.003812996815341401,0.7960845253533277,0.3812996815341401,0.08665406592570991,648120760411108.0,2991.5469163835583,457.1875169129464,2382.280294479424,507.0465852087711,3951.1226966036243,102810455.76398815,2392.0740659248127,63.18148932113124,-11.452989094384044,0.042427059868800125,1.0,186,392.9940392971039,
800.0,550.0,fuel,True,True,warm:nb750-550,warm:nb750-550,634.079782337707,634.079782337707,0.6838548818382918,547.0839054706335,4398.710560741622,9697.496808961543,590.0926767302908,1300.9316640781135,1.6261645800976419,150.46534717246092,331.719308173398,26.2662334410389,282.72738374372784,0.007989655118591593,0.2667030048424846,0.010000000861050672,0.7989655118591593,0.046679076669518406,0.011604957484834736,791.9064909041055,504.44329881943264,768.1492961769643,500.0,3204.5601672951493,-1.0059231954073766e-06,4452.099737917044,81.64146868251837,1.3813094772163748e-08,0.0304547441813804,1.0059231954073766e-06,18,28.834777116775513,
800.0,550.0,fuel,True,True,warm:nb800-500,warm:nb800-500,634.0797782469987,634.0797782469987,0.6838548853438207,547.0839082750565,4398.710769250064,9697.49726864397,590.092670554498,1300.9316504628212,1.6261645630785264,150.4654873801336,331.71961727840494,26.266234685758146,282.7273971417743,0.00798971664798724,0.26670304428053904,0.010000016089731861,0.798971664798724,0.046679130881251855,0.01160497050351996,791.9064857623215,504.4433225609789,768.1492911894965,500.0,3204.5602386736355,5.8241647593604284e-06,4452.099738120133,81.64146868307367,-1.7888648600611345e-07,0.030454744205850506,1.7888648600611345e-07,29,53.46197152137756,
750.0,600.0,fuel,False,False,warm:nb750-550,warm:nb750-550,-1.1493716556494166e+54,-1.1493716556494166e+54,-1.2439087182352993e+51,-9.329315386764745e+53,5700.0,12566.34894426,-1.1493716556494166e+54,-2.5339307529004236e+54,-3.3785743372005646e+51,867.186462068298,1911.8188915944775,39.98712024486065,430.41778013787973,0.1612101607559301,0.9989655456645226,0.01,16.12101607559301,0.4061065198100905,4573665361738651.0,946.9417669070087,3000.0,929.5681410871082,500.0,4842.909260911732,2.533930752956485e+54,1050.0701674081658,75.32243984341726,-1.4417328453460474,0.349877034589437,1.0,532,1411.0615775585175,
800.0,550.0,fuel,True,True,low,low,634.079781189369,634.079781189369,0.6838548806750835,547.0839045400668,4398.710560860488,9697.496809223598,590.0926755807641,1300.9316615438408,1.626164576929801,150.46534717852944,331.7193081867768,26.2662334417174,282.7273837510312,0.007989657630746359,0.2667030052641388,0.010000000178395623,0.7989657630746358,0.046679078590163375,0.011604957945885458,791.9064909510453,504.44329884179234,768.14929622248,500.00000000000006,3204.5601673535534,1.6482661067129811e-06,4452.099737543533,81.64146868256697,-2.4393765861441263e-08,0.030454744183140217,2.4393765861441263e-08,68,126.35262799263,
800.0,550.0,fuel,False,False,warm:nb800-600,warm:nb800-600,nan,nan,nan,nan,nan,nan,nan,nan,nan,nan,nan,nan,nan,nan,nan,nan,nan,nan,nan,nan,nan,nan,nan,nan,nan,nan,nan,nan,nan,nan,nan,255.90703105926514,RuntimeError: NaN entries found in <model> <class HybridTwinWithCost> for rows associated with states/residuals ['descent.throttle'].
325.0,250.0,fuel,False,False,high,high,nan,nan,nan,nan,nan,nan,nan,nan,nan,nan,nan,nan,nan,nan,nan,nan,nan,nan,nan,nan,nan,nan,nan,nan,nan,nan,nan,nan,nan,nan,nan,26.762076139450073,"RuntimeError: NaN entries found in <model> <class HybridTwinWithCost> for rows associated with states/residuals ['v0v1.propmodel.prop1.J', 'v0v1.propmodel.prop2.J', 'v0v1.fltcond|q', 'v0v1.fltcond|Ueas', 'v0v1.fltcond|M', 'v0v1.fltcond|cosg"
325.0,250.0,fuel,True,True,upstream,upstream,243.28328726431528,243.28328726431528,0.7183199994435034,233.4539998191386,4000.0,8818.4904872,203.28328726431528,448.1629337367773,1.3789628730362378,301.3065315996867,664.2671956607659,23.885393756423227,257.1002386619773,0.025810482527515156,0.27792586000474195,0.010000000028149785,2.5810482527515157,0.11458535532770985,0.030089339724674567,711.1583377452946,459.1112837143106,689.823587612945,500.0,3041.8178111272523,1.9279696061857976e-08,4452.09973759767,81.64146868263676,7.188895312371102e-12,0.03042779945425532,1.4569005953943255e-11,57,92.94436931610107,
325.0,350.0,fuel,True,True,upstream,upstream,172.53831769797412,172.53831769797412,0.6593886098195215,214.3012981913445,5699.999996290544,12566.34893608205,115.53831773506869,254.71838896344858,0.7837488891183033,1614.8388006606206,3560.110150496785,34.03668608086492,366.3678398561007,0.7005712064705097,0.7779800867200786,0.3160560641896843,70.05712064705098,0.6446994479499423,0.290552913621489,308.254545600831,652.4727594505041,299.00690922752085,500.00000394995067,3516.0305073006316,1.3100379874231294e-06,4452.099737524263,81.64146868250211,5.355164367504273e-10,0.03061689676801094,2.720081930069576e-09,53,82.51481652259827,
325.0,300.0,fuel,True,True,upstream,upstream,210.33683467473088,210.33683467473088,0.747695089775029,243.0009041768844,5700.0,12566.34894426,153.33683467473088,338.0498544791183,1.040153398397287,1545.823492717905,3407.957441355781,34.036686103012336,366.3678400944935,0.6022215281734428,0.7052363861807055,0.09029729178533892,60.22215281734427,0.5279236386912964,0.20204462964867012,409.2525885477599,652.4727598711445,396.97501089131134,500.0,3547.247302528516,1.738312676025089e-07,4452.099737530777,81.64146868250575,-4.6121317182068466e-10,0.030616896768302402,4.6121317182068466e-10,113,159.2737808227539,
325.0,400.0,fuel,True,True,upstream,upstream,130.95286658440975,130.95286658440975,0.5623340944188607,182.75858068612973,5700.0,12566.34894426,73.95286658440975,163.03816261894704,0.5016558849813755,1692.037084585951,3730.303233602708,34.03668610321397,366.3678400966638,0.8085243696284372,0.8580246432470928,0.5632329584518634,80.85243696284373,0.7728700764625556,0.43381652521682273,197.25255923975791,652.4727598747353,191.3349825444779,500.0,3480.417678797613,7.060543794068508e-08,4452.09973737159,81.64146868226392,-2.4898129113992695e-09,0.030616896769008944,1.3607492280986157e-08,52,79.63336634635925,
325.0,450.0,fuel,True,True,upstream,upstream,84.33831433644792,84.33831433644792,0.4537939255468926,147.4830258027401,5700.0,12566.34894426,27.338314336447922,60.270666228012345,0.18544820377849952,1782.1061657599719,3928.8715674836944,34.036686103017125,366.36784009454504,0.929274010132236,0.9476179213581787,0.8389185161350912,92.9274010132236,0.9161566963632856,0.7106386957709817,72.91506893810829,652.4727598710808,70.72761687001555,500.0,3436.9631500481464,-3.1871331884758547e-07,4452.099737531909,81.6414686825,4.872884040718617e-10,0.030616896768295907,3.1871331884758547e-07,69,89.45253324508667,
325.0,400.0,fuel,True,True,high,high,130.95286758383386,130.95286758383386,0.5623340969266286,182.7585815011543,5699.999999999994,12566.348944259986,73.95286758383392,163.03816482230016,0.5016558917609236,1692.0370831585178,3730.3032304557564,34.036686103016905,366.3678400945427,0.8085243648903474,0.8580246394302693,0.5632329597096044,80.85243648903474,0.7728700733805374,0.4338165209162156,197.25256119562644,652.4727598710764,191.33498435975372,500.00000000000006,3480.417679423811,-3.663403731479775e-07,4452.0997375319175,81.64146868250022,6.614368774915391e-10,0.0306168967682952,3.663403731479775e-07,71,156.61756873130798,
325.0,300.0,fuel,True,True,high,high,210.33683443083228,210.33683443083228,0.7476950891658979,243.00090397891682,5699.999999999999,12566.348944259998,153.33683443083228,338.04985394141397,1.0401533967428123,1545.8234927128535,3407.9574413446444,34.036686102994764,366.36784009430437,0.6022215290545897,0.7052363869621909,0.09029729226439158,60.22215290545897,0.5279236394471158,0.20204463013360704,409.2525885539091,652.472759871085,396.9750108986593,500.00000000000006,3547.2473025301256,7.191215445345733e-07,4452.099737536154,81.6414686825268,-1.8817462726916645e-09,0.030616896768280423,1.8817462726916645e-09,114,324.17292761802673,
325.0,350.0,fuel,True,True,high,high,172.53831691461534,172.53831691461534,0.6593886082734915,214.30129768888474,5699.999999999727,12566.348944259398,115.53831691461806,254.71838715466455,0.783748883552814,1614.8388046268706,3560.1101592408695,34.03668610299726,366.3678400943312,0.700571209405429,0.7779800892382858,0.3160560670247811,70.0571209405429,0.6446994507105099,0.29055291609368483,308.2545449048688,652.4727598710899,299.0069085577156,500.00000000057196,3516.030508060281,8.773454283073079e-07,4452.099737534136,81.64146868252188,-1.900513649233382e-09,0.030616896768288958,1.900513649233382e-09,94,258.9801800251007,
325.0,500.0,fuel,True,True,upstream,upstream,54.538535627678364,54.538535627678364,0.366055764634582,118.96812350623915,5429.584999389186,11970.185916639339,0.2426856337864982,0.5350302382315844,0.0016462468868664135,1668.3378156160834,3678.055289111615,32.421943911199314,348.98689979573663,0.9989999999416502,0.9989999999481872,0.999999999968864,99.89999999416503,0.9992202774981032,0.9965370241456525,1.325355226779492,621.8016636849217,1.2855945699775793,500.0,3307.4121281548655,-3.427976480452344e-08,4452.099737532787,81.64146868250532,5.026715155231898e-11,0.030595038520177222,5.182392157734239e-08,92,142.26633024215698,
325.0,450.0,fuel,True,True,high,high,84.33831060993774,84.33831060993774,0.45379391644667966,147.4830228451709,5699.999999999992,12566.348944259982,27.33831060993782,60.270658012463876,0.18544817849988884,1782.1061721812243,3928.871581640133,34.03668610302506,366.3678400946305,0.9292740223274711,0.9476179320579141,0.8389185274084117,92.92740223274711,0.9161567078048347,0.7106387263742774,72.91506198830808,652.4727598711511,70.72761344306916,500.0,3436.963147888806,-1.49909055835451e-06,4452.099737527786,81.64146868249043,-8.424658665129314e-09,0.030616896768312765,1.49909055835451e-06,92,177.56077098846436,
325.0,500.0,fuel,True,True,high,high,54.538535617682676,54.538535617682676,0.3660557645966644,118.96812349391593,5429.584999941795,11970.185917857632,0.24268561826472512,0.5350302040119322,0.0016462467815751762,1668.3378158068535,3678.055289532191,32.42194391448561,348.98689983111,0.999,0.999,1.0,99.9,0.9992202775480573,0.9965370243668727,1.325354803404858,621.801664235446,1.285594566473269,500.0000040271146,3307.412128437203,1.75208697328344e-07,4452.099720629669,81.64146868252234,1.943328831188751e-11,0.03059503860008631,3.195595850379956e-07,90,153.8419804573059,
325.0,550.0,fuel,True,True,upstream,upstream,50.50414563357023,50.50414563357023,0.3283555237589009,106.7155452216428,5027.904947000048,11084.632986416436,0.22509616356975148,0.49625209428626715,0.001526929520880822,1407.6032852943702,3103.2340452799676,30.02337235733778,323.16889046190283,0.999,0.999,1.0,99.9,0.9992208254403285,0.9965391287552928,1.229344171927244,576.1742399729325,1.1924638638081888,500.0000001944406,3166.4841955423617,-5.588844942394644e-10,4452.099737566674,81.6414686825053,-7.67552688074602e-13,0.030554701046394447,1.4491293732600252e-08,103,167.33177733421326,
325.0,600.0,fuel,True,True,high,high,47.56765080354188,47.56765080354188,0.30091570378339794,97.79760372960433,4735.529162569179,10440.054717993622,0.21235917785008684,0.46817184743515095,0.0014405287613389259,1217.6965899428474,2684.56144867672,28.27749467314622,304.37641947073223,0.999,0.999,1.0,99.9,0.9992211764887395,0.9965402755920446,1.1599871444090328,542.8428184470747,1.1251876021872713,500.00000092930105,3064.027842752211,1.5350137800851371e-06,4452.099737830069,81.64146868278294,-1.6134316105365087e-12,0.03050690818047684,9.20434408348043e-08,57,94.64867901802063,
325.0,600.0,fuel,True,True,upstream,upstream,47.56765078863478,47.56765078863478,0.3009157037191724,97.79760370873105,4735.529161084873,10440.054714721286,0.212359177786054,0.4681718472939827,0.0014405287609045622,1217.6965895782396,2684.561447872897,28.277494664475164,304.3764193773978,0.999,0.999,1.0,99.9,0.9992211764887414,0.9965402755920499,1.1599872495852712,542.842818283414,1.1251876300719927,500.00000050250816,3064.027842331355,-5.529273039428517e-09,4452.099737555261,81.64146868250542,-1.0516587600761795e-12,0.030506908181450684,5.529273039428517e-09,79,122.9858775138855,
325.0,550.0,fuel,True,True,high,high,50.504145616192794,50.504145616192794,0.32835552362681447,106.7155451787147,5027.904945269858,11084.632982602021,0.22509616349421327,0.4962520941197339,0.001526929520368412,1407.6032848595744,3103.234044321407,30.023372347006337,323.16889035069613,0.999,0.999,1.0,99.9,0.9992208254403305,0.9965391287553006,1.2293437869953296,576.1742397764176,1.1924637601527157,500.000003545802,3166.484194760391,-1.1322981663397513e-06,4452.099737551457,81.64146868250515,2.3656077097200523e-11,0.030554701046235994,1.1322981663397513e-06,82,138.70021390914917,
325.0,700.0,fuel,False,False,high,high,nan,nan,nan,nan,nan,nan,nan,nan,nan,nan,nan,nan,nan,nan,nan,nan,nan,nan,nan,nan,nan,nan,nan,nan,nan,nan,nan,nan,nan,nan,nan,40.0640766620636,"ValueError: 'analysis.v0v1.acmodel.propmodel.prop1.propmap' <class MetaModelStructuredComp>: Error interpolating output 'eta_prop':
Array must not contain infs or nans."
325.0,650.0,fuel,True,True,upstream,upstream,45.33398112543101,45.33398112543101,0.28004626846456554,91.0150372509838,4513.1272169440135,9949.742357536048,0.2027089559908748,0.4468967500189432,0.0013750669231352099,1073.16971637312,2365.93423374687,26.949455162471242,290.0815211479758,0.999,0.999,1.0,99.9,0.999221407357879,0.9965409862253858,1.1071440766653162,517.4785559701747,1.0739297538566892,500.0,2986.1624216148994,6.366462912410498e-12,4452.099737532831,81.64146868250546,-5.162537064506978e-15,0.030470193219395047,4.783593519007594e-10,116,163.5760416984558,
325.0,700.0,fuel,True,True,upstream,upstream,43.57719311813572,43.57719311813572,0.2636350618030495,85.6813950859911,4338.205128543745,9564.105164396316,0.1951418326982685,0.4302140988261137,0.0013237356886957345,959.4538801867728,2115.233728833546,25.904934422933824,278.8383934791996,0.999,0.999,1.0,99.9,0.9992215625285494,0.9965414857157728,1.0655230184304836,497.55501021333504,1.0335573479330895,500.0000060066839,2924.9637368687413,-7.594212547701318e-07,4452.099737891863,81.64146868250545,2.698979928439371e-10,0.030447880780174096,7.594212547701318e-07,95,130.4617795944214,
325.0,750.0,fuel,False,True,upstream,upstream,42.158648157524766,42.158648157524766,0.25038565772712795,81.37533876131658,4196.960245016294,9252.713498958192,0.1890457073618298,0.4167744430040728,0.0012823829015509932,867.6087809149855,1912.749945277497,25.061512008147787,269.75987016299774,0.9989999998129672,0.9989999997695701,0.9999999997133528,99.89999998129672,0.9992216683309594,0.996541855653449,1.0318734591577525,481.48957284887905,1.0009172533144348,500.0,2875.57004856551,-3.78234290110413e-07,4452.099790756166,81.64146868250545,1.5255144369952234e-10,0.030435962728200545,3.78234290110413e-07,71,104.6612343788147,
325.0,650.0,fuel,True,True,high,high,45.66502070607156,45.66502070607156,0.2821897899399173,91.71168173047312,4546.088362178546,10022.409243960534,0.20413708428609215,0.4500452339654121,0.0013847545660474218,1080.6992385888952,2382.533988755114,27.14627764562038,292.20010072458746,0.999,0.999,1.0,99.9,0.9992213753944171,0.9965408867409739,1.1149807977834154,521.2358208777663,1.0815314030107674,682.1311625989117,3011.5926164970842,1.825492290663533e-08,4452.099737533339,81.64146868250377,-5.159761506945415e-14,0.030475169208921644,2.6964297844667718e-08,77,187.64004921913147,
325.0,800.0,fuel,True,True,high,high,41.289503584896266,41.289503584896266,0.2413164509571124,78.42784656106153,4110.418719846216,9061.922094843165,0.18531638643411047,0.40855269772287056,0.0012570852237626788,797.3865348396359,1757.9363930261752,24.544742406902984,264.19740846911986,0.999,0.999,1.0,99.9,0.9992217242283851,0.9965420673542835,1.0112364380175387,471.65527180833016,1.0000000000000007,684.1606821668948,2859.254498621492,-2.9685907065868378e-09,4452.099737534266,81.64146868250705,-1.1232681451645021e-13,0.03043149187643322,2.0648453409289092e-08,43,74.44097542762756,
325.0,800.0,fuel,True,True,upstream,upstream,40.98886300979998,40.98886300979998,0.23946118433285812,77.82488490817889,4080.4835544155244,8995.926351947337,0.18402746564473313,0.405711113792901,0.0012483418885935414,791.8559911583574,1745.7436313155754,24.365989103534442,262.27332392497,0.9989999997359912,0.9989999997524617,0.999999999858403,99.89999997359912,0.9992217415225904,0.9965421346957416,1.004094439364738,468.25437787875194,1.0000000010666377,500.0,2834.8511660078757,-4.769765382661717e-07,4452.0997375322495,81.64146868250543,2.32383418063975e-10,0.03043031632052582,4.769765382661717e-07,81,121.72119164466858,
375.0,250.0,fuel,True,True,upstream,upstream,283.48623681531154,283.48623681531154,0.7068350010363317,265.06312538862437,4008.1004923957034,8836.349015983287,243.40523189135453,536.616680492155,1.4309778146457466,260.80774286681014,574.9826498647673,23.93376461911939,257.6208982948178,0.0010000016218155274,0.2596936265939072,0.010000000447455274,0.10000016218155273,0.08459694335186833,0.021934738526735068,730.5469006068076,460.0315327931032,708.630493607568,500.0000162726457,3050.295146780171,1.8901730527431937e-06,4452.0997383301465,81.6414686825121,-5.038040571531122e-09,0.030428020421231234,6.676640794102414e-08,63,104.77781820297241,
325.0,750.0,fuel,False,False,high,high,nan,nan,nan,nan,nan,nan,nan,nan,nan,nan,nan,nan,nan,nan,nan,nan,nan,nan,nan,nan,nan,nan,nan,nan,nan,nan,nan,nan,nan,nan,nan,190.2605504989624,"ValueError: 'analysis.v1vr.acmodel.propmodel.prop1.propmap' <class MetaModelStructuredComp>: Error interpolating output 'eta_prop':
Array must not contain infs or nans."
375.0,300.0,fuel,True,True,upstream,upstream,272.3556128053195,272.3556128053195,0.7833833305195724,293.7687489448397,5699.999720481657,12566.348328027538,215.35561560050292,474.7778618845337,1.2660742983587565,1442.6324431107175,3180.4601190244894,34.03668443392286,366.3678221285639,0.46887121502974005,0.6067455534813806,0.01,46.887121502974004,0.42600092378613824,0.14401875220912716,545.9981648515245,652.4727281611487,529.6182199059738,500.0,3588.4192919555794,-4.0816985347191803e-07,4452.099737530285,81.64146868249144,1.1528873532923312e-09,0.030616896744074643,4.0816985347191803e-07,71,111.12699580192566,
375.0,350.0,fuel,True,True,upstream,upstream,236.07751088473944,236.07751088473944,0.7080791044794423,265.52966417979087,5700.0,12566.34894426,179.07751088473944,394.7983315521323,1.052795550805686,1516.1988253119991,3342.6462294294197,34.03668610299809,366.3678400943402,0.589799871578701,0.696055077767778,0.06010622793440978,58.9799871578701,0.5233930472627515,0.1987786406657417,422.0000061610201,652.4727598715358,409.340005976244,500.0,3551.1312929794053,1.816291842260398e-06,4452.0997375207735,81.64146868252283,-4.198256263465705e-09,0.030616896768353174,4.198256263465705e-09,59,96.72543597221375,
375.0,250.0,fuel,False,False,high,high,-70368744149078.93,-70368744149078.93,-152313299023.75296,-57117487133907.37,5698.3,12562.60108580294,-70368744149135.914,-155136525218841.44,-413697400583.57715,1408.250599831844,3104.6611295527027,28.4568646899524,306.3071422630777,0.687948312578549,0.552769766132518,0.05505717914150639,68.79483125785491,0.37889290025691436,2871589405068676.5,1035.6494670183283,743.6574291884157,1006.3151600635034,529.470479982865,3628.7130796892316,155136525222731.72,3539.7272349637474,89.2742368282649,-1.265686870576686,0.03988642403959411,1.0,88,169.05131316184998,
375.0,350.0,fuel,True,True,high,high,236.07751133529405,236.07751133529405,0.7080791054696414,265.5296645511155,5700.0,12566.34894426,179.07751133529405,394.7983325454352,1.052795553454494,1516.198825479607,3342.646229798932,34.03668610315093,366.3678400959853,0.5897998699919957,0.6960550767570268,0.06010622738250025,58.979986999199575,0.5233930460560051,0.19877863990083253,422.0000061069408,652.4727598737148,409.34000592372786,500.0,3551.1312929677947,4.790740604221355e-07,4452.099737417845,81.64146868233952,-1.8009628267867672e-09,0.03061689676880403,1.8009628267867672e-09,85,145.07927441596985,
375.0,400.0,fuel,True,True,upstream,upstream,198.1201003301134,198.1201003301134,0.6320319281499603,237.01197305623515,5700.0,12566.34894426,141.1201003301134,311.1165655784536,0.8296441748758763,1581.7039823391606,3487.060380456061,34.03668610302116,366.36784009458853,0.6770410954869769,0.7605681300938812,0.2610694979449557,67.70410954869769,0.6248393663877782,0.2729095852835476,332.42947533240977,652.4727598711423,322.4565910724332,500.0,3523.5835467280017,1.328780399489915e-06,4452.099737529053,81.64146868249516,-4.813555762317456e-09,0.03061689676830844,4.813555762317456e-09,108,154.26311373710632,
375.0,300.0,fuel,True,True,high,high,272.3556114831829,272.3556114831829,0.7833833442490161,293.76875409338106,5700.0,12566.34894426,215.35561148318288,474.7778528073968,1.2660742741530582,1442.6326353203322,3180.460542774154,34.03668610359017,366.3678401007133,0.4688712681473014,0.6067455922080586,0.010000000791033017,46.88712681473014,0.4260009626014875,0.14401877158220505,545.9981395355601,652.472759882803,529.6181953494876,500.0,3588.419382694633,1.1063948477385566e-06,4452.099737029411,81.64146868181274,-3.643418205155624e-09,0.030616896770540736,3.643418205155624e-09,124,267.0476219654083,
375.0,450.0,fuel,True,True,upstream,upstream,156.53595584009702,156.53595584009702,0.5487779546195543,205.79173298233283,5700.0,12566.34894426,99.53595584009702,219.4392199275637,0.5851712531401698,1654.3386242427066,3647.192355122961,34.03668610309966,366.3678400954335,0.7724335876512489,0.8312063602070185,0.4801591521727146,77.2433587651249,0.7357189364561484,0.38505744596202796,234.37915241354145,652.4727596073,227.34777746870117,500.0,3492.533049694067,4.919165803585202e-07,4452.09974620064,81.64146868240101,-3.5102650092211363e-09,0.030616896727185167,2.055199967937425e-08,57,87.920166015625,
375.0,500.0,fuel,True,True,upstream,upstream,110.43304253544775,110.43304253544775,0.4566020305682279,171.22576146308546,5699.999999999995,12566.34894425999,53.4330425354478,117.79969432524985,0.31413251820066623,1736.7674831533327,3828.9168821664875,34.036686103018184,366.36784009455647,0.8779351614221637,0.9095507672843464,0.7216608972768039,87.79351614221636,0.8583263700997569,0.5763818991881807,125.80238561760163,652.472759871082,122.02831404913312,500.0,3456.2071042944185,3.702962203533389e-08,4452.099737531628,81.6414686824987,-5.2913590176117964e-11,0.03061689676829699,5.2913590176117964e-11,58,81.47817993164062,
375.0,450.0,fuel,True,True,high,high,156.53595642365033,156.53595642365033,0.5487779558617636,205.79173344816135,5700.0,12566.34894426,99.53595642365033,219.43922121407854,0.5851712565708761,1654.3386222199483,3647.192350663542,34.036686102995354,366.36784009431074,0.7724335840656467,0.8312063576435669,0.4801591575604543,77.24335840656467,0.7357189348966564,0.3850574440665536,234.37915481469767,652.4727598710873,227.34778016999692,500.0,3492.5330506411983,1.5767532204336021e-06,4452.099737535949,81.64146868252611,-2.5907673228964256e-09,0.030616896768281165,2.5907673228964256e-09,53,107.32895731925964,
375.0,400.0,fuel,True,True,high,high,198.1200996522457,198.1200996522457,0.6320319265785933,237.0119724669725,5700.0,12566.34894426,141.1200996522457,311.1165640840112,0.8296441708906965,1581.703984383993,3487.0603849641448,34.036686103236995,366.3678400969117,0.6770410998420602,0.7605681332199095,0.26106949098819804,67.70410998420601,0.6248393682092607,0.2729095868179393,332.4294715038365,652.4727598737217,322.4565881097328,500.0,3523.58354565496,6.807904355810024e-07,4452.099737400136,81.6414686822363,-6.449934086827369e-09,0.030616896768867478,1.9242267630942336e-08,94,274.9756908416748,
375.0,550.0,fuel,True,True,upstream,upstream,57.15261223112078,57.15261223112078,0.3498759130045068,131.20346737669007,5684.740740722217,12532.708036064289,0.30520482389860687,0.672861459049354,0.0017942972241316107,1833.7505287434499,4042.7278984055206,33.945567748942544,365.38705029396823,0.999,0.999,1.0,99.9,0.9991899648891038,0.9963984665119285,1.3896535457388963,650.7417109641797,1.3479630902361208,500.0000034456488,3397.092636911437,5.366769073589239e-07,4452.099736475794,81.64146868250478,1.236830360351604e-10,0.03061558119659644,8.025289722639475e-07,101,142.62716507911682,
375.0,550.0,fuel,True,True,high,high,57.15261223011212,57.15261223011212,0.3498759130061203,131.2034673772951,5684.740740621903,12532.708035843132,0.3052048238930948,0.6728614590372018,0.001794297224099205,1833.7505284982815,4042.727897865017,33.945567748342576,365.38705028751025,0.999,0.999,1.0,99.9,0.999189964889104,0.9963984665119323,1.3896537856715334,650.7417109166714,1.3479641721043634,500.0000027589474,3397.0926372204476,1.7478350855526514e-07,4452.099737668874,81.64146868250593,7.001954571705937e-12,0.030615581190933265,3.0562239056431853e-11,93,164.1360204219818,
375.0,600.0,fuel,True,True,upstream,upstream,52.88858136962075,52.88858136962075,0.3145083820462572,117.94064326734645,5260.575559555024,11597.583882283197,0.28282577407051424,0.6235240995439516,0.0016627309321172042,1558.6153933140215,3436.158754785796,31.412729656448178,338.12380796632897,0.9989999997802718,0.9989999998587725,0.9999999999150475,99.89999997802718,0.9991905021723133,0.9964006115955434,1.2844606674390349,602.6217035494957,1.2459268474356535,500.00000000000006,3248.084970526041,-1.303146746067796e-07,4452.0997375328725,81.64146868250533,1.705204311086561e-10,0.030580554625995866,1.4122628093111985e-07,93,143.14279437065125,
375.0,650.0,fuel,True,True,upstream,upstream,49.74933465976969,49.74933465976969,0.28847300522166447,108.17737695812419,4948.289539866031,10909.111058804965,0.2664392611093743,0.5873980223774036,0.001566394726339743,1355.8545054077706,2989.1475144914216,29.54796102021734,318.05160541805026,0.999,0.999,1.0,99.9,0.9991908570847404,0.996401907859618,1.2104694404152119,567.1075105840597,1.1741553617545017,500.0000014188338,3138.5762252066825,-2.1012965589761734e-08,4452.099737530126,81.64146868250589,-5.2735593669694936e-15,0.030543236269357878,2.1012965589761734e-08,103,165.9471471309662,
375.0,600.0,fuel,True,True,high,high,52.88858131557884,52.88858131557884,0.31450838195005976,117.94064323127242,5260.575560059219,11597.58388339476,0.2828257149866481,0.6235239692863237,0.0016627305847635298,1558.6153934604877,3436.158755108699,31.412729659457487,338.12380799872085,0.999,0.999,1.0,99.9,0.999190502341499,0.9964006123457143,1.2844606670775396,602.6217036120055,1.2459268475466645,500.0000023390116,3248.08497089629,-2.765864337561652e-08,4452.099737344774,81.6414686825072,8.828493491819245e-13,0.03058055462693036,2.765864337561652e-08,152,252.6861686706543,
375.0,650.0,fuel,True,True,high,high,49.74933467348007,49.74933467348007,0.28847300527225517,108.17737697709569,4948.289541229939,10909.111061811866,0.2664392611806846,0.5873980225346159,0.0015663947267589757,1355.8545057269632,2989.147515195121,29.547961028362376,318.0516055057227,0.999,0.999,1.0,99.9,0.999190857084739,0.9964019078596146,1.210469355148848,567.1075107248594,1.1741553635276978,500.000001238893,3138.5762255665413,1.4886782082612626e-06,4452.099738086452,81.64146868250496,-3.129338455032382e-11,0.030543236266948576,7.971172330740985e-08,120,237.42691659927368,
375.0,500.0,fuel,False,False,high,high,nan,nan,nan,nan,nan,nan,nan,nan,nan,nan,nan,nan,nan,nan,nan,nan,nan,nan,nan,nan,nan,nan,nan,nan,nan,nan,nan,nan,nan,nan,nan,478.0697762966156,"ValueError: 'analysis.v0v1.acmodel.propmodel.prop1.propmap' <class MetaModelStructuredComp>: Error interpolating output 'eta_prop':
Array must not contain infs or nans."
375.0,700.0,fuel,True,True,upstream,upstream,47.33818755316149,47.33818755316149,0.26847990483944467,100.67996431479176,4708.427877388701,10380.306611604887,0.2539087792744799,0.5597730386621415,0.0014927281030990439,1200.0457215418335,2645.6479449054295,28.115663456377717,302.63448275080896,0.999,0.999,1.0,99.9,0.9991910958501908,0.9964026498411296,1.153552130299006,539.7509134597864,1.118945566391088,500.0,3054.5358770675975,-1.0913936421275139e-11,4452.099737532869,81.64146868250545,-1.2795320358804929e-14,0.030502149468194264,1.0913936421275139e-11,90,126.67912077903748,
375.0,700.0,fuel,False,True,high,high,47.33818747031827,47.33818747031827,0.2684799039472447,100.67996398021675,4708.427865918784,10380.306586318049,0.2539088111304298,0.5597731088924891,0.001492728290379971,1200.0457164242873,2645.647933623172,28.115663387886723,302.63448201357807,0.9989999998679647,0.9989999999094602,0.9999999999487201,99.89999998679647,0.9991910957467334,0.9964026493827565,1.1535521628667076,539.7509070189041,1.118945563674061,500.0,3054.535870755802,-1.5969271771609783e-07,4452.099943634616,81.64146868250565,-1.8469855089797704e-09,0.0305021484998362,1.5969271771609783e-07,69,151.80446934700012,
375.0,750.0,fuel,False,False,upstream,upstream,nan,nan,nan,nan,nan,nan,nan,nan,nan,nan,nan,nan,nan,nan,nan,nan,nan,nan,nan,nan,nan,nan,nan,nan,nan,nan,nan,nan,nan,nan,nan,117.96894001960754,"ValueError: 'analysis.climb.acmodel.propmodel.prop1.propmap' <class MetaModelStructuredComp>: Error interpolating output 'eta_prop':
Array must not contain infs or nans."
375.0,750.0,fuel,True,True,high,high,45.75156270114796,45.75156270114796,0.2545232853849937,95.44623201937264,4550.587275886077,10032.327650893683,0.24568994228719057,0.5416536047150767,0.001444409612573538,1083.9109006004826,2389.614491479435,27.17314222696717,292.48926867158673,0.999,0.999,1.0,99.9,0.999191233179383,0.9964030571532742,1.116050304588896,521.7487197626137,1.0825688246503407,677.578123663994,3012.8383153357922,1.6566900740144774e-08,4452.09973753598,81.64146868250141,-2.7572388816565763e-13,0.030475864447507568,2.6693575747798975e-08,65,137.94889044761658,
375.0,800.0,fuel,True,True,upstream,upstream,43.876549175366165,43.876549175366165,0.23978554951188577,89.91958106695716,4364.054521498709,9621.093320864627,0.23600396037907995,0.5202996698861105,0.0013874657863629613,976.2208140169857,2152.198490453857,26.059290155208195,280.4998647537066,0.999,0.999,1.0,99.9,0.999191371956948,0.996403480398826,1.0716768429456267,500.49741197990977,1.0395268644179891,500.00000789197924,2934.0053332458606,6.073364602343645e-07,4452.099737534115,81.64146868250481,2.2027657475831575e-12,0.03045069353318889,3.152136977044112e-07,84,125.67228174209595,
425.0,250.0,fuel,True,True,upstream,upstream,324.8341901138875,324.8341901138875,0.7022151406294316,298.44143476750844,4000.0000000000105,8818.490487200022,284.83419011388736,627.951898987158,1.4775338799697835,192.88659750711577,425.24215630621893,23.885393756514347,257.10023866295813,0.001,0.1839446873494014,0.01,0.1,0.05352970672786019,0.013975637662986765,803.7187698013549,459.11128371517725,779.607206707321,500.0,3068.686842397078,-3.9839846976974513e-08,4452.099737528535,81.64146868248115,1.0025830131377145e-09,0.030427799454544692,3.9839846976974513e-08,74,139.2383418083191,
425.0,250.0,fuel,True,True,high,high,324.8341900954376,324.8341900954376,0.7022151405941859,298.441434752529,4000.000000000354,8818.49048720078,284.83419009543405,627.9518989464755,1.4775338798740598,192.88659751437848,425.24215632223047,23.885393756502076,257.10023866282603,0.0010000000004591568,0.18394468757388555,0.01,0.10000000004591568,0.05352970679075973,0.013975637678277301,803.7187697928518,459.1112837153133,779.6072066994154,500.0000000002017,3068.6868423945107,-8.751385394134559e-09,4452.099737528096,81.64146868250562,-4.570403083770103e-12,0.030427799454550656,8.751385394134559e-09,55,110.7253577709198,
425.0,300.0,fuel,True,True,upstream,upstream,318.1536536191754,318.1536536191754,0.6867455167523928,291.866844619767,4000.0,8818.4904872,278.1536536191754,613.2238371051554,1.442879616718013,221.65691923815945,488.66985843094193,23.88539375649479,257.10023866274764,0.0032070075781959195,0.26126994777717394,0.010000000049674043,0.32070075781959195,0.0763288681483643,0.019622093463824333,727.5624578458114,459.11128371517674,705.7355841104267,500.0,3046.5970571065236,7.967696546984371e-08,4452.099737534436,81.64146868251446,-1.45946119425866e-09,0.030427799454523796,1.45946119425866e-09,73,128.99590253829956,
425.0,350.0,fuel,True,True,upstream,upstream,299.57741875748326,299.57741875748326,0.7459027002961647,317.00864762587,5700.0,12566.34894426,242.57741875748326,534.7916649305993,1.2583333292484689,1415.0997837238508,3119.760995301889,34.03668610297269,366.36784009406676,0.46785110242428285,0.6059927322128869,0.010000000825926909,46.78511024242829,0.43046308995201427,0.1459838661448374,547.0434175407667,652.4727598710803,530.6321150145553,500.0,3588.730426657588,1.8983519112225622e-06,4452.099737540949,81.6414686825533,-4.674497821807733e-09,0.030616896768263638,4.674497821807733e-09,79,140.7355546951294,
375.0,800.0,fuel,False,False,high,high,nan,nan,nan,nan,nan,nan,nan,nan,nan,nan,nan,nan,nan,nan,nan,nan,nan,nan,nan,nan,nan,nan,nan,nan,nan,nan,nan,nan,nan,nan,nan,289.36134481430054,"RuntimeError: Jacobian in '' is not full rank. The following set of states/residuals contains one or more equations that is a linear combination of the others: 
 'climb.fltcond|TempIncrement' ('_auto_ivc.v1') index 0.
 'climb.fltcond|TempIn"
425.0,300.0,fuel,True,True,high,high,318.15365322639735,318.15365322639735,0.6867455160032893,291.866844301398,4000.0,8818.4904872,278.15365322639735,613.2238362392281,1.4428796146805367,221.65691924733784,488.6698584511768,23.88539375655932,257.1002386634422,0.0032070093597762915,0.2612699486619016,0.010000000588668019,0.32070093597762916,0.07632886947143248,0.019622093797669722,727.5624578463244,459.11128371743456,705.7355841110872,500.0,3046.597057109275,9.193040568789002e-07,4452.099737406568,81.64146868240417,-1.7360240110037006e-08,0.030427799455092056,1.7360240110037006e-08,110,238.25065326690674,
425.0,400.0,fuel,True,True,high,high,263.0032241584595,263.0032241584595,0.6796888724758217,288.86777080222424,5700.0,12566.34894426,206.0032241584595,454.15936814347606,1.0686102779846496,1485.4287647161839,3274.809857765729,34.03668610302227,366.3678400946004,0.5774694902206778,0.6869426258874635,0.029931481423219105,57.74694902206778,0.5170509415726258,0.19450641728393994,434.65181915882295,652.4727598691245,421.6122645840369,500.0,3554.975640910435,4.7382218326674774e-07,4452.099737595143,81.64146868249384,-2.5262553923766085e-09,0.03061689676799432,2.5262553923766085e-09,63,121.20617985725403,
425.0,400.0,fuel,True,True,upstream,upstream,263.00322474290004,263.00322474290004,0.679688873555549,288.8677712611083,5700.0,12566.34894426,206.00322474290004,454.1593694319469,1.0686102810163456,1485.428764258087,3274.809856755798,34.03668610302482,366.36784009462787,0.5774694885580907,0.6869426249576607,0.029931480216697587,57.746948855809066,0.5170509401927035,0.19450641642380323,434.65181931857785,652.4727598711929,421.6122647391071,500.0,3554.975640959923,8.617871571914293e-08,4452.099737526652,81.64146868249078,-1.8170592981647804e-10,0.030616896768319014,1.8170592981647804e-10,91,133.06756973266602,
425.0,350.0,fuel,True,True,high,high,299.5774204275635,299.5774204275635,0.7459027034857176,317.00864898143004,5699.99999999791,12566.348944255393,242.57742042758437,534.7916686125419,1.2583333379118633,1415.0997837227949,3119.760995299561,34.03668610304083,366.3678400948002,0.4678510969234984,0.605992729453616,0.01,46.78510969234984,0.43046308600066574,0.1459838641528211,547.0434175405047,652.4727598708115,530.6321150142888,500.00000000090444,3588.730426658878,-1.7887132344185375e-06,4452.09973752469,81.6414686824566,4.4179218096351835e-09,0.03061689676831697,1.7887132344185375e-06,130,312.5531077384949,
