design_range_nm,spec_energy_whkg,objective,converged,feasible,start_name,starts_tried,objective_value,mixed_objective_kg,doc_per_nmi,trip_doc_usd,MTOW_kg,MTOW_lb,fuel_burn_kg,fuel_burn_lb,fuel_mileage_lb_per_nmi,W_battery_kg,W_battery_lb,S_ref_m2,S_ref_ft2,cruise_hybridization,climb_hybridization,descent_hybridization,electric_percent,electric_energy_frac,battery_energy_frac,engine_rating_hp,motor_rating_hp,generator_rating_hp,W_fuel_max_kg,OEW_kg,MTOW_margin_lb,rotate_range_ft,Vstall_kn,SOC_final,engineoutclimb_gamma,max_constraint_violation,n_iter,wall_time_s,error
300.0,250.0,cost,True,True,high,"fig5=OK(0.72509),high=OK(0.72509)",0.725086670198777,223.04346219325055,0.725086670198777,217.5260010596331,4000.0,8818.4904872,183.04346219325055,403.5417575238332,1.3451391917461106,325.7590460417643,718.1757621596613,23.885393756499973,257.1002386628034,0.045698103384621845,0.29258412751238694,0.01,4.569810338462185,0.1351650443214391,0.03591147396753666,696.7216634803128,459.1112837151062,675.820013575928,500.0,3037.6051217654635,-1.0560370355960913e-09,4452.099737535916,81.6414686825056,1.5783537671287817e-11,0.03042779945451387,1.0560370355960913e-09,100.0,280.352175951004,
300.0,300.0,cost,True,True,fig5,"fig5=OK(0.70182),high=OK(0.70568)",0.7018249755779731,214.60920074882506,0.7018249755779731,210.5474926733919,4000.0,8818.4904872,174.60920074882506,384.9473939452772,1.2831579798175907,347.2626733226037,765.5831453137555,23.885393754459365,257.1002386408385,0.10717179698001066,0.337914951118716,0.010000000471625055,10.717179698001065,0.1754877118899419,0.047574819442875366,652.0761188763832,459.11128367099434,632.5138353141859,500.0,3024.5357556603385,5.913509539823281e-07,4452.099740267873,81.64146868599305,-1.5801355016109575e-10,0.030427799442570073,6.143314998922547e-10,77.0,247.6494584083557,
300.0,350.0,cost,True,True,fig5,"fig5=OK(0.62581),high=OK(0.62581)",0.6258068057032471,139.92104369053666,0.6258068057032471,187.74204171097412,5700.0,12566.34894426,82.92104369053666,182.8096087434233,0.6093653624780777,1670.1361776564625,3682.019998748021,34.03668610576871,366.36784012416285,0.7699725746745432,0.8293769659236452,0.47530004190865976,76.99725746745432,0.7234577991141086,0.37114291351872813,236.91018077516335,652.4727599234093,229.80287540835695,500.0,3493.3504090553065,-8.869315024639945e-07,4452.099735250109,81.64146867919999,-3.222574984640403e-11,0.03061689677845722,8.869315024639945e-07,2.0,168.82797527313232,
300.0,400.0,cost,True,True,high,"fig5=OK(0.51401),high=OK(0.51401)",0.5140091661786523,95.92263800857997,0.5140091661786523,154.2027498535957,5700.0,12566.34894426,38.922638008579966,85.8097282538479,0.2860324275128263,1756.435144538517,3872.2766533741674,34.03668610301809,366.36784009455545,0.8921091554798629,0.9200643104702275,0.7542146791771938,89.21091554798629,0.8703697749676803,0.6017850796337936,111.20428598349889,652.4727598711817,107.86815740423604,500.0,3451.049847463421,-2.3187567421700805e-08,4452.099737528226,81.64146868249884,-3.882841270730353e-11,0.030616896768312397,2.3187567421700805e-08,120.0,224.09624671936035,
300.0,450.0,cost,True,True,fig5,"fig5=OK(0.4014),high=OK(0.40575)",0.4013969921657615,55.70715061662134,0.4013969921657615,120.41909764972846,5548.428709157613,12232.191447653448,0.22286352504520524,0.49132996888875036,0.0016377665629625012,1745.4492987799163,3848.0570092951507,33.131601112029585,356.6255863320467,0.9989999999999999,0.999,1.0,99.89999999999999,0.9992389299274331,0.9966223408862422,1.3552871379273312,635.2809798891523,1.3146285313126964,500.0000004732035,3349.164176853068,-9.181349014397711e-10,4452.099737533877,81.64146868249946,-4.618527782440651e-14,0.030604430795778795,5.72928123880231e-09,2.0,167.8789882659912,
300.0,500.0,cost,True,True,high,"fig5=OK(0.35447),high=OK(0.35447)",0.35447122761697974,51.01502690809728,0.35447122761697974,106.34136828509392,5081.059826649549,11201.819436550782,0.20442864160179466,0.45068800781916113,0.0015022933593972039,1442.1427833676264,3179.380604077886,30.340778664964688,326.5854235228975,0.9989999999870587,0.998999999985782,0.9999999999914461,99.89999999870587,0.9992396330495983,0.9966250973362384,1.241941397697791,582.2220006163947,1.2046831557705344,500.0,3185.120244643654,-7.34871719032526e-09,4452.099737532824,81.64146868250533,1.2460449339002366e-11,0.030561455680437947,1.4222401720559811e-08,124.0,290.3501994609833,
300.0,550.0,cost,True,True,fig5,"fig5=OK(0.32153),high=OK(0.32153)",0.3215270899264601,47.721213883160075,0.3215270899264601,96.45812697793804,4752.965405442413,10478.495053471152,0.19155982873595023,0.4223171318594096,0.0014077237728646987,1229.046250428152,2709.583166932372,28.38161255496186,305.49713502337335,0.998999999960725,0.9989999999559609,0.9999999999739302,99.8999999960725,0.9992400699686217,0.9966265681607295,1.164126871681701,544.8320950335238,1.1292030510852922,500.0,3070.1352254399226,-5.608508217846975e-07,4452.099737350633,81.6414686825657,-1.6519755008381765e-10,0.030509983773178168,5.608508217846975e-07,2.0,151.79720497131348,
300.0,600.0,cost,True,True,fig5,"fig5=OK(0.29712),high=OK(0.29712)",0.2971181826823993,45.28058931593476,0.2971181826823993,89.13545480471979,4509.852484962898,9942.52280933015,0.18206446630577333,0.40138344104365176,0.0013379448034788392,1071.0616669361561,2361.286780270267,26.92990059676738,289.87103755450175,0.999,0.999,1.0,99.9,0.9992403510277861,0.9966274510199513,1.1063653821261907,517.1053138794182,1.0731744152384843,500.000000200839,2985.0163835803532,-4.390994945424609e-08,4452.099737537141,81.64146868250529,2.6252056084530295e-12,0.030469710601450716,4.390994945424609e-08,2.0,129.00332760810852,
300.0,650.0,cost,True,True,high,"fig5=OK(0.2783),high=OK(0.2783)",0.2783040433754284,43.39914313249803,0.2783040433754284,83.49121301262852,4322.437554850465,9529.343614741214,0.17476758399338904,0.38529656922915706,0.0012843218974305235,949.2215308559888,2092.6752600247396,25.810780746371712,277.8249317392812,0.998999999999883,0.9989999999998648,0.9999999999999275,99.8999999999883,0.9992405369765904,0.9966280664037863,1.0617685698503765,495.7605395166866,1.029915517108052,500.0,2919.448886410096,8.531060302630067e-10,4452.099737532499,81.64146868250538,2.868261184119092e-13,0.030446255742195935,3.570499660951133e-09,113.0,326.5711615085602,
300.0,700.0,cost,True,True,fig5,"fig5=OK(0.26335),high=OK(0.26715)",0.2633521347615145,41.90372965962883,0.2633521347615145,79.00564042845434,4173.474817769721,9200.93699476776,0.16898148193161827,0.3725403977317336,0.0012418013257724453,852.3541646971446,1879.119273276768,24.921272338817914,268.250342925462,0.999,0.999,1.0,99.9,0.9992406628460143,0.9966285225917804,1.0262742754362653,478.8202710973336,1.0,500.00000548682175,2867.3593011115245,1.056278961186763e-06,4452.099737449409,81.6414686825036,4.60304017124713e-12,0.030434567302515137,2.7444191847883803e-07,2.0,282.9909408092499,
300.0,750.0,cost,True,True,high,"fig5=OK(0.25118),high=OK(0.25118)",0.25117998624598936,40.68618742375713,0.25117998624598936,75.3539958737968,4052.1908511863617,8933.55161837645,0.16427891189351987,0.36217300544514297,0.00120724335148381,773.4701725467819,1705.2098396841848,24.197043514268376,260.4548087368118,0.9989999999969447,0.9989999999966676,0.9999999999979767,99.89999999969447,0.9992407494447035,0.9966288630255444,1.0000000000000044,465.0402563267774,1.0000000000000027,500.0,2824.964029728318,-1.3935732567915693e-09,4452.099737532783,81.64146868250539,2.931543896522726e-12,0.03042933911919556,1.3935732567915693e-09,159.0,535.870763540268,
300.0,800.0,cost,True,True,fig5,"fig5=OK(0.24388),high=FAIL(0.2586)",0.24388227517255792,40.16225749086746,0.24388227517255792,73.16468255176737,4000.0,8818.4904872,0.16225749086745905,0.3577165349229071,0.0011923884497430238,716.2338605817115,1579.0253715375884,23.885393756500086,257.10023866280466,0.999,0.999,1.0,99.9,0.9992407820285676,0.9966289950300551,1.0000000000008376,459.1112837151758,1.0,687.8353517342523,2820.9110409150167,20.063104263424748,4452.099737532807,81.6414686825054,2.192690473634684e-15,0.030427799454529312,1.6917684184764287e-16,10.0,8144.426956653595,
325.0,250.0,cost,True,True,high,"fig5=OK(0.71832),high=OK(0.71832)",0.7183199988058743,243.28328699075507,0.7183199988058743,233.45399961190915,4000.0,8818.4904872,203.28328699075507,448.16293313368027,1.3789628711805546,301.3065345430786,664.2672021498342,23.88539375650003,257.10023866280403,0.025810484303815336,0.2779258613153311,0.01000000000147081,2.5810484303815335,0.11458535653556987,0.030089340049998695,711.1583364610685,459.11128371517344,689.8235710477936,500.0,3041.817808470273,-9.054815564013552e-09,4452.099737532857,81.6414686825055,-2.5696000882646786e-11,0.03042779945452871,2.2204374956385167e-08,77.0,161.68432712554932,
325.0,300.0,cost,True,True,high,"fig5=FAIL,high=OK(0.69937)",0.6993736405393421,235.6984167628081,0.6993736405393421,227.2964331752862,4000.0,8818.4904872,195.6984167628081,431.4411566457311,1.3275112512176341,319.2782164440434,703.8879786204948,23.885393756495837,257.1002386627589,0.07478228383026274,0.31402683657424246,0.010000000008499224,7.4782283830262735,0.14803772552003813,0.039363731060575176,675.6031100280078,459.11128371529105,655.3350167263096,500.0,3031.4309954328924,2.998850050062174e-06,4452.099737528493,81.64146868251267,-9.129401921936786e-11,0.030427799454550205,9.129401921936786e-11,96.0,207.0458381175995,
325.0,350.0,cost,True,True,high,"fig5=OK(0.65939),high=OK(0.65615)",0.6561483601825362,191.57199061310098,0.6561483601825362,213.24821705932428,5021.488883999164,11070.487988781792,141.35710177310935,311.6390643210818,0.9588894286802516,1126.8773786537693,2484.339360974784,29.985059809594464,322.75649763015787,0.5842631985224838,0.6921232241611622,0.056431356884120536,58.426319852248376,0.5076976985811171,0.18936031911512374,378.01831240658925,575.4439863174276,366.67776288594314,500.00000042240526,3299.662033785928,-4.7100320443860255e-07,4452.099737778192,81.64146868244767,-2.3371499527358175e-10,0.030553845461972137,4.7100320443860255e-07,61.0,130.40108180046082,
325.0,400.0,cost,True,True,fig5,"fig5=OK(0.56233),high=OK(0.56233)",0.5623340944188608,130.95286658440978,0.5623340944188608,182.75858068612976,5700.0,12566.34894426,73.95286658440978,163.0381626189471,0.5016558849813757,1692.037084585951,3730.303233602708,34.03668610321397,366.3678400966638,0.8085243696284371,0.8580246432470928,0.5632329584518634,80.85243696284371,0.7728700764625556,0.4338165252168228,197.25255923975791,652.4727598747353,191.3349825444779,500.0,3480.417678797613,7.060543794068508e-08,4452.099737371624,81.64146868226392,-2.4898133554884794e-09,0.030616896769008944,1.3607492725075355e-08,2.0,167.83367013931274,
325.0,450.0,cost,True,True,high,"fig5=OK(0.45379),high=OK(0.45379)",0.4537939249547948,84.33831410726884,0.4537939249547948,147.48302561030832,5700.0,12566.34894426,27.338314107268836,60.27066572275895,0.18544820222387368,1782.1061655638798,3928.8715670513857,34.0366861030221,366.3678400945986,0.9292740108815202,0.9476179220098473,0.8389185168403777,92.92740108815202,0.9161566970669346,0.7106386976530739,72.91506902014304,652.4727598700763,70.72761694816062,500.0,3436.9631500789346,5.509727998287417e-07,4452.099737563816,81.64146868249404,-3.9242178950793516e-10,0.03061689676814271,3.9242178950793516e-10,94.0,180.8236997127533,
325.0,500.0,cost,True,True,high,"fig5=OK(0.36606),high=OK(0.36606)",0.3660557645957526,54.53853561213002,0.3660557645957526,118.9681234936196,5429.584999389225,11970.185916639426,0.24268561823776225,0.5350302039524893,0.001646246781392275,1668.3378156160882,3678.0552891116254,32.421943911199484,348.98689979573845,0.999,0.999,1.0,99.9,0.9992202775480601,0.9965370243669285,1.3253552267973954,621.801663684922,1.2855945699938565,500.0,3307.4121281548983,1.3642420526593924e-12,4452.099737532805,81.64146868250539,2.0261570199409107e-15,0.030595038520176452,0.0,116.0,277.9538173675537,
325.0,550.0,cost,True,True,fig5,"fig5=OK(0.32836),high=OK(0.32836)",0.32835552376174837,50.504145633729394,0.32835552376174837,106.71554522256822,5027.904947015894,11084.632986451372,0.22509616357044854,0.4962520942878039,0.0015269295208855506,1407.6032852997362,3103.234045291798,30.02337235743228,323.16889046292005,0.999,0.999,1.0,99.9,0.9992208254403282,0.9965391287552926,1.229344189743126,576.1742399756412,1.1924638640511018,500.0,3166.4841955525853,3.637978807091713e-12,4452.099737532812,81.64146868250548,5.551115123125783e-16,0.030554701046556276,2.1647128534094442e-12,3.0,209.69234108924866,
325.0,600.0,cost,True,True,high,"fig5=OK(0.30092),high=OK(0.30092)",0.3009157031442104,47.567650745622714,0.3009157031442104,97.79760352186838,4735.52915680228,10440.054705279787,0.21235917759990863,0.4681718468836024,0.0014405287596418535,1217.6965863710257,2684.5614408022007,28.2774946389023,304.3764191021338,0.999,0.999,1.0,99.9,0.9992211764887464,0.9965402755920647,1.1599872498314168,542.8428177948338,1.1251876323295835,500.0,3064.027840792555,1.0165508683712687e-06,4452.099737554586,81.64146868250543,-1.7625896298056887e-09,0.030506908180698913,1.7625896298056887e-09,105.0,203.10051774978638,
325.0,650.0,cost,True,True,fig5,"fig5=OK(0.28005),high=OK(0.28381)",0.2800462684645656,45.33398112543104,0.2800462684645656,91.01503725098382,4513.1272169440135,9949.742357536048,0.20270895599089872,0.446896750018996,0.0013750669231353723,1073.16971637312,2365.93423374687,26.949455162471242,290.0815211479758,0.9989999999999998,0.999,1.0,99.89999999999998,0.9992214073578788,0.9965409862253855,1.1071440766653162,517.4785559701747,1.0739297538566892,500.0,2986.1624216148994,6.366462912410498e-12,4452.099737532903,81.64146868250546,-5.412337245047638e-15,0.030470193219395047,4.783593519007594e-10,2.0,195.14189839363098,
325.0,700.0,cost,True,True,high,"fig5=OK(0.26364),high=OK(0.26364)",0.2636350617101497,43.577193110369144,0.2636350617101497,85.68139505579866,4338.205127770424,9564.105162691436,0.19514183266490484,0.4302140987525594,0.0013237356884694136,959.4538797641549,2115.233727901833,25.904934418316117,278.83839342949506,0.999,0.999,1.0,99.9,0.9992215625285499,0.9965414857157738,1.0655230597961738,497.5550101334914,1.0335573764965078,500.0,2924.963736172924,1.4997567632235587e-09,4452.099737532612,81.64146868250535,1.0255685189974884e-13,0.030447880781759806,6.342133666870807e-09,108.0,268.70949506759644,
325.0,750.0,cost,True,True,high,"fig5=OK(0.25039),high=OK(0.25039)",0.2503856576937756,42.158648118453215,0.2503856576937756,81.37533875047706,4196.96024656567,9252.713502373981,0.18904565279651475,0.41677432270814485,0.0012823825314096766,867.6087812727831,1912.7499460663057,25.06151201739968,269.7598702625843,0.999,0.999,1.0,99.9,0.9992216685559112,0.9965418566500877,1.0318734568427672,481.4895741930634,1.0009172531393569,500.0,2875.5700496400887,4.092726157978177e-12,4452.0997375329,81.6414686825054,-1.942890293094024e-16,0.03043596297440352,3.148814542431954e-12,108.0,266.06718468666077,
325.0,800.0,cost,True,True,fig5,fig5=OK(0.23946),0.2394611843328582,40.9888630098,0.2394611843328582,77.82488490817892,4080.4835544155244,8995.926351947337,0.184027465644755,0.4057111137929492,0.00124834188859369,791.8559911583574,1745.7436313155754,24.365989103534442,262.27332392497,0.998999999735991,0.9989999997524617,0.999999999858403,99.8999999735991,0.9992217415225904,0.9965421346957413,1.004094439364738,468.25437787875194,1.0000000010666377,500.0,2834.8511660078757,-4.769765382661717e-07,4452.0997375313755,81.64146868250543,2.3238461155372647e-10,0.03043031632052582,4.769765382661717e-07,2.0,3.7368197441101074,
350.0,250.0,cost,True,True,high,"fig5=OK(0.71199),high=OK(0.71199)",0.7119918753228183,263.38700284148507,0.7119918753228183,249.1971563629864,4000.000000530681,8818.490488369951,223.38700283617828,492.4840398687394,1.4070972567678268,277.9925317857685,612.8686242663608,23.885393759668705,257.1002386969114,0.01063218810068938,0.26674089104014903,0.01,1.063218810068938,0.09743274797193034,0.025385296532476946,722.1742204300176,459.1112837755202,700.5089938377838,500.00000058549824,3045.028095868298,8.91469653652166e-08,4452.099737530085,81.64146868250585,-9.27172682380073e-10,0.03042779945455582,9.27172682380073e-10,87.0,160.02019715309143,
350.0,300.0,cost,True,True,high,"high=OK(0.69635),fig5=FAIL",0.6963532146145042,256.5399953986089,0.6963532146145042,243.72362511507646,4000.0145155436344,8818.522488495864,216.5398502431725,477.38865236728236,1.3639675781922354,293.2531808081815,646.5125963245226,23.88548043386909,257.10117165023973,0.05032793088669551,0.29599713305688635,0.01,5.032793088669551,0.12546948803216745,0.032895288404627604,693.3626935212517,459.1129327517288,672.561812715572,500.0,3036.6291144929587,-1.4955503502278589e-09,4452.099737532374,81.64146868250509,3.1415661738698475e-11,0.03042779984561587,1.4955503502278589e-09,54.0,121.82197880744934,
350.0,350.0,cost,True,True,fig5,"fig5=OK(0.67672),high=OK(0.6768)",0.6767176452285586,215.46420772690524,0.6767176452285586,236.8511758299955,5201.996389314516,11468.438918404701,163.44424383376008,360.33287735890264,1.0295225067397218,1212.2394387519216,2672.530489710622,31.062933019662257,334.35862830389897,0.5641230738947565,0.6772613487999192,0.010000000000578458,56.41230738947564,0.489805736710174,0.17853046864357724,410.0684365751939,595.9686996744509,397.7663818819146,500.0,3372.7203363617823,8.092110874713399e-07,4452.099733983605,81.64146868251194,-3.833898191713675e-08,0.03057486417437074,3.833898191713675e-08,30.0,105.66676163673401,
350.0,400.0,cost,True,True,fig5,"fig5=OK(0.60074),high=OK(0.60074)",0.6007445597616227,164.90111246111817,0.6007445597616227,210.26059591656792,5700.0,12566.34894426,107.90111246111817,237.881233449167,0.6796606669976201,1634.5818097683114,3603.6360349980037,34.0366861029825,366.3678400941724,0.7378689850813615,0.8055903477407689,0.40119139988915903,73.78689850813615,0.692500362405751,0.336567162438432,269.92020264649346,652.4727598710697,261.82259656681606,500.0,3503.9247068365676,2.0591241991496645e-06,4452.099737539226,81.64146868254153,-3.848463339672925e-09,0.030616896768269043,3.848463339672925e-09,2.0,158.12891745567322,
350.0,450.0,cost,True,True,fig5,"fig5=OK(0.5065),high=OK(0.5065)",0.5064977787781327,121.14657850858381,0.5064977787781327,177.27422257234645,5699.999999999996,12566.348944259991,64.14657850858386,141.41899809109367,0.40405428026026763,1714.1384926020874,3779.0284976887137,34.036686103013906,366.3678400945104,0.8442960540608628,0.8845877085516993,0.6448713219808376,84.42960540608628,0.8174359306484137,0.501680288017926,160.43762772554368,652.4727598710726,155.6244988938477,500.0,3468.122558616802,6.00809926254442e-07,4452.0997375326415,81.64146868250383,-9.529618483217206e-10,0.030616896768292403,9.529618483217206e-10,2.0,123.10947942733765,
350.0,500.0,cost,True,True,fig5,"fig5=OK(0.3997),high=OK(0.3997)",0.3997004091331803,71.40354482249637,0.3997004091331803,139.8951431966131,5700.0,12566.34894426,14.403544822496368,31.75438074978576,0.09072680214224503,1809.9844292476741,3990.332617825184,34.03668610301291,366.3678400944997,0.9650684157046779,0.9741372153825647,0.9204724683637178,96.5068415704678,0.9590692634613847,0.8402629331715755,36.02086774638153,652.4727598710809,34.94024171401302,500.0,3422.0196555643092,8.058354978857096e-07,4452.099737532731,81.64146868250506,-1.089432322132211e-09,0.03061689676829287,1.089432322132211e-09,2.0,212.22596716880798,
350.0,550.0,cost,True,True,fig5,"fig5=OK(0.33774),high=OK(0.33774)",0.3377384043066393,53.623411358000794,0.3377384043066393,118.20844150732376,5336.072093606589,11764.025249120774,0.2626904219349077,0.5791332467278845,0.001654666419222527,1607.637348378321,3544.2336658854138,31.863545767217662,342.97635219706115,0.999,0.999,1.0,99.9,0.9992043151510049,0.9964639288209421,1.3023320715187046,611.1917054713152,1.2632621509226616,500.00000037854636,3274.579684804584,3.856712282868102e-09,4452.099737529686,81.64146868250364,1.4687084881614965e-11,0.030587306553440195,3.2909744290237195e-08,2.0,198.38338661193848,
350.0,600.0,cost,True,True,fig5,"fig5=OK(0.30671),high=OK(0.30671)",0.3067121079317167,50.09036924231632,0.3067121079317167,107.34923777610085,4984.460270105847,10988.853868938688,0.24576654125785477,0.5418224765386097,0.001548064218681742,1379.3673457892537,3040.984454299212,29.763949053777292,320.3764812623709,0.999,0.999,1.0,99.9,0.9992047518299391,0.9964655664795036,1.2190455977037347,571.2283566875801,1.1824742297675344,500.0,3151.254787775337,-3.637978807091713e-12,4452.099737532835,81.64146868250532,-9.103828801926284e-15,0.03054872252823176,2.1632473589748286e-11,2.0,440.6445634365082,
350.0,650.0,cost,True,True,high,"fig5=OK(0.28346),high=OK(0.28346)",0.2834580028385876,47.44204565151681,0.2834580028385876,99.21030099350565,4720.890483734356,10407.781955481107,0.23314081417324414,0.5139875129912042,0.0014685357514034405,1208.1643070250939,2663.546362118843,28.190082021327306,303.4355175172665,0.999,0.999,1.0,99.9,0.9992050390843689,0.9964664796280672,1.1565114790947757,541.1727236096515,1.1218161326905933,500.00000001785673,3058.9006661869053,-6.433447197196074e-07,4452.099738711184,81.64146868250542,-5.203855124591428e-10,0.030504333485926117,6.433447197196074e-07,67.0,107.18591403961182,
350.0,700.0,cost,True,True,high,"fig5=OK(0.26538),high=OK(0.26538)",0.26537968353204444,45.382783307713055,0.26537968353204444,92.88288923621556,4515.942344683983,9955.948651834842,0.2233598608732244,0.49242420208321125,0.0014069262916663178,1074.9789892501383,2369.922997660554,26.966265271107254,290.26246365142896,0.999,0.999,1.0,99.9,0.999205231846329,0.9964670619915628,1.1078134660731311,517.7994209833001,1.0745790559113113,500.00000009220275,2987.1476255493017,5.218180376687087e-08,4452.0997376766545,81.64146868250545,-1.773331481658147e-11,0.030470609846202118,5.741861397794634e-09,135.0,377.9387118816376,
350.0,750.0,cost,True,True,fig5,"high=FAIL,fig5=OK(0.25092)",0.25091754164837254,43.735114516461046,0.25091754164837254,87.82113957693039,4351.955816053184,9594.42024114493,0.2155563559291988,0.47522041855428426,0.0013577726244408121,968.3745249449738,2134.9003840685177,25.98704456933024,279.7222197393136,0.9989999999856385,0.999,1.0,99.89999999856384,0.9992053633490066,0.9964674745767038,1.068796931464105,499.12014924398665,1.0367330227335256,500.0,2929.773364774529,-4.9048594519263133e-08,4452.099738363533,81.6414686825054,-4.383871043955878e-11,0.030449354353965567,4.9048594519263133e-08,2.0,95.76638674736023,
350.0,800.0,cost,True,True,high,"fig5=OK(0.23908),high=OK(0.23908)",0.2390804589811559,42.3862790872216,0.2390804589811559,83.67816064340457,4217.709669046617,9298.458148564763,0.20918239675542755,0.4611682439693585,0.0013176235541981671,881.0829750136865,1942.4554583980173,25.185414048944015,271.09354063057583,0.999,0.999,1.0,99.9,0.9992054541183468,0.9964677815524597,1.0368191704188245,483.84831993766323,1.005714595279866,500.0000000371063,2882.8251416361795,-1.0686562745831907e-11,4452.099737535804,81.64146868250542,-1.2462253451417382e-14,0.030437327758328258,2.816902266920583e-11,167.0,457.1094927787781,
375.0,250.0,cost,True,True,high,"fig5=OK(0.70684),high=OK(0.70681)",0.7068142707650492,283.5432926261575,0.7068142707650492,265.05535153689345,4000.0,8818.4904872,243.5432926261575,536.9210523112839,1.4317894728300904,253.70620749543176,559.3264443355135,23.885393756500918,257.1002386628136,0.001,0.2523332518148683,0.01,0.1,0.08226260102398561,0.02133838413638031,736.3640551123767,459.1112837151726,714.273133446862,500.0,3049.1581298797023,-2.8481963454396464e-09,4452.099737532624,81.64146868250398,5.539360983797259e-11,0.03042779945452951,2.8481963454396464e-09,74.0,143.3680431842804,
375.0,300.0,cost,True,True,fig5,"fig5=OK(0.69313),high=FAIL(-7.2405e+40)",0.693133993262792,277.2042616523378,0.693133993262792,259.925247473547,4000.000000000004,8818.49048720001,237.20426165233772,522.94588122611,1.3945223499362933,268.5253161797483,591.9969865758707,23.88539375650011,257.1002386628049,0.031194543244784267,0.28189387546849326,0.01,3.1194543244784265,0.1065086645374819,0.02764662830172526,707.2503079155674,459.1112837151766,686.0327945582524,500.0,3040.678052167556,7.973994797794148e-10,4452.099737532833,81.64146868250539,-1.1885561979063652e-12,0.030427799454529364,6.005318428666331e-09,55.0,297.8351221084595,
375.0,350.0,cost,True,True,fig5,"high=OK(0.67871),fig5=OK(0.67871)",0.6787128740069353,270.35253738727323,0.6787128740069353,254.51732775260072,4000.0000000043765,8818.490487209649,230.3525373872295,507.8404149129164,1.3542411064344437,283.015480328012,623.9423302507282,23.88539375652615,257.1002386630852,0.0672119913633956,0.3084448401056064,0.01,6.7211991363395605,0.13267078772668725,0.03475033068591104,681.1007209528499,459.11128371565763,660.6677001852935,500.0,3033.0396122782336,2.403419330221368e-08,4452.09973753371,81.64146868250553,-7.932375242769574e-12,0.030427799454526016,1.3031204986973708e-09,40.0,186.03174233436584,
375.0,400.0,cost,True,True,fig5,"fig5=OK(0.63203),high=OK(0.63358)",0.6320319265785933,198.12009965224567,0.6320319265785933,237.0119724669725,5700.0,12566.34894426,141.12009965224567,311.11656408401115,0.8296441708906964,1581.703984383993,3487.0603849641448,34.036686103236995,366.3678400969117,0.6770410998420602,0.7605681332199095,0.26106949098819804,67.70410998420601,0.6248393682092608,0.27290958681793936,332.4294715038365,652.4727598737217,322.4565881097328,500.0,3523.58354565496,6.807913450757042e-07,4452.0997374002645,81.6414686822363,-6.449933878660552e-09,0.030616896768867478,1.9242267852986934e-08,2.0,149.49579501152039,
375.0,450.0,cost,True,True,fig5,"fig5=OK(0.54878),high=OK(0.54878)",0.548777957420656,156.5359571438762,0.548777957420656,205.79173403274604,5700.0,12566.34894426,99.5359571438762,219.4392228019048,0.5851712608050795,1654.3386222196602,3647.1923506629073,34.0366861030128,366.3678400944985,0.7724335815698773,0.8312063560408649,0.4801591566010763,77.24335815698772,0.7357189329768328,0.3850574417352703,234.3791548145203,652.4727598710793,227.34778017008358,500.0,3492.5330506416185,-1.1364136298652738e-08,4452.099737532748,81.64146868250519,1.865942123036035e-11,0.03061689676829254,1.1364136298652738e-08,3.0,123.67678022384644,
375.0,500.0,cost,True,True,fig5,"fig5=OK(0.4566),high=OK(0.4566)",0.4566020305682278,110.43304253544773,0.4566020305682278,171.22576146308543,5699.999999999995,12566.34894425999,53.43304253544777,117.79969432524977,0.31413251820066607,1736.7674831533327,3828.9168821664875,34.036686103018184,366.36784009455647,0.8779351614221638,0.9095507672843464,0.7216608972768039,87.79351614221638,0.858326370099757,0.5763818991881808,125.80238561760163,652.472759871082,122.02831404913312,500.0,3456.2071042944185,3.702962203533389e-08,4452.099737531553,81.6414686824987,-5.291336813151304e-11,0.03061689676829699,5.291336813151304e-11,2.0,132.67247676849365,
375.0,550.0,cost,True,True,high,"fig5=OK(0.34988),high=OK(0.34988)",0.3498759129529438,57.1526122233612,0.3498759129529438,131.20346735735393,5684.740739662049,12532.708033727018,0.3052048267407095,0.6728614653151177,0.0017942972408403139,1833.7505281833055,4042.7278971706137,33.94556774261139,365.38705022582025,0.9989999999889028,0.9989999999929906,1.0,99.89999999889028,0.9991899648814124,0.9963984664778304,1.3896537904318986,650.7417108122492,1.3479641723705074,500.0,3397.092636662443,-2.3016582417767495e-08,4452.099737521398,81.6414686825054,8.012035479509905e-12,0.030615581191549775,2.3016582417767495e-08,108.0,201.97025275230408,
375.0,600.0,cost,True,True,high,"fig5=OK(0.31451),high=OK(0.31451)",0.31450838194877784,52.88858131435061,0.31450838194877784,117.9406432307917,5260.575559937041,11597.583883125404,0.28282571498019643,0.6235239692721002,0.0016627305847256005,1558.6153934238553,3436.1587550279382,31.412729658729283,338.12380799088254,0.999,0.999,1.0,99.9,0.9991905023414992,0.9964006123457154,1.2844607559450976,602.6217035928703,1.2459269342919,500.0,3248.084970770717,6.060190571588464e-08,4452.0997375328225,81.6414686825054,-1.1068923555512811e-13,0.03058055462603115,1.1068923555512811e-13,78.0,134.07042384147644,
375.0,650.0,cost,True,True,fig5,"fig5=OK(0.28847),high=OK(0.28847)",0.28847300522166447,49.74933465976969,0.28847300522166447,108.17737695812419,4948.289539866031,10909.111058804965,0.26643926110937405,0.587398022377403,0.0015663947263397414,1355.8545054077706,2989.1475144914216,29.54796102021734,318.05160541805026,0.999,0.999,1.0,99.9,0.9991908570847404,0.996401907859618,1.2104694404152119,567.1075105840597,1.1741553617545017,500.0000014188338,3138.5762252066825,-2.1012965589761734e-08,4452.099737530178,81.64146868250589,-5.162537064506978e-15,0.030543236269357878,2.1012965589761734e-08,2.0,160.8585102558136,
375.0,700.0,cost,True,True,fig5,"fig5=OK(0.26848),high=OK(0.26848)",0.26847990483944467,47.33818755316149,0.26847990483944467,100.67996431479176,4708.427877388701,10380.306611604887,0.2539087792744798,0.5597730386621411,0.001492728103099043,1200.0457215418335,2645.6479449054295,28.115663456377717,302.63448275080896,0.999,0.999,1.0,99.9,0.9991910958501908,0.9964026498411296,1.153552130299006,539.7509134597864,1.118945566391088,500.0,3054.5358770675975,-1.0913936421275139e-11,4452.099737532922,81.64146868250545,-1.2878587085651816e-14,0.030502149468194264,1.0913936421275139e-11,2.0,127.01327466964722,
375.0,750.0,cost,True,True,high,"fig5=OK(0.25452),high=OK(0.25264)",0.25264361682958747,45.427911103644306,0.25264361682958747,94.7413563110953,4518.389512526089,9961.34373341889,0.24401597838341318,0.5379631460247325,0.0014345683893992867,1076.5490630500128,2373.3844178776526,26.98087816298154,290.41975551049285,0.9989999999908549,0.9989999999941487,0.9999999999964544,99.89999999908548,0.9991912590279212,0.9964031343664361,1.1083953498287251,518.0783515471103,1.075143489334318,500.00000000000006,2988.0040634952725,5.33600541530177e-09,4452.099737534989,81.64146868250538,-8.428813202954188e-12,0.03047097331841662,5.850084826757549e-09,73.0,114.26115989685059,
375.0,800.0,cost,True,True,fig5,"fig5=OK(0.23979),high=FAIL",0.23978554951188577,43.876549175366165,0.23978554951188577,89.91958106695716,4364.054521498709,9621.093320864627,0.23600396037908,0.5202996698861106,0.0013874657863629618,976.2208140169857,2152.198490453857,26.059290155208195,280.4998647537066,0.999,0.999,1.0,99.9,0.9991913719569478,0.996403480398826,1.0716768429456267,500.49741197990977,1.0395268644179891,500.00000789197924,2934.0053332458606,6.073364602343645e-07,4452.099737533673,81.64146868250481,2.2031543256417763e-12,0.03045069353318889,3.152136979264557e-07,2.0,122.82803082466125,
400.0,250.0,cost,True,True,high,"high=OK(0.70442),fig5=OK(0.705)",0.7044173502489264,304.2120354916307,0.7044173502489264,281.76694009957055,4000.0,8818.4904872,264.2120354916307,582.4878303966734,1.4562195759916836,223.2449544169528,492.17087671032397,23.88539375566738,257.1002386538415,0.001,0.21809310219181133,0.01,0.1,0.06697235203258639,0.017377599040183416,770.0865879609546,459.1112837226751,746.9839903172335,500.0000000236243,3058.9506397926784,6.586039944522781e-07,4452.099737426754,81.64146868392851,-6.166510642391376e-09,0.030427799455286668,6.166510642391376e-09,44.0,84.5570330619812,
400.0,300.0,cost,True,True,high,"fig5=OK(0.6899),high=OK(0.6899)",0.6899012809011987,297.7330597803824,0.6899012809011987,275.96051236047947,4000.0,8818.4904872,257.7330597803824,568.2041339775628,1.420510334943907,244.74456037004356,539.5693943542938,23.885393756500264,257.10023866280653,0.015826135343006052,0.270568118481624,0.01,1.5826135343006051,0.09032626106344772,0.023294943130492147,718.4048501758474,459.11128371517384,696.8526594897118,500.0000000825485,3043.9300098476683,4.200046532787383e-09,4452.09973753277,81.6414686825051,2.5329748715163802e-11,0.030427799454529097,6.484118887709735e-08,120.0,174.69891500473022,
400.0,350.0,cost,True,True,fig5,"high=OK(0.67792),fig5=OK(0.67792)",0.6779221123823561,291.5974026388271,0.6779221123823561,271.16884495294244,4000.0,8818.4904872,251.59740263882708,554.6773254436812,1.386693313609203,257.1338224532174,566.8830418102679,23.885393756468872,257.10023866246866,0.04536187140788347,0.2923362780920622,0.01,4.536187140788347,0.11229603503465428,0.029076371713329947,696.9657660918843,459.1112837145782,676.0567931082819,500.0,3037.6764049035814,9.641667020332534e-09,4452.099737570923,81.64146868255875,-6.735133284418993e-13,0.030427799454363635,8.561113170963184e-12,63.0,241.95695304870605,
400.0,400.0,cost,True,True,high,"fig5=OK(0.65794),high=OK(0.65441)",0.6544089903879828,240.74095386516797,0.6544089903879828,261.7635961551931,5332.30484552654,11755.719888781565,187.41790540990257,413.18575399704383,1.0329643849926096,1270.583978171633,2801.1581811738192,31.841050216258754,342.73421210176497,0.5666419071631746,0.67910153466504,0.010000000661602775,56.664190716317464,0.5013388665318066,0.1850250737891588,417.63026011328907,610.7641665289837,405.1013523101245,500.0,3420.7105887552125,7.0322876126738265e-06,4452.099735042967,81.64146868252455,-1.7233690459937667e-08,0.030586982487131938,1.5137913562604066e-07,86.0,132.31079173088074,
400.0,450.0,cost,True,True,fig5,"fig5=OK(0.58367),high=OK(0.58367)",0.5836655424932055,191.05107033369046,0.5836655424932055,233.46621699728217,5699.999999999966,12566.348944259926,134.0510703336908,295.5320221341576,0.738830055335394,1599.4622864221278,3526.210739362174,34.03668610300838,366.3678400944509,0.710285137213976,0.7851697434664356,0.337088136027597,71.0285137213976,0.6664175913721118,0.3101170723093523,298.27235960592776,652.4727598710765,289.32418881776687,500.0,3512.894273099298,3.1933859645505436e-07,4452.099737533669,81.64146868251025,-5.427433502624979e-10,0.030616896768289686,5.427433502624979e-10,2.0,115.87727069854736,
400.0,500.0,cost,True,True,fig5,"fig5=OK(0.50214),high=OK(0.50214)",0.5021388859226465,147.40552041975997,0.5021388859226465,200.8555543690586,5700.0,12566.34894426,90.40552041975995,199.31005545300462,0.49827513863251155,1674.3199123553072,3691.2435549087036,34.03668610322084,366.3678400967378,0.8047935570404187,0.8552532064937024,0.5541363047840706,80.47935570404186,0.7753231916125797,0.4367023237501468,201.09122767000426,652.472759875232,195.05849141071923,500.0,3481.682196955086,5.949109436187427e-07,4452.099737353795,81.64146868225568,-4.568653372283293e-09,0.030616896769091444,3.440590560650273e-08,2.0,122.11888217926025,
400.0,550.0,cost,True,True,fig5,"fig5=OK(0.41131),high=OK(0.41131)",0.41131291646170104,98.70324516538392,0.41131291646170104,164.52516658468042,5700.0,12566.34894426,41.703245165383926,91.93991769407688,0.2298497942351922,1760.3278044502574,3880.8584994745643,34.036686103000335,366.36784009436434,0.9100304456882414,0.933353372218437,0.7949190467594932,91.00304456882414,0.8965115572350801,0.6602869239432446,92.74304899647532,652.4727598710797,89.96075752657678,500.00000000000006,3444.3765797828214,1.3261628737382125e-06,4452.099737535165,81.64146868252013,-1.676022737262528e-09,0.030616896768283594,1.676022737262528e-09,2.0,128.46090483665466,
400.0,600.0,cost,True,True,fig5,"fig5=OK(0.32443),high=OK(0.32443)",0.32442906113995423,56.01590214323245,0.32442906113995423,129.77162445598168,5569.167112315294,12277.911800394879,0.32423102007951426,0.7148070415565871,0.0017870176038914678,1758.7973899352214,3877.4845130139847,33.255437343350266,357.9585484323254,0.999,0.999,1.0,99.9,0.9991780005308769,0.9963435254279498,1.360513255559955,637.6329637096861,1.3196978579046257,500.0,3356.4531213599853,1.5916157281026244e-11,4452.099737532871,81.64146868250549,5.273559366969494e-16,0.03060607423539593,6.128875185103151e-12,2.0,181.06209540367126,
400.0,650.0,cost,True,True,fig5,"fig5=OK(0.29509),high=OK(0.29509)",0.2950880895731675,52.28653934605906,0.2950880895731675,118.03523582926701,5198.3481937648,11460.396023967049,0.3030574084110567,0.6681272182870972,0.001670318045717743,1518.1990149878382,3347.0558928366654,31.04114837285484,334.12414031720425,0.999,0.999,1.0,99.9,0.9991784337784816,0.9963452418008052,1.2697250734128038,595.5542526966027,1.2316340473192338,500.0000080104576,3226.2537512529866,2.5477493181824684e-07,4452.099737408142,81.64146868251983,1.773697300144761e-10,0.03057449435400273,6.022869050871084e-07,2.0,137.77692794799805,
400.0,700.0,cost,True,True,high,"fig5=OK(0.27289),high=OK(0.27289)",0.2728877497157201,49.46423972882116,0.2728877497157201,109.15509988628804,4917.712556535559,10841.700349648205,0.28711416346557456,0.6329783798153887,0.0015824459495384718,1335.9736874190742,2945.317813413653,29.365375198534238,316.086267990092,0.999,0.999,1.0,99.9,0.9991787266883323,0.9963462827802182,1.2032182486814258,563.6225711422834,1.1671217005176353,500.0000000046445,3127.859384949647,7.435119186993688e-09,4452.099737530991,81.64146868250526,-1.8342272145588367e-12,0.030538373682086565,6.02530025509696e-10,120.0,266.5187158584595,
400.0,750.0,cost,True,True,fig5,"fig5=OK(0.25549),high=OK(0.25549)",0.25548704667931793,47.25157773096675,0.25548704667931793,102.19481867172718,4697.691173291976,10356.636230869675,0.274665998046994,0.6055348727336776,0.0015138371818341938,1193.048421029182,2630.2215379037057,28.051550854422683,301.9443804467828,0.999,0.999,1.0,99.9,0.9991789278584615,0.996346895524318,1.1510023260047977,538.5260281655094,1.1164722857231295,500.0000010453532,3050.77571615425,2.4360406314372085e-07,4452.099737310977,81.64146868353242,-4.925698737778816e-12,0.030500275316672234,8.190405304833563e-08,2.0,114.60001564025879,
400.0,800.0,cost,True,True,fig5,"fig5=OK(0.24148),high=OK(0.24463)",0.24148049804511998,45.47005156905936,0.24148049804511998,96.592199218048,4520.537517151382,9966.079273007543,0.2646763975455368,0.5835115734854204,0.001458778933713551,1077.9246615425102,2376.4170934327267,26.99370464704794,290.55781863594495,0.999,0.999,1.0,99.9,0.9991790676623099,0.9963473040372786,1.1089060905807704,518.3231871491678,1.0756389078537592,500.0,2988.7558092113195,1.5006662579253316e-11,4452.099737532772,81.6414686825055,2.1094237467877974e-15,0.03047129334648728,7.143396984992154e-12,2.0,109.58351540565491,
425.0,250.0,cost,True,True,high,"fig5=OK(0.70222),high=OK(0.70222)",0.7022151389134405,324.83418909591944,0.7022151389134405,298.4414340382122,4000.000056480989,8818.490611719266,284.83418853110953,627.9518954977302,1.4775338717593651,192.88664777108832,425.2422671193099,23.88539409289337,257.1002422837118,0.001,0.1839447533199671,0.01,0.1,0.0535297251509775,0.013975642136350108,803.7187195075567,459.1112909978144,779.6071650378323,500.0,3068.6868490264737,2.5404252710359287e-06,4452.099696328122,81.64146868399973,-5.7472073603653806e-08,0.03042779964637447,5.7472073603653806e-08,57.0,104.95896077156067,
425.0,300.0,cost,True,True,fig5,"fig5=OK(0.68675),high=OK(0.68675)",0.6867455160032895,318.1536532263974,0.6867455160032895,291.86684430139803,4000.0,8818.4904872,278.1536532263974,613.2238362392283,1.4428796146805372,221.65691924733784,488.6698584511768,23.88539375655932,257.1002386634422,0.0032070093597762954,0.2612699486619016,0.010000000588668019,0.32070093597762955,0.07632886947143248,0.019622093797669445,727.5624578463244,459.11128371743456,705.7355841110872,500.0,3046.597057109275,9.193038295052247e-07,4452.099737405919,81.64146868240417,-1.7360225822854458e-08,0.030427799455092056,1.7360225822854458e-08,2.0,152.8876850605011,
425.0,350.0,cost,True,True,fig5,"high=OK(0.67677),fig5=OK(0.67677)",0.6767742527858048,312.67799832924516,0.6767742527858048,287.6290574339671,4000.0,8818.4904872,272.67799832924516,601.1520835837965,1.4144754907854036,232.27439666057168,512.0773893428427,23.88539375650007,257.10023866280443,0.027523511143540364,0.27918832345604183,0.010000000000008882,2.7523511143540365,0.09479007816243866,0.02435264864003756,709.9149593208589,459.111283715155,688.6175077822363,500.0,3041.455235009937,5.413767212303355e-10,4452.0997375328425,81.64146868250543,-2.0857031379772906e-12,0.030427799454524708,4.006582383132575e-09,48.0,179.3090693950653,
425.0,400.0,cost,True,True,fig5,"fig5=OK(0.6658),high=OK(0.6658)",0.6657979219182963,306.649852433848,0.6657979219182963,282.964116815276,4000.0,8818.4904872,266.649852433848,587.8622967752932,1.3832054041771604,243.9719616825654,537.8661058103064,23.885393756499127,257.1002386627943,0.054276113202995226,0.29890763192279407,0.01,5.427611320299523,0.11510154176330292,0.029729355817406065,690.4937533060191,459.111283714679,669.7789407068384,500.0,3035.785815883435,3.325340003357269e-10,4452.099737556063,81.64146868250705,-2.0091255048537704e-12,0.030427799454418595,5.223394958165285e-12,52.0,193.40430760383606,
425.0,450.0,cost,True,True,fig5,"high=FAIL,fig5=OK(0.61293)",0.6129277660763467,224.9171201210272,0.6129277660763467,260.49430058244735,5700.0,12566.34894426,167.9171201210272,370.19388160632457,0.871044427308999,1548.1660313594555,3413.1218550373837,34.03668610296648,366.3678400939999,0.6558890343307067,0.7449202303966613,0.21124343482842492,65.58890343307067,0.6067826056153727,0.25780315252065417,354.1551669062107,652.4727598710763,343.53051189898,500.0,3530.324477069778,3.19612854582374e-06,4452.099737542303,81.64146868256074,-5.612518658160148e-09,0.03061689676825853,5.612518658160148e-09,2.0,38.151806116104126,
425.0,500.0,cost,True,True,fig5,"fig5=OK(0.54004),high=OK(0.54004)",0.5400355228809788,183.31109458333697,0.5400355228809788,229.51509722441602,5700.0,12566.34894426,126.31109458333698,278.4682965027442,0.6552195211829275,1617.328096864078,3565.598109219288,34.036686103012634,366.3678400944967,0.7414022764206453,0.8082065852082975,0.40830783137198845,74.14022764206453,0.7045798005218711,0.3489561846517906,266.28779035899265,652.4727598710786,258.29915664821675,500.0,3502.7684385524844,2.2237145458348095e-10,4452.0997375328225,81.64146868250539,-3.3852087799601804e-13,0.030616896768292278,3.3852087799601804e-13,3.0,211.53591632843018,
425.0,550.0,cost,True,True,fig5,"fig5=OK(0.45977),high=OK(0.45977)",0.45976644157671714,137.4528833617223,0.45976644157671714,195.4007376701048,5699.999999994693,12566.3489442483,80.45288336177535,177.36824664840677,0.4173370509374277,1694.7545957735813,3736.294320241952,34.036686103095505,366.3678400953887,0.8354332973443144,0.87800814850566,0.6242055476942543,83.54332973443144,0.8120939590927279,0.49238015200854,169.56039873218532,652.4727598843285,164.47358718836873,500.0,3471.2001509885754,-2.84922407445265e-07,4452.099737053391,81.641468682368,-4.234179562523366e-09,0.030616896770536882,2.84922407445265e-07,2.0,126.89135026931763,
425.0,600.0,cost,True,True,high,"fig5=OK(0.36948),high=OK(0.36948)",0.36948497382905315,85.76825698678812,0.36948497382905315,157.0311138773476,5700.0,12566.34894426,28.76825698678811,63.42315014282897,0.14923094151253877,1785.4485439441287,3936.2402500390976,34.03668610301943,366.36784009456983,0.941209162725091,0.9564624073040953,0.866053221348048,94.1209162725091,0.932914145729081,0.7571395276613877,60.61504758100867,652.4727598711866,58.79659614739284,500.0,3432.1908290575716,2.5379449652973562e-08,4452.099737527808,81.64146868249725,-7.740089125185534e-11,0.03061689676831411,7.740089125185534e-11,95.0,151.3000168800354,
425.0,650.0,cost,True,True,high,"fig5=OK(0.30338),high=OK(0.30338)",0.3033828432618223,55.09380491473963,0.3033828432618223,128.9377083862745,5475.023930069424,12070.361611127393,0.3435656140453912,0.7574325247970772,0.0017821941759931228,1697.7158133872,3742.8226875810083,32.69327559899217,351.9074897763536,0.998999999987073,0.9989999999930985,0.9999999999959411,99.8999999987073,0.9991674444350949,0.9962950252145845,1.3367960407246942,626.9557472025799,1.29669216390031,500.0,3323.3721813244,-5.648726073559374e-07,4452.099736714169,81.64146868250542,-1.4780965340577268e-10,0.030598649879268264,5.648726073559374e-07,101.0,155.46789956092834,
425.0,700.0,cost,True,True,fig5,"fig5=OK(0.2786),high=OK(0.2786)",0.2785989802219319,51.7851375755282,0.2785989802219319,118.40456659432107,5146.177512079365,11345.379358928612,0.32336245473455194,0.7128921827485717,0.00167739337117311,1484.306736409875,3272.33620877934,30.729619054215224,330.7708666391888,0.999,0.999,1.0,99.9,0.9991677996446506,0.9962964141463535,1.2573690719419652,589.6259393022692,1.2196479537066547,500.0,3207.9550432147485,1.6370904631912708e-11,4452.099737532897,81.64146868250565,1.6653345369377348e-16,0.03056898365559216,3.7774189903552434e-08,2.0,191.5666482448578,
425.0,750.0,cost,True,True,high,"fig5=OK(0.25941),high=OK(0.25941)",0.25941246296219306,49.22306583014156,0.25941246296219306,110.25029675893205,4891.527484599621,10783.972147704775,0.3077909841453471,0.6785629664329174,0.0015966187445480408,1318.9447278431803,2907.7753839069196,29.209015010101087,314.40322092905774,0.999,0.999,1.0,99.9,0.9991680449185794,0.9962972624830871,1.1970075691354618,560.6372858311371,1.1610973427188194,500.0,3118.6825957720785,4.779394657816738e-10,4452.099737535846,81.6414686825054,-1.8207657603852567e-14,0.030534061573840778,6.601614806006122e-10,80.0,149.21355867385864,
425.0,800.0,cost,True,True,fig5,"fig5=OK(0.24411),high=OK(0.24411)",0.24410853165105606,47.17887796993673,0.24410853165105606,103.74612595169883,4688.346333396124,10336.034385438179,0.29541463597548856,0.6512777892823742,0.0015324183277232336,1186.9554168056932,2616.788762957879,27.995749560002448,301.34374031250695,0.999,0.999,1.0,99.9,0.9991682164284937,0.9962977756753525,1.1487830996434878,537.4599545972821,1.114319606653801,500.0,3047.503131954455,4.547473508864641e-13,4452.099737532841,81.64146868250542,6.938893903907228e-16,0.030498650685657325,7.372469948048738e-15,3.0,163.79255318641663,
450.0,250.0,cost,True,True,high,"fig5=OK(0.70018),high=OK(0.70018)",0.7001764551524665,345.41044963297446,0.7001764551524665,315.07940481860993,4000.0,8818.4904872,305.41044963297446,673.314786194965,1.4962550804332555,162.6271277534666,358.53144476365105,23.885393756500303,257.100238662807,0.001,0.1498837366288464,0.01,0.1,0.041619750322813565,0.011022235366265617,837.2648115535884,459.1112837151734,812.1468672070432,500.0,3078.3700526137823,-4.939693099004216e-10,4452.099737532761,81.64146868250504,1.7990428591296848e-11,0.030427799454529024,4.939693099004216e-10,63.0,124.60691690444946,
450.0,300.0,cost,True,True,fig5,"fig5=OK(0.68599),high=FAIL(-8.6383e+49)",0.68599395354239,338.8836430002477,0.68599395354239,308.6972790940755,4030.469561258722,8885.6643712273,298.57894738766043,658.2539018040682,1.4627864484534847,219.0783844546982,482.9851623162251,24.067338123537613,259.0586715304215,0.0010000008077472769,0.2598282933598011,0.010000000222039888,0.10000008077472769,0.0705954566859834,0.018095267332272673,734.3669436540642,462.57270199819527,712.3359353444364,500.0,3059.219859226262,4.1910220716090407e-07,4452.099737539799,81.64146868254876,-7.773941313599098e-09,0.030428662472589303,7.773941313599098e-09,2.0,154.79868507385254,
450.0,350.0,cost,True,True,high,"high=OK(0.67542),fig5=OK(0.67542)",0.6754209822950549,333.6269418383322,0.6754209822950549,303.9394420327747,4000.0000091684765,8818.490507413031,293.62694174664745,647.3365981446098,1.4385257736546884,208.18629354987974,458.9722123087603,23.885393811251554,257.10023925214455,0.01268386424517488,0.268252666089593,0.010000000092627942,1.268386424517488,0.07956416438137347,0.02035297792288448,720.6853033219019,459.11128475471713,699.0647442222485,500.0000000000981,3044.5944027692312,2.4310775188496336e-06,4452.099737629526,81.64146868249978,-4.101259382105482e-08,0.030427799454328903,4.101259382105482e-08,78.0,202.8962869644165,
450.0,400.0,cost,True,True,fig5,"fig5=OK(0.66634),high=FAIL(5.8789e+88)",0.6663381801357693,328.30409753444,0.6663381801357693,299.8521810610962,4000.000000000027,8818.490487200059,288.30409753443973,635.6017353820595,1.412448300849021,218.14985816332867,480.9381122493358,23.885393756500033,257.1002386628041,0.034615104219467015,0.28441493347384716,0.010000000001801226,3.4615104219467017,0.09651378657929141,0.024713284305720402,704.7673614720477,459.11128371517947,683.6243406278858,500.0,3039.9536743004455,3.99722921429202e-09,4452.09973753282,81.64146868250577,-5.691427364118429e-11,0.03042779945452925,5.691427364118429e-11,80.0,408.0586676597595,
450.0,450.0,cost,True,True,high,"fig5=OK(0.63778),high=OK(0.63733)",0.6373333267537495,266.4301105657838,0.6373333267537495,286.7999970391873,5448.802751860248,12012.553808477194,211.94208304718134,467.2523107972303,1.0383384684382895,1319.3882245991163,2908.753126887751,32.53669980742068,350.2221219824527,0.5679998665349488,0.680068764715257,0.010000967092592674,56.799986653494884,0.5099227235425029,0.18997639391366639,425.190964092804,623.9815939590262,412.43523516997675,500.0,3463.8800742109984,6.506979843834415e-09,4452.099737532833,81.64146868250556,-1.3393243111781139e-11,0.030596572999815223,1.3393243111781139e-11,73.0,132.55431461334229,
450.0,500.0,cost,True,True,fig5,"fig5=OK(0.57213),high=OK(0.57213)",0.5721293266967478,218.4594366909866,0.5721293266967478,257.4581970135365,5699.999999999982,12566.34894425996,161.4594366909868,355.95712663203443,0.7910158369600765,1564.132054948775,3448.32091182259,34.03668610298977,366.3678400942506,0.6856840768233898,0.7669632259216622,0.27950256615860936,68.56840768233899,0.6433450784413778,0.2885203815286117,323.5504619553349,652.4727598710721,313.84394809690275,500.0,3520.816137492898,1.9121180230285972e-06,4452.099737537463,81.64146868253269,-2.993661485373167e-09,0.030616896768275146,2.993661485373167e-09,2.0,138.29480266571045,
450.0,550.0,cost,True,True,fig5,"fig5=OK(0.50027),high=OK(0.50027)",0.5002745824403003,174.86369797262387,0.5002745824403003,225.12356209813512,5699.999999999999,12566.348944259998,117.86369797262387,259.8449748394494,0.5774332774209986,1635.4616883007611,3605.5758351150785,34.03668610301313,366.36784009450207,0.7707803420559194,0.829977429442421,0.47559305406995933,77.07803420559193,0.7399849177371401,0.38984787692279793,236.07943982159648,652.4727598710798,228.99705662694822,500.0,3493.0822437487273,-4.8751189751783386e-08,4452.09973753269,81.64146868250478,6.636421967520789e-11,0.030616896768292896,4.8751189751783386e-08,3.0,110.46584463119507,
450.0,600.0,cost,True,True,fig5,"fig5=OK(0.42081),high=OK(0.42081)",0.4208118790927924,126.60218062064644,0.4208118790927924,189.36534559175658,5699.999999999998,12566.348944259997,69.60218062064646,153.44654192288675,0.3409923153841928,1715.8816012501939,3782.8713944465844,34.03668610299046,366.36784009425804,0.8647568136122268,0.8997732133156151,0.6912695405751895,86.47568136122268,0.8466765416842695,0.5532459628505149,139.37272013058043,652.4727598710779,135.19153852666963,500.0,3460.923847396331,1.615605469851289e-06,4452.099737537306,81.64146868253196,-1.9215730395760744e-09,0.03061689676827619,1.9215730395760744e-09,2.0,200.91531085968018,
450.0,650.0,cost,True,True,high,"fig5=OK(0.32983),high=OK(0.32983)",0.32983469528514003,71.1815594725837,0.32983469528514003,148.42561287831302,5700.0,12566.34894426,14.181559472583693,31.26498682566009,0.06947774850146686,1813.635561015348,3998.3819855153706,34.03668610303886,366.367840094779,0.972472056487688,0.9796201753611031,0.9373201674473497,97.2472056487688,0.9688127786221663,0.8743628027235845,28.387675630281187,652.4727598714207,27.53604534187827,500.0,3418.5905095001353,2.6308043743483722e-08,4452.099737515436,81.64146868247393,-8.54609716327559e-11,0.03061689676836472,2.5893864823390557e-10,90.0,148.32822823524475,
450.0,700.0,cost,True,True,fig5,"high=OK(0.28567),fig5=OK(0.28567)",0.2856656962595457,54.331656258408636,0.2856656962595457,128.54956331679557,5396.852619755954,11898.02337203457,0.3631300608490934,0.8005647468035217,0.0017790327706744928,1646.9794368107914,3630.9681240324944,32.22648746716745,346.883024141809,0.999,0.999,1.0,99.9,0.99915806367914,0.9962519005709054,1.3171163653325695,618.0883758605777,1.2776028743741135,500.0,3295.9176828843156,-4.092726157978177e-12,4452.0997375328125,81.64146868250546,5.412337245047638e-15,0.03059239033889488,4.494848937477205e-12,2.0,135.5324375629425,
450.0,750.0,cost,True,True,high,"fig5=OK(0.26442),high=OK(0.26442)",0.2644158691331377,51.36182944660611,0.2644158691331377,118.98714110991196,5101.810479376912,11247.566794970642,0.3437246528369896,0.7577831453147789,0.001683962545143953,1455.4780895144822,3208.779921677873,30.464688042739056,327.919172965051,0.9989999999786644,0.9989999999880878,0.9999999999945075,99.89999999786644,0.9991583591609021,0.9962530373858398,1.2468581804762502,584.5819323122088,1.2094524415211914,500.0,3192.39629527833,-1.5154137145145796e-07,4452.099737537081,81.64146868250532,3.456740449436779e-11,0.030563939189077457,1.5154137145145796e-07,131.0,285.0951261520386,
450.0,800.0,cost,True,True,fig5,"fig5=OK(0.24764),high=OK(0.25056)",0.24764318134028074,49.01700539422193,0.24764318134028074,111.43943160312634,4868.853589084199,10733.984764727145,0.3284695033799494,0.724151297722848,0.0016092251060507733,1304.1958338201446,2875.2596384972044,29.07362127950628,312.9458549419511,0.999,0.999,1.0,99.9,0.9991585670885805,0.9962537377424879,1.1916289277384207,558.0517454220661,1.1558800599153218,500.0000000005298,3110.7369157606704,7.73070496506989e-12,4452.099737532586,81.64146868250528,-3.3834046675451646e-14,0.030530237955798678,1.6009416015069128e-12,2.0,147.57851552963257,
475.0,250.0,cost,True,True,high,"fig5=OK(0.69848),high=OK(0.69848)",0.6984757068492438,366.01341155141216,0.6984757068492438,331.7759607533908,4005.5262024870945,8830.673678215697,325.9581495265412,718.6147102062797,1.5128730741184837,137.13097315556857,302.322045568215,23.918392637116728,257.45543565761386,0.0010000011719377454,0.12092894985337417,0.01,0.10000011719377454,0.03224897733836108,0.008728515854388238,866.941882470166,459.7390842886498,840.9336277504382,500.0,3088.8447086221677,2.6076637595906504e-06,4452.099735742354,81.64146868246948,-5.4882669277278584e-08,0.03042794960534431,5.4882669277278584e-08,80.0,133.7216718196869,
475.0,300.0,cost,True,True,fig5,"high=OK(0.68636),fig5=OK(0.68636)",0.6863564087575437,360.0089109285089,0.6863564087575437,326.01929415983324,4068.8919671827043,8970.371276511294,319.3199912566819,703.9800763174591,1.4820633185630716,221.43047834347388,488.1706417120175,24.296771697235073,261.52827396428654,0.001,0.2600514852890871,0.010000000281181245,0.1,0.06698589118375393,0.0171185792694271,740.9313875372226,466.9375313806352,718.7034454182995,500.0,3074.549127924388,-7.536264092777856e-07,4452.099737397634,81.64146868245452,-7.038747452947636e-09,0.03042990159275132,7.536264092777856e-07,2.0,93.12995219230652,
475.0,350.0,cost,True,True,fig5,"fig5=OK(0.67411),high=OK(0.67411)",0.6741074282368054,354.4745603449509,0.6741074282368054,320.2010284124826,4002.7520045725614,8824.557618735966,314.44704029922525,693.2370584017282,1.4594464387404804,186.5513769288481,411.27538570527713,23.90182693513918,257.27712392553764,0.001,0.25966082098709325,0.01,0.1,0.06686249308952494,0.017087088845930867,729.6337692038813,459.4239241002436,707.7447561632728,500.0,3048.1612173771377,-7.198002549557714e-08,4452.099737010419,81.64146868177058,-1.5199911017338419e-09,0.030427873909001445,7.198002549557714e-08,2.0,174.07241702079773,
475.0,400.0,cost,True,True,high,"high=OK(0.66647),fig5=FAIL(-6.1975e+21)",0.6664691245389003,349.8045785171154,0.6664691245389003,316.57283415597766,4000.0,8818.4904872,309.8045785171154,683.0021821360468,1.4378993308127301,193.14848037067,425.8195091914723,23.88539375650037,257.10023866280767,0.018074297240409598,0.27222477713461657,0.01,1.8074297240409598,0.08026070651441403,0.020451420553545603,716.7732357082793,459.1112837151742,695.2700386370262,500.0,3043.4545711142273,-4.43833414465189e-09,4452.09973753271,81.64146868250492,7.023743045508901e-11,0.0304277994545293,4.43833414465189e-09,78.0,330.05805683135986,
475.0,450.0,cost,True,True,high,"fig5=OK(0.65943),high=OK(0.65812)",0.6581231079589588,308.02565266958095,0.6581231079589588,312.60847628050544,5151.237934550117,11356.535680783496,256.51327332407976,565.5149651622328,1.1905578213941743,1050.2168539709764,2315.3318340600417,30.7598366000373,331.09612559543046,0.4314199727554932,0.5793465993890494,0.010000000002113865,43.14199727554932,0.4057153011963582,0.13363403521797532,529.4208168563887,590.2011023522767,513.5381923507003,500.0,3390.915437252366,5.940364644629881e-09,4452.09973753286,81.64146868250559,-1.5374494646142045e-11,0.030569537263209514,1.5374494646142045e-11,55.0,105.23474884033203,
475.0,500.0,cost,True,True,fig5,fig5=OK(0.59964),0.5996385198984906,253.0144033661684,0.5996385198984906,284.82829695178305,5700.0,12566.34894426,196.0144033661684,432.1377878596849,0.9097637639151261,1513.8525102770884,3337.473490225586,34.036686103018745,366.3678400945625,0.6362654173675556,0.7304067104588795,0.164646291577259,63.62654173675556,0.589757192998578,0.2443108764154831,374.3058722173917,652.472759871263,363.07669605088216,500.0,3536.540716244382,2.477145244483836e-07,4452.099737525541,81.64146868249806,-4.747854331910162e-10,0.030616896768325533,4.747854331910162e-10,2.0,3.897010564804077,
475.0,550.0,cost,True,True,fig5,fig5=OK(0.53482),0.5348248147729527,211.3842412353154,0.5348248147729527,254.04178701715256,5700.0,12566.34894426,154.3842412353154,340.3589906768047,0.7165452435301152,1580.2626585049354,3483.882805325789,34.0366861033801,366.36784009845206,0.7137875541505866,0.7877622295986995,0.3439461601268084,71.37875541505866,0.6772859485676158,0.3203417980250316,294.67292901072364,652.4727598776132,285.8327411323451,500.0,3511.7607301830003,1.6920330381253734e-07,4452.0997372431575,81.64146868206468,-4.007087245350149e-09,0.03061689676957856,4.007087245350149e-09,2.0,3.619418144226074,
500.0,250.0,cost,True,True,high,"fig5=OK(0.69831),high=OK(0.69831)",0.6983131716832666,387.2016888632476,0.6983131716832666,349.1565858416333,4043.0177695194952,8913.328435022058,346.77151116805265,764.5003181168603,1.5290006362337205,138.4013792844705,305.12281165886554,24.142267847377365,259.8652083653814,0.001,0.12075241769968063,0.01,0.1,0.030645356179774434,0.008284346008193399,874.985810395251,463.99818726328033,848.7362360841031,500.0,3104.252509069335,-5.2091309044044465e-09,4452.099737532519,81.64146868250134,6.888503656377054e-11,0.030429046295418465,5.2091309044044465e-09,82.0,140.149160861969,
500.0,300.0,cost,True,True,fig5,"fig5=OK(0.68725),high=FAIL(-2.9946e+17)",0.6872532595116964,381.48216441037425,0.6872532595116964,343.62662975584817,4107.94202609529,9056.461919772602,340.4027441494213,750.4595902746119,1.5009191805492237,223.8182006867326,493.434668404543,24.52995320555654,264.0382188306921,0.001,0.2602678457372639,0.01,0.1,0.06374265337295659,0.016245915720011498,747.6070684873785,471.3738873284994,725.1788564344035,500.0,3090.128711260184,-2.3111397240427323e-09,4452.099737521828,81.6414686824782,7.271425822574784e-11,0.030431388445088112,2.3111397240427323e-09,2.0,51.8709442615509,
500.0,350.0,cost,True,True,high,"fig5=OK(0.67495),high=OK(0.67495)",0.6749476112667687,375.5563497965927,0.6749476112667687,337.47380563338436,4040.5034019971827,8907.785203502848,335.1513157766209,738.8821724871736,1.4777643449743474,188.53665342190217,415.6521711723919,24.12725367890896,259.7035972010061,0.001,0.25988757452688177,0.01,0.1,0.06362731053452916,0.0162164771164211,736.0808488647443,463.71255363917766,713.9984265988909,500.0000135286233,3063.223059662737,6.913526021889993e-06,4452.099733629608,81.64146868908053,-3.312153198931078e-08,0.030428967905532248,3.312153198931078e-08,74.0,181.9455051422119,
500.0,400.0,cost,True,True,high,"high=OK(0.66631),fig5=OK(0.66631)",0.6663139140683395,371.1773289439388,0.6663139140683395,333.15695703416975,4000.0,8818.4904872,331.1773289439388,730.1210312171073,1.4602420624342147,168.79327570263374,372.1254740217506,23.885393756369137,257.1002386613951,0.003964576294620046,0.2618281101091372,0.01,0.39645762946200463,0.06591368418752391,0.01678179797422258,727.0127332035373,459.11128369006155,705.2023511214774,500.0,3046.437025359251,-1.2839564078603871e-08,4452.099738774997,81.6414686827292,4.578616825956505e-10,0.030427799448841962,1.2839564078603871e-08,92.0,218.06071543693542,
500.0,450.0,cost,True,True,high,"fig5=OK(0.68019),high=OK(0.65963)",0.6596347150853565,366.75823824679645,0.6596347150853565,329.8173575426783,4000.430979848221,8819.440635122928,326.75392844831424,720.3691024191721,1.4407382048383441,176.87199617825377,389.9360039375014,23.88796728733994,257.12793991821945,0.02002902402554467,0.2736678435748984,0.010000000005469403,2.002902402554467,0.07870088926550496,0.01998560381248489,715.4267341531504,459.1602451087065,693.963932130019,500.0,3043.212685215853,1.2785676517523825e-08,4452.099737558318,81.64146868251242,3.9192997111636707e-10,0.03042781107331298,5.729917154817726e-12,79.0,163.66383981704712,
500.0,500.0,cost,True,True,fig5,"fig5=OK(0.62345),high=OK(0.62346)",0.6234495136993,287.08411057954794,0.6234495136993,311.72475684965,5699.99999999997,12566.348944259935,230.08411057954822,507.2486351004047,1.0144972702008095,1465.9104716184406,3231.779387263521,34.03668610300523,366.36784009441703,0.5920997052767513,0.6977548623913291,0.06140384492268334,59.209970527675125,0.5424412146818659,0.2105478015074277,419.6400095891874,652.4727598721298,407.0508093022423,500.00000000000006,3550.413045673752,4.69194128527306e-06,4452.099737499555,81.64146868251406,-7.874470756008556e-09,0.03061689676845166,7.874470756008556e-09,2.0,133.63145208358765,
500.0,550.0,cost,True,True,fig5,"high=OK(0.56465),fig5=OK(0.56465)",0.5646549962539702,247.22210787271723,0.5646549962539702,282.3274981269851,5700.0,12566.34894426,190.22210787271723,419.3679621826723,0.8387359243653445,1528.1447735612223,3368.982537178509,34.036686102999035,366.36784009435036,0.6630703954718113,0.750232407870432,0.2261703883111051,66.30703954718113,0.6221597979422981,0.2700269326073252,346.77968708085496,652.4727598710806,336.37629646845295,500.00000000000006,3528.0407479985925,1.251053163286997e-06,4452.0997375355755,81.64146868252169,-1.8246408550748328e-09,0.030616896768282817,1.8246408550748328e-09,2.0,122.67409682273865,
500.0,600.0,cost,True,True,high,"fig5=OK(0.50043),high=OK(0.50043)",0.5004258726832991,203.65585979073902,0.5004258726832991,250.21293634164954,5699.999999999998,12566.348944259997,146.65585979073904,323.3208261141923,0.6466416522283847,1596.6858708768164,3520.089790843463,34.036686103012784,366.3678400944983,0.7404938164253358,0.8075339019716464,0.4052314017404815,74.04938164253359,0.7090747286035053,0.35354445092767545,267.2217501136419,652.4727598710759,259.2050976102336,500.0,3503.065899339936,-1.652097125770524e-08,4452.099737532781,81.6414686825052,2.1140381112338957e-11,0.030616896768292053,1.652097125770524e-08,82.0,125.87231922149658,
500.0,650.0,cost,True,True,fig5,"fig5=OK(0.42968),high=OK(0.42968)",0.4296845669701994,155.63752023075844,0.4296845669701994,214.8422834850997,5700.0,12566.34894426,98.63752023075844,217.45850845898522,0.43491701691797047,1673.1905578694664,3688.753754461188,34.036686103012556,366.3678400944959,0.8256286916237385,0.8707280869294727,0.6012839679727797,82.56286916237386,0.8046129640256907,0.4800073379456384,179.6514661379913,652.4727598710786,174.26192215385402,500.0,3474.579551896535,7.143171387724578e-09,4452.0997375328125,81.64146868250548,-8.055264788531247e-12,0.03061689676829224,8.055264788531247e-12,3.0,130.15294408798218,
500.0,700.0,cost,True,True,fig5,"fig5=OK(0.35039),high=OK(0.35039)",0.3503858555531996,101.73268758719888,0.3503858555531996,175.19292777659982,5700.0,12566.34894426,44.73268758719888,98.61869498865072,0.19723738997730142,1761.4881930690924,3883.416718473727,34.03668610297925,366.3678400941374,0.9210021480931735,0.941486927889067,0.819842875988589,92.10021480931735,0.9115359387157955,0.6976787549261384,81.43873200964954,652.4727598710742,78.99557004935569,500.0,3440.186748259454,2.390373538219137e-06,4452.099737539681,81.64146868254542,-2.38553896081406e-09,0.030616896768267437,2.38553896081406e-09,2.0,154.42817783355713,
500.0,750.0,cost,True,True,high,"fig5=OK(0.27784),high=OK(0.27784)",0.2778385448511625,56.24388955668834,0.2778385448511625,138.91927242558125,5581.816459542127,12305.798837442157,0.42572496126707016,0.9385628802743117,0.0018771257605486233,1766.8988821997086,3895.345246130611,33.33097100316923,358.771585980063,0.998999999985862,0.9989999999936984,0.9999999999958953,99.8999999985862,0.9991418313791711,0.9961774005351663,1.3637013357075631,639.067561781446,1.3227902996842573,500.0,3360.8994837913992,-3.109064891759772e-06,4452.099739186604,81.64146868250539,-9.876284789989143e-10,0.030607082534716074,3.109064891759772e-06,101.0,200.1788341999054,
500.0,800.0,cost,True,True,fig5,"fig5=OK(0.25745),high=OK(0.25745)",0.25744625096623797,53.14804701757707,0.25744625096623797,128.723125483119,5274.529783251041,11628.347679513097,0.40274918506665114,0.8879099643094538,0.0017758199286189076,1567.5533136512154,3455.86349615302,31.496055188334296,339.02071652697583,0.999,0.999,1.0,99.9,0.9991421257442982,0.9961785734721531,1.287764329837228,604.2060622326392,1.2491313999607156,500.00000000000006,3252.981350414738,4.865796654485166e-11,4452.099737533075,81.64146868250573,6.050715484207103e-15,0.030581847231114002,6.01526525306672e-14,2.0,184.20684337615967,
550.0,250.0,cost,True,True,fig5,"high=OK(0.69957),fig5=OK(0.69957)",0.6995738401073207,430.61196418227877,0.6995738401073207,384.7656120590264,4119.8205749379385,9082.649637265262,389.4137584328994,858.5103810813305,1.560927965602419,141.00395266579991,310.8605038102389,24.600884159619547,264.80171326599805,0.001000000000001129,0.12039469225780323,0.010000000000005171,0.10000000000011289,0.027881868952454793,0.007521684197537624,891.4616896135332,472.723465819901,864.717839022304,500.00000000000136,3135.810493209034,1.389365024806466e-06,4452.099737221982,81.64146868252408,-4.403960460197531e-08,0.030431895408437562,4.403960460197531e-08,2.0,127.77429747581482,
550.0,300.0,cost,True,True,high,"fig5=OK(0.69041),high=OK(0.69041)",0.6904144894037582,425.50993624945687,0.6904144894037582,379.727969172067,4187.997142249554,9232.95323983712,383.6299648269613,845.7592988578573,1.5377441797415587,228.7057534634522,504.2098778213404,25.00799019842966,269.18376619785164,0.0010000001312917318,0.26067923154053946,0.010000000018156322,0.10000001312917318,0.05815160012856629,0.014752486180533946,761.3057984190154,480.47079312710207,738.4666244669728,500.0,3122.069054006776,-1.0501798897166736e-07,4452.099737541388,81.6414686825091,-1.8484032360266411e-09,0.030435412407935986,1.0501798897166736e-07,114.0,250.99293518066406,
550.0,350.0,cost,True,True,high,"fig5=OK(0.67795),high=OK(0.67795)",0.67794510598006,418.75794569614897,0.67794510598006,372.86980828903296,4117.850554547631,9078.306485747382,377.57944015067267,832.4201752827522,1.5134912277868222,192.59685468397402,424.6033827238164,24.589120481451072,264.6750900880216,0.001000002484919433,0.26032109179126905,0.01,0.1000002484919433,0.05805061596065993,0.014726507061353172,749.3016084801455,472.4996384962503,726.822559563733,500.0000008826331,3094.0818884111804,2.8699854510705336e-06,4452.099738604,81.64146868250046,-2.1338704497830818e-08,0.030431809395164544,2.1338704497830818e-08,61.0,102.74366807937622,
550.0,400.0,cost,True,True,fig5,"fig5=OK(0.66888),high=FAIL",0.6688820818850022,413.8510970498453,0.6688820818850022,367.8851450367512,4066.835220147001,8965.836925469062,373.1827448483753,822.7271213581456,1.4958674933784466,166.33154596900357,366.69828896223186,24.284490144173063,261.396076427349,0.001,0.2600397976749184,0.01,0.1,0.057972207628259366,0.014706613227389323,740.5798957409886,466.70387972234914,718.3624988695004,500.0,3073.7285594874875,-3.4803258586180164e-07,4452.099737488743,81.64146868222032,6.387448944766838e-09,0.03042983015777186,3.4803258586180164e-07,2.0,1013.9073159694672,
550.0,450.0,cost,True,True,fig5,"high=OK(0.662),fig5=OK(0.662)",0.6619971932299649,410.1238636166006,0.6619971932299649,364.0984562764807,4028.0636631207117,8880.360273766495,369.84322698539347,815.3647447315107,1.482481354057292,146.36809190896304,322.6864065322015,24.052971667472285,258.90403228432876,0.0010000000315888026,0.2598139723739633,0.010000000000895733,0.10000000315888026,0.05790975633459994,0.014690879727014224,733.9560245044465,462.2993896358828,711.9373426875743,500.0,3058.2599742261673,4.129105946049094e-10,4452.0997375312,81.64146868250505,4.5256888514533244e-12,0.03042859094512131,1.644669286941635e-09,64.0,232.29082441329956,
550.0,500.0,cost,True,True,fig5,"fig5=OK(0.66533),high=FAIL",0.6653322379273656,355.45496048140114,0.6653322379273656,365.9327308600511,5700.0,12566.34894426,298.45496048140114,657.980557465722,1.1963282863013127,1366.965013581101,3013.641992150039,34.036686102988256,366.36784009423434,0.49319393350472657,0.6246979653953921,0.010000000424518825,49.31939335047266,0.4599156269217649,0.16088144967033646,521.0728940208952,652.4727598711238,505.4407072003648,500.0,3580.9876550484323,1.960054305527592e-06,4452.099737536499,81.64146868253464,-3.5197223816063605e-09,0.03061689676828172,3.5197223816063605e-09,2.0,128.92969274520874,
550.0,550.0,cost,True,True,high,"fig5=OK(0.61349),high=OK(0.61349)",0.6134933894765847,317.3279937183029,0.6134933894765847,337.4213642121216,5699.999999999997,12566.348944259995,260.32799371830293,573.924984039179,1.0434999709803254,1430.824707676615,3154.4285183742372,34.036686103013594,366.3678400945071,0.5765723557696883,0.6862796761296015,0.02357259028394884,57.65723557696884,0.529594969966034,0.20196801324503247,435.5722636133404,652.4727598710766,422.505095704937,500.0,3555.2549286389394,-7.46495061321184e-08,4452.099737532599,81.64146868250423,1.1638673965558288e-10,0.0306168967682928,7.46495061321184e-08,100.0,144.76161456108093,
550.0,600.0,cost,True,True,high,"fig5=OK(0.5603),high=OK(0.5603)",0.5602971303180487,277.4440545766191,0.5602971303180487,308.1634216749268,5700.0,12566.34894426,220.44405457661912,485.99594956092835,0.8836289992016879,1491.161221010781,3287.447760591277,34.03668610301219,366.3678400944919,0.6417640936053711,0.7344731463862253,0.17553752153465332,64.17640936053711,0.6021348421526475,0.2536147703030381,368.659994081735,652.4727598704005,357.60019425928084,500.0,3534.8023543159684,2.130368557118345e-07,4452.099737555147,81.64146868250592,-3.5398077524728677e-10,0.030616896768186175,3.5398077524728677e-10,72.0,138.09290862083435,
550.0,650.0,cost,True,True,fig5,"fig5=OK(0.50225),high=OK(0.50225)",0.502251594325677,233.9085247279684,0.502251594325677,276.23837687912237,5700.0,12566.34894426,176.9085247279684,390.01653560454383,0.7091209738264433,1557.4169571871162,3433.5166553896383,34.03668610313001,366.36784009576013,0.7127949067379893,0.7870274612870725,0.34045532966039005,71.27949067379893,0.6811242659891328,0.3239017794545461,295.69308726027043,652.4727598723073,286.8222945608351,500.0,3512.082147624909,1.0141411621589214e-06,4452.09973746867,81.64146868236462,-2.4851784519164255e-09,0.030616896768569147,2.4851784519164255e-09,2.0,170.327228307724,
550.0,700.0,cost,True,True,high,"high=OK(0.43847),fig5=OK(0.43847)",0.4384735345267881,186.04765255861398,0.4384735345267881,241.16044398973347,5700.0,12566.34894426,129.04765255861398,284.50137412090703,0.5172752256743764,1630.9314763654902,3595.588427401032,34.036686103012585,366.3678400944962,0.7907126579544205,0.8447914386239598,0.5205573695977251,79.07126579544205,0.7677280789484978,0.4255045926738749,215.5775678682906,652.4727598710734,209.11024083255248,500.0,3486.4285010641097,2.5983808882301673e-08,4452.099737532913,81.64146868250545,-2.7799942903250496e-11,0.030616896768291463,2.7799942903250496e-11,73.0,156.91297364234924,
550.0,750.0,cost,True,True,fig5,"fig5=OK(0.36755),high=FAIL(-113.13)",0.36755074079770067,132.77597629456284,0.36755074079770067,202.15290743873535,5700.0,12566.34894426,75.77597629456282,167.05743152797373,0.30374078459631587,1714.1721817935295,3779.102769642277,34.03668610301222,366.3678400944923,0.8772350372805958,0.9090313779504317,0.7195389845509227,87.72350372805958,0.8638320149172373,0.5868493631198838,126.52339113626434,652.472759871078,122.72768940217765,500.0,3456.4594718837698,6.203390512382612e-08,4452.099737532884,81.64146868250587,-5.9276042407852e-11,0.030616896768291962,5.9276042407852e-11,3.0,56.52372431755066,
550.0,800.0,cost,True,True,high,"fig5=OK(0.28519),high=OK(0.28519)",0.2851875961042961,70.73656946652882,0.2851875961042961,156.85317785736285,5699.999999999999,12566.348944259998,13.736569466528826,30.283951791836607,0.055061730530612016,1816.6670821422686,4005.065345570244,34.03668610301301,366.36784009450076,0.9777725687057652,0.9835451380749053,0.9493859218750001,97.77725687057652,0.9753625776156899,0.89855648467863,22.922384803084157,652.4727598710792,22.234713259023987,500.0,3416.0039783673583,5.2566065278369933e-08,4452.099737532633,81.64146868250492,-4.5282375071842296e-11,0.030616896768292746,4.5282375071842296e-11,91.0,161.6233742237091,
600.0,250.0,cost,True,True,fig5,"fig5=OK(0.70259),high=OK(0.70259)",0.702592212143221,475.46166661727625,0.702592212143221,421.55532728593255,4199.163357786631,9257.570531210054,433.47003303940994,955.6378407110766,1.592729734518461,143.6934060580583,316.7897335990885,25.074667562157714,269.9014753678428,0.0010000000000000005,0.12002776694693076,0.01,0.10000000000000005,0.025584166107975148,0.00689047182876409,908.482117336244,481.7399992125626,881.2276538338106,500.0,3168.407548921053,-5.112295866638306e-07,4452.099738240731,81.64146868249314,3.2530452498402695e-09,0.030436101808268532,5.112295866638306e-07,2.0,182.48700666427612,
600.0,300.0,cost,True,True,high,"fig5=OK(0.69374),high=OK(0.69374)",0.6937393670408277,470.1546169752412,0.6937393670408277,416.2436202244966,4173.842467182246,9201.747522979504,428.41619230341877,944.496029097536,1.5741600484958935,142.83497222993427,314.8972109622879,24.9234677015617,268.2739736133683,0.001,0.15070478141417057,0.01,0.1,0.031645842913081264,0.008304288227358795,871.6845201695652,478.8620539362833,845.533984134936,500.0,3148.9989326158056,7.294443093996961e-08,4452.0997376359255,81.6414686825066,-3.300772578873623e-09,0.030434588003439175,8.528585764816007e-09,79.0,111.56934094429016,
600.0,350.0,cost,True,True,high,"fig5=OK(0.68242),high=OK(0.68242)",0.6824174194491827,463.40524592727945,0.6824174194491827,409.45045166950956,4197.773510468625,9254.50644237193,421.4275108225932,929.0886238083533,1.5484810396805888,196.78377959442832,433.8339720971819,25.066368299447962,269.8121428475103,0.001000001748275563,0.2607265554185392,0.010000084634132603,0.1000001748275563,0.05341286670719843,0.01349791117646946,762.9799460426979,481.58201644849646,740.090548434087,500.0000054168093,3125.9698502185306,-3.6801031910727033e-07,4452.099736325144,81.6414686826507,-1.20786979456583e-07,0.0304360140674072,3.6801031910727033e-07,72.0,145.92063522338867,
600.0,400.0,cost,True,True,high,"high=OK(0.6732),fig5=OK(0.6732)",0.6731992509716702,457.8571504412506,0.6731992509716702,403.9195505830021,4144.709518501541,9137.520365278284,416.4100552562352,918.0270277628841,1.5300450462714736,169.9092373090995,374.5857482244253,24.74950471393084,266.40145159868655,0.0010000000000104238,0.26046208623907885,0.010000000000031678,0.10000000000104238,0.05334377630923187,0.013480178240229816,753.8963450358453,475.5514233831456,731.2794199429627,500.00000000002194,3104.797855936344,-3.0320279620354995e-10,4452.099737566638,81.64146868250533,-1.9959041364092656e-11,0.03043305236478944,4.751293244025657e-08,45.0,76.08320546150208,
600.0,450.0,cost,True,True,fig5,"fig5=OK(0.6662),high=OK(0.6662)",0.6662003501821037,453.64517331716485,0.6662003501821037,399.72021010926215,4104.40085392783,9048.654971504531,412.60116477788654,909.6298616503581,1.5160497694172634,149.49142614451773,329.5721798433477,24.508807632645315,263.81060977816566,0.001,0.26024869848906956,0.01000000000004119,0.1,0.05328855413385582,0.013466178801276448,747.0014877701204,470.97156811655657,724.5914424430308,500.0,3088.7158924049127,1.323905507888412e-06,4452.099737551564,81.64146868250546,-8.226389618115615e-09,0.030431242580329664,5.597301553146717e-08,23.0,168.93282294273376,
600.0,500.0,cost,True,True,fig5,"fig5=OK(0.66088),high=OK(0.66088)",0.6608840377077745,450.16834854427503,0.6608840377077745,396.53042262466465,4081.6083865745545,8998.406182370862,409.3522646785295,902.4672629953473,1.5041121049922455,139.709031956325,308.0056923206932,24.37270586829157,262.3456225791058,0.004106488761787387,0.26241036860132605,0.01,0.4106488761787387,0.05583545697602313,0.01408544632777843,740.8075788207321,468.3821642628599,718.5833496735314,500.0,3078.954719939835,-2.9808688850607723e-10,4452.09973753347,81.64146868250539,8.655132166524027e-12,0.03043035769783013,2.4809607640018594e-09,59.0,258.7278301715851,
600.0,550.0,cost,True,True,high,"fig5=OK(0.65469),high=OK(0.65418)",0.6541803070555688,403.2584107923655,0.6541803070555688,392.5081842333413,5248.331582998998,11570.590534586994,350.77509496237553,773.3267095180963,1.2888778491968271,1001.5957175060653,2208.140576711874,31.33961660615273,337.3368256426564,0.3795753996295924,0.5411282405969444,0.01,37.95753996295924,0.3683056118469897,0.11620196552644974,588.072490020566,601.2313855496953,570.4303153199422,500.0,3442.3684005581053,-6.07342371949926e-08,4452.099737532524,81.64146868250394,1.3540301345427164e-10,0.030579401622604432,6.07342371949926e-08,63.0,135.92074942588806,
600.0,600.0,cost,True,True,high,"fig5=OK(0.60749),high=OK(0.60749)",0.6074895364347499,349.4234585791951,0.6074895364347499,364.4937218608499,5700.0,12566.34894426,292.4234585791951,644.6833719286888,1.0744722865478147,1392.6192677106078,3070.199941149356,34.03668610301607,366.36784009453373,0.5569015642589096,0.6717455100898863,0.010000000007176534,55.690156425890954,0.5156953102353579,0.19304365337559867,455.7516379962709,652.4727598681151,442.0790888563868,500.0,3561.364903308684,8.851848178892396e-07,4452.099737629605,81.64146868250127,-1.37684746676775e-09,0.030616896767832254,1.37684746676775e-09,78.0,148.6258418560028,
600.0,650.0,cost,True,True,high,"fig5=OK(0.55843),high=OK(0.55843)",0.5584296797504031,309.24096994520994,0.5584296797504031,335.0578078502419,5699.99999999996,12566.348944259911,252.2409699452103,556.0961484859846,0.9268269141433076,1452.9004755291382,3203.0972555755156,34.036686103012734,366.3678400944978,0.6212766412147258,0.719323465379741,0.12647915300382778,62.127664121472584,0.5827691134487797,0.23864604781448717,389.6939542305867,652.4727598710762,378.0031337372099,500.00000023620964,3541.266184550941,-5.584342943620868e-08,4452.099737532605,81.64146868250498,6.836012658717472e-11,0.03061689676829294,5.584342943620868e-08,64.0,97.53471159934998,
600.0,700.0,cost,True,True,fig5,"fig5=OK(0.50552),high=OK(0.50552)",0.5055179186964806,265.7540612954071,0.5055179186964806,303.3107512178883,5699.99999999999,12566.348944259978,208.7540612954072,460.2239259244786,0.7670398765407976,1517.220211307953,3344.8980001016894,34.03668610300445,366.3678400944086,0.686877619057977,0.7678464021773711,0.2794203881716872,68.6877619057977,0.6551492443503545,0.29870694057788333,322.32425140496946,652.4727598714159,312.65452386518797,500.0,3520.43335584111,3.4293352655367926e-06,4452.099737523426,81.64146868251514,-3.9791858696958116e-09,0.030616896768339237,3.9791858696958116e-09,2.0,103.88586354255676,
600.0,750.0,cost,True,True,high,"fig5=OK(0.44746),high=OK(0.44746)",0.44746029990632613,218.01799750959185,0.44746029990632613,268.47617994379567,5699.999999999987,12566.348944259971,161.01799750959196,354.9839198265825,0.5916398663776375,1588.3223575904824,3501.6514002546865,34.036686103012535,366.36784009449565,0.7587430820655049,0.8210483103157543,0.44620006839277354,75.8743082065505,0.7343890014612473,0.38248099766630533,248.45821892471494,652.4727598669048,241.00447236167287,500.00000005899835,3497.067274115323,1.7297234080615453e-06,4452.099737670108,81.64146868250542,-1.7141440905588112e-09,0.030616896767641094,1.7141440905588112e-09,68.0,95.77345585823059,
600.0,800.0,cost,True,True,high,"fig5=OK(0.38316),high=OK(0.38316)",0.38316453696843983,165.11758498816573,0.38316453696843983,229.89872218106387,5700.0,12566.34894426,108.11758498816573,238.35847367929426,0.3972641227988238,1668.0407691509095,3677.4004137547668,34.03668610301213,366.36784009449127,0.8381785224789386,0.8800462744943116,0.6295941480682374,83.81785224789387,0.8219386914188962,0.5081932211400852,166.73474173375564,652.4727598710767,161.73269948199817,500.0,3470.2492758015555,1.3088674677419476e-07,4452.099737532908,81.64146868250599,-1.2045418829043086e-10,0.030616896768291633,1.2045418829043086e-10,81.0,150.6294903755188,
650.0,250.0,cost,True,True,high,"fig5=OK(0.70706),high=OK(0.70706)",0.7070625069562051,521.8296013883551,0.7070625069562051,459.59062952153334,4281.193667326526,9438.416407294964,479.0176647150898,1056.0531798726945,1.6246971998041453,146.4757275631383,322.92370253030845,25.564499122985094,275.1739784078658,0.001,0.1196475583601117,0.01,0.1,0.023642368084960744,0.006359419996864703,926.0828365510637,491.0678810630613,898.3003514545312,500.0,3202.107905050594,-5.060883268015459e-09,4452.099737532001,81.64146868250076,1.6681829528852887e-10,0.030442342507156484,5.060883268015459e-09,85.0,159.68576169013977,
650.0,300.0,cost,True,True,fig5,"fig5=OK(0.69841),high=OK(0.69841)",0.6984075346459871,516.1619539911477,0.6984075346459871,453.9648975198916,4254.94826947336,9380.55520946973,473.61247129641407,1044.1367681866777,1.606364258748735,145.58529524519523,320.96063529898936,25.407778707287832,273.48705389283094,0.0010000045312587099,0.15033994846650936,0.01000000071368917,0.10000045312587098,0.02924591493181283,0.007661425807551084,888.4835704103023,488.08265800610553,861.8290632984168,500.00000002682714,3182.158131273723,3.655325599538628e-06,4452.099737616263,81.64146868281006,-1.0379117295483686e-07,0.030440116380330427,1.0379117295483686e-07,2.0,144.96564531326294,
650.0,350.0,cost,True,True,fig5,"fig5=OK(0.68812),high=OK(0.68812)",0.6881249327569656,509.57784723050816,0.6881249327569656,447.28120629202766,4280.424127786174,9436.719863015933,466.77360595264645,1029.0596509423635,1.5831686937574823,201.1072598434896,443.3656144591679,25.55990393448988,275.12451621055544,0.0010000000000000015,0.2611023145126162,0.01,0.10000000000000016,0.04949372931747565,0.012467374931838113,777.1446839223021,490.9803410290772,753.8303422602113,500.0,3158.9508913238847,1.4686160056953668e-06,4452.0997404105765,81.64146868212079,-4.681494556249555e-08,0.030442274242587185,4.681494556249555e-08,2.0,130.45378851890564,
650.0,400.0,cost,True,True,high,"fig5=OK(0.67871),high=OK(0.67871)",0.6787136098556132,503.34042536323625,0.6787136098556132,441.1638464061486,4225.190501303253,9314.950560587633,461.08852035020374,1016.5261826163488,1.5638864347943828,173.59992864354427,382.7223298304235,25.230084704964366,271.5743715702346,0.001,0.26085603532519075,0.01,0.1,0.049432890227880735,0.012451387591233041,767.676435178396,484.69883056831435,744.6461421212584,500.0,3136.9096823073833,4.6782133722445e-09,4452.099737544381,81.64146868250327,-8.777323312614271e-11,0.030437852313580708,8.777323312614271e-11,64.0,103.98727822303772,
650.0,450.0,cost,True,True,fig5,"fig5=OK(0.67157),high=OK(0.67157)",0.6715723308396214,498.6079951114809,0.6715723308396214,436.52201504575396,4183.25626298747,9222.501390168707,456.7754324816062,1007.0174515314275,1.5492576177406576,152.71100609305913,336.6701386305958,24.979680756445724,268.87904590038954,0.0010000000109465577,0.26065605053422486,0.01,0.10000000109465577,0.049384035361214496,0.012438791334825384,760.494050202562,479.93195411053597,737.6792286968213,500.0,3120.1774544094633,7.3675892053870484e-09,4452.099737858174,81.64146868251271,-5.738474279093353e-11,0.03043513025853903,1.0298739637809206e-10,2.0,86.40434908866882,
650.0,500.0,cost,True,True,high,"fig5=FAIL,high=OK(0.66627)",0.6662700028318874,494.83529439217574,0.6662700028318874,433.0755018407268,4159.148381589727,9169.35260947557,453.24381057627846,999.2315579872976,1.5372793199804577,142.33687748148458,313.79910001205593,24.835724196496752,267.3295103852011,0.0036694894741149836,0.2625002923988754,0.01,0.36694894741149836,0.051606218572720575,0.012975306339618405,754.3579170156697,477.19216721414074,731.7271803073564,500.000006946471,3109.9753233092642,4.909696826871368e-07,4452.099736997023,81.64146868250282,-8.299901807506949e-10,0.030433787492466103,1.5141187407757773e-08,85.0,176.02433562278748,
650.0,550.0,cost,True,True,fig5,"fig5=OK(0.66181),high=OK(0.66181)",0.6618074237506001,491.2350700396308,0.6618074237506001,430.17482543789004,4150.400781423097,9150.067452261757,449.7310622253998,991.4872735082598,1.5253650361665536,142.0403777330535,313.14542995930674,24.78348922789409,266.7672578625424,0.01031134931458034,0.2673439815629966,0.01,1.031134931458034,0.05719702959574224,0.014334587039404134,747.8752167876479,476.1981283797311,725.4389602669858,500.0,3105.0369714646476,-8.185452315956354e-12,4452.099737532813,81.64146868250539,8.671188767017668e-14,0.03043333624467016,2.3479218568826462e-11,58.0,262.546085357666,
650.0,600.0,cost,True,True,fig5,"fig5=OK(0.64742),high=OK(0.64883)",0.6474200335946801,421.21875536172496,0.6474200335946801,420.8230218365421,5699.999999999998,12566.348944259997,364.21875536172496,802.9649073542989,1.2353306266989215,1292.9101681746076,2850.3790047129824,34.03668610301258,366.3678400944961,0.46605242635697475,0.6046653729656428,0.010000000000633922,46.60524263569747,0.44231147784964026,0.15133152561023114,548.8863337664445,652.4727598710791,532.4197437534554,500.0,3589.278706461607,4.537469067145139e-09,4452.099737532814,81.64146868250545,-7.195709306184739e-12,0.030616896768292403,7.195709306184739e-12,3.0,128.976567029953,
650.0,650.0,cost,True,True,high,"fig5=OK(0.6044),high=OK(0.6044)",0.6043979861400817,383.3463957761,0.6043979861400817,392.8586909910531,5699.9999999471065,12566.34894414339,326.3463957766289,719.4706466720521,1.1068779179570032,1352.1184585550589,2980.9109410838287,34.03668610269745,366.36784009110414,0.5356332077820284,0.6560349113153697,0.01,53.563320778202836,0.5010126396919825,0.18398467079274314,477.5643810348368,652.4727598650767,463.23744960378156,500.0000000002758,3567.942775644321,-6.371783456415869e-08,4452.0997375326515,81.6414686825046,8.923786145795254e-11,0.030616896768288014,6.371783456415869e-08,59.0,93.21453380584717,
650.0,700.0,cost,True,True,fig5,"fig5=OK(0.55863),high=OK(0.55863)",0.558627639812126,342.7409523535027,0.558627639812126,363.10796587788195,5700.0,12566.34894426,285.7409523535027,629.950967533208,0.9691553346664739,1413.1120504790788,3115.3787936243607,34.03668610301228,366.3678400944929,0.6012399947978029,0.7045108471056035,0.07813882123067871,60.12399947978029,0.5636964779788157,0.22470116682249908,410.2599335175207,652.4727598710812,397.95213551198987,500.0,3547.5546271503695,3.758623279281892e-08,4452.099737532859,81.6414686825058,-4.6771513745325066e-11,0.030616896768292448,4.6771513745325066e-11,3.0,105.12433338165283,
650.0,750.0,cost,True,True,fig5,"fig5=OK(0.51007),high=OK(0.51007)",0.5100659805662479,299.33513521327825,0.5100659805662479,331.5428873680611,5699.999999999997,12566.348944259995,242.3351352132783,534.2575211481551,0.8219346479202386,1475.7380016452669,3253.445382277081,34.036686103013594,366.3678400945071,0.6621475559654701,0.7495497416923796,0.2207571950058289,66.21475559654701,0.6304538981853549,0.2766066865050511,347.7275064131756,652.4727598710832,337.2956812207874,500.0,3528.3344931972306,-1.2297186913201585e-07,4452.099737532612,81.64146868250423,1.368130608803142e-10,0.03061689676829379,1.2297186913201585e-07,3.0,154.35256052017212,
650.0,800.0,cost,True,True,high,"fig5=OK(0.45682),high=OK(0.45682)",0.45681914271247986,251.72539869523624,0.45681914271247986,296.9324427631119,5700.0,12566.34894426,194.72539869523624,429.29601900254204,0.6604554138500647,1544.8038647016137,3405.709546365244,34.036686103012045,366.36784009449036,0.7288192901830842,0.7988899947019313,0.3761465215371387,72.88192901830843,0.7034816974473477,0.34697833967906355,279.2230327278862,652.4727598710766,270.84634174604236,500.0,3506.878366562217,9.024279279401526e-08,4452.0997375329225,81.6414686825061,-8.993771699605801e-11,0.03061689676829157,8.993771699605801e-11,62.0,83.97074675559998,
700.0,250.0,cost,True,True,fig5,"fig5=OK(0.71277),high=OK(0.71277)",0.712772991357515,569.800413352501,0.712772991357515,498.94109395026055,4366.066471777362,9625.528911962883,526.1397486347274,1159.9395920682857,1.657056560097551,149.35668775552804,329.2751325429562,26.07130421136427,280.6291829779119,0.001,0.11925218957027371,0.01,0.1,0.021978793476524996,0.005906427540694655,944.2991596291165,500.72645754168235,915.9701848402399,500.0,3236.977665387424,-7.016751624178141e-10,4452.099737533164,81.64146868250474,2.2750065720167356e-11,0.030450920050896467,7.016751624178141e-10,3.0,93.00022673606873,
700.0,300.0,cost,True,True,fig5,"fig5=OK(0.70426),high=OK(0.70426)",0.7042591150991203,563.7486035784518,0.7042591150991203,492.9813805693842,4338.844376906792,9565.514465798438,520.3601598093838,1147.1977797992308,1.6388539711417582,148.43241031385827,327.2374495862316,25.908751597647907,278.87948120586697,0.0010000000304303382,0.14996014190958276,0.010000000004248272,0.10000000304303382,0.02719056603184072,0.007113439364488602,905.8664564528043,497.62776690981053,878.6904627592212,500.0,3216.459436771042,2.7574515115702525e-08,4452.099737533574,81.64146868250674,-7.605234775276415e-10,0.030447948130221857,7.605234775276415e-10,3.0,141.1637406349182,
700.0,350.0,cost,True,True,fig5,"fig5=OK(0.6949),high=OK(0.70483)",0.6949034501475098,557.3614081226436,0.6949034501475098,486.43241510325686,4365.9610650347595,9625.296529873653,513.701797472296,1132.518603566746,1.6178837193810656,205.57572256365296,453.21688845671,26.070674791783564,280.62240796193066,0.0010000000000504143,0.26144655871499567,0.010000000000007019,0.10000000000504143,0.046136714168095234,0.01159043609676985,791.8260691059635,500.71445765167584,768.0712870327848,500.0,3193.091173684813,2.8968672722839983e-06,4452.09973807683,81.64146868124082,-1.8990317048050986e-08,0.03045090815392633,4.9774346165242566e-08,2.0,79.74217653274536,
700.0,400.0,cost,True,True,fig5,"fig5=OK(0.68526),high=OK(0.68526)",0.6852646344162536,550.3827159770251,0.6852646344162536,479.6852440913775,4308.431355205749,9498.465230159027,507.2984024249676,1118.4015339890836,1.5977164771272623,177.4121042378019,391.1267383837978,25.72714484816969,276.92468242341357,0.0010000006134261608,0.26121992376001035,0.010000000085426647,0.10000006134261608,0.04608327288954164,0.011575961916380481,781.9492805575393,494.16674011597974,758.4908021694541,500.0,3170.1284784363334,2.3511483959737234e-07,4452.09973748646,81.6414686822126,-4.053990490526793e-09,0.030444871339614897,4.053990490526793e-09,2.0,107.882169008255,
700.0,450.0,cost,True,True,high,"fig5=OK(0.67795),high=OK(0.67795)",0.677954847964478,545.0908867809109,0.677954847964478,474.5683935751346,4264.7758130858665,9402.22123443459,502.44312865005224,1107.697487589873,1.582424982271247,156.03425279312253,343.9966434833778,25.466462394689753,274.11871984694744,0.001,0.26103449318097605,0.01,0.1,0.046040134925047785,0.011564528101289339,774.4612831607526,489.2003832610389,751.2274446659475,500.0,3152.7060616434655,-1.705757313175127e-09,4452.099737532459,81.64146868250329,3.314275937027489e-11,0.03044092525268507,1.705757313175127e-09,85.0,149.30870652198792,
700.0,500.0,cost,True,True,high,"fig5=OK(0.67262),high=OK(0.67262)",0.6726202379307705,540.9873081471866,0.6726202379307705,470.8341665515394,4239.2445183273385,9345.934364446095,498.5948629639132,1099.213514003514,1.5703050200050201,145.0526171610944,319.78628114464357,25.314006137583394,272.4776943529877,0.0033089623493139995,0.2626187279341665,0.01,0.33089623493139997,0.04798696955188674,0.012031640725799191,768.3152904958616,486.2968256709112,745.2658315767965,500.0,3142.0046682017137,1.3608314475277439e-09,4452.099737563597,81.64146868250518,-1.2669032489753818e-13,0.030438886460042402,2.743569815024674e-10,50.0,84.61204123497009,
700.0,550.0,cost,True,True,fig5,"fig5=OK(0.66835),high=FAIL",0.6683532775733265,537.261468616385,0.6683532775733265,467.8472943013286,4230.44588149525,9326.53669064507,494.9570098014325,1091.1934206267224,1.5588477437524606,144.75423400558725,319.1284588900485,25.26146641127155,271.91216144564856,0.009404173815833538,0.26706197408470134,0.010000000015993115,0.9404173815833538,0.05318648110163454,0.013287738655045185,762.1488936558577,485.2963616950171,739.2844406129642,500.0,3137.1422680140854,-7.18387809683918e-07,4452.099737984099,81.64146868250215,-5.037328512993988e-08,0.030438231573108473,7.18387809683918e-07,60.0,302.4560315608978,
700.0,600.0,cost,True,True,high,"fig5=FAIL,high=OK(0.6641)",0.6641039019339929,533.5509568970858,0.6641039019339929,464.8727313537951,4221.682233209589,9307.216153385003,491.33413456498994,1083.206347924502,1.5474376398921459,144.45699550654948,318.4731601709999,25.209135613758107,271.3488774291789,0.015496609525630912,0.27150365665028214,0.010000000384833606,1.549660952563091,0.05838370766087557,0.01455391406753505,756.0086998906215,484.2999611449398,733.3284388731781,500.0,3132.29873311097,5.96996869717259e-08,4452.0997374540175,81.64146868250509,-2.2464598861682283e-09,0.03043760409772226,2.2464598861682283e-09,86.0,158.6369640827179,
700.0,650.0,cost,True,True,high,"fig5=OK(0.64293),high=OK(0.64293)",0.6429257900887863,456.66009801969585,0.6429257900887863,450.0480530621504,5700.0,12566.34894426,399.66009801969585,881.0996931250269,1.258713847321467,1253.0149925465505,2762.4251980226836,34.03668610301034,366.367840094472,0.45142178688063805,0.5938695604482526,0.010000000023289815,45.14217868806381,0.43156933092464234,0.14574693329395244,563.875341983877,652.4727598710502,546.9590817243679,500.0,3593.7325393421497,2.0195284378132783e-07,4452.099737534147,81.64146868250815,-3.0551138658838073e-10,0.03061689676828623,3.0551138658838073e-10,89.0,158.40181827545166,
700.0,700.0,cost,True,True,high,"fig5=OK(0.60349),high=OK(0.60349)",0.6034850789419749,419.0620241900969,0.6034850789419749,422.4395552593824,5700.0,12566.34894426,362.0620241900969,798.2101290241865,1.1403001843202665,1309.9900535192362,2888.0337063215006,34.03668610301194,366.3678400944892,0.5148122502337175,0.640658779863371,0.010000000008110846,51.48122502337175,0.4857616159008275,0.1749444928840822,498.91274735638984,652.4727598710759,483.9453649356979,500.0,3574.3555522586785,7.052312867017463e-08,4452.099737532968,81.64146868250623,-9.477253010148345e-11,0.030616896768291397,9.477253010148345e-11,76.0,129.46023297309875,
700.0,750.0,cost,True,True,high,"fig5=OK(0.5606),high=OK(0.5606)",0.5605986247352166,378.0863733053859,0.5605986247352166,392.41903731465163,5699.999999999998,12566.348944259997,321.0863733053859,707.8742821407734,1.0112489744868192,1371.5585785718024,3023.7690694432486,34.036686103008655,366.3678400944539,0.5813636920016072,0.6898203864034719,0.029831007509608924,58.13636920016072,0.5446339745583689,0.21149198246638531,430.65630800860725,652.4727598701304,417.736618768324,500.0,3553.7626781500358,-6.002346708555706e-08,4452.099737564743,81.64146868251015,7.347573851429479e-11,0.030616896768141458,6.002346708555706e-08,58.0,102.80749416351318,
700.0,800.0,cost,True,True,fig5,"fig5=OK(0.51579),high=OK(0.51579)",0.5157907254264587,334.80795066654036,0.5157907254264587,361.053507798521,5699.999999999997,12566.348944259995,277.80795066654036,612.4616925553532,0.874945275079076,1432.6541465459043,3158.4617406906727,34.03668610301424,366.367840094514,0.6381490032723707,0.731799647749287,0.16340554232938476,63.81490032723707,0.6065217781887513,0.25672591629645175,372.3719046400485,652.4727598710818,361.20074750084353,500.0,3535.9455328850586,-2.1496407498489134e-07,4452.099737532459,81.64146868250344,2.3126038584120323e-10,0.030616896768294072,2.1496407498489134e-07,3.0,110.67195010185242,
750.0,250.0,cost,True,True,high,"fig5=OK(0.71958),high=OK(0.71958)",0.7195752334933225,619.4651232405989,0.7195752334933225,539.6814251199919,4453.945482705195,9819.268967435793,574.925668413547,1267.4941344379913,1.6899921792506551,152.3419270738304,335.85645867557236,26.59606040609887,286.27761164864864,0.0010000000501531705,0.11884161580972671,0.010000000029331664,0.10000000501531704,0.020537030688149625,0.0055154359697967455,963.1664625542608,510.7346348540538,934.2714685585308,500.0,3273.0855172878814,-1.5446539691765793e-07,4452.09973743986,81.64146868250653,-1.1668207303139333e-09,0.030461824965291002,1.5446539691765793e-07,55.0,93.16719388961792,
750.0,300.0,cost,True,True,fig5,"fig5=OK(0.71115),high=OK(0.71115)",0.7111548420255176,613.003612337615,0.7111548420255176,533.3661315191382,4425.690712433907,9756.977861721949,568.746705213276,1253.8718523874043,1.671829136516539,151.3818757679367,333.7399078485105,26.427341326735558,284.4615345927922,0.0010000000001876683,0.1495651009258077,0.010000000000024243,0.10000000001876683,0.025409909154322355,0.006640742838596997,923.866805304048,507.5160210424114,896.1508093320775,500.00000000000017,3251.969759545985,4.2035733258671826e-06,4452.099726317017,81.64146868406047,-7.105808234875166e-08,0.03045811012635627,7.105808234875166e-08,2.0,117.81644177436829,
750.0,350.0,cost,True,True,high,"fig5=OK(0.70283),high=OK(0.70264)",0.702639576122356,606.8481214880827,0.702639576122356,526.979682091767,4454.550568321402,9820.60295287341,562.3026158048687,1239.6650671007276,1.6528867561343035,210.19606936572163,463.40300953711187,26.59967358314867,286.3165035627324,0.0010000000435117968,0.261757258856861,0.010000000004910739,0.10000000435117969,0.043227524347123764,0.010834911208623559,807.056141221827,510.8035705426321,782.8444569851861,500.0,3228.4595131332185,3.878722054651007e-08,4452.099737533045,81.64146868250664,-6.504867026968508e-10,0.030461906578462285,6.504867026968508e-10,70.0,117.6804358959198,
750.0,400.0,cost,True,True,fig5,"fig5=OK(0.69274),high=OK(0.69274)",0.692740997059531,599.0718199608964,0.692740997059531,519.5557477946483,4394.590620532713,9688.413895576517,555.1259137555693,1223.8431474129238,1.6317908632172318,181.3522855206738,399.81335117401005,26.241631843777707,282.4625743547004,0.001000003074685137,0.2615519139114836,0.010000000419442155,0.1000003074685137,0.04318083831254217,0.010821814990128761,796.7452201862686,503.97414717835187,772.8428635794799,500.0,3204.52005091166,7.601755669384147e-07,4452.099737297329,81.64146868053568,-1.4402420069059563e-08,0.03045424631492408,1.4402420069059563e-08,2.0,80.48428797721863,
750.0,450.0,cost,True,True,fig5,"fig5=OK(0.68524),high=OK(0.68524)",0.6852385156727424,593.1785935619879,0.6852385156727424,513.9288867545569,4349.11413727924,9588.155411836004,549.6874521891955,1211.8533920159064,1.6158045226878752,159.4679085257932,351.5665585870968,25.97007591520131,279.53957066637764,0.0010000017714424918,0.2613822244885515,0.010000000225061714,0.10000017714424919,0.04314290282336042,0.010811429858933965,788.9327067903258,498.7966864070585,765.264725608398,500.0,3186.366405760178,1.772677933331579e-06,4452.099737546257,81.64146868253313,-2.6731250081513114e-08,0.030449045577574593,2.6731250081513114e-08,2.0,151.52212810516357,
750.0,500.0,cost,True,True,fig5,"fig5=OK(0.67983),high=FAIL(-1.7568e+18)",0.6798322391144013,588.7064746910645,0.6798322391144013,509.87417933580093,4322.051798830768,9528.493168293695,545.4859567027568,1202.5906800211128,1.6034542400281504,147.86235958919298,325.98070286306097,25.808477262766225,277.8001372481054,0.003006838524169619,0.2627506454821573,0.01,0.30068385241696194,0.04485363407086007,0.011219614884886495,782.7204716353924,495.71664070401295,759.2388574863297,500.0,3175.1111125486473,-2.166984813811723e-08,4452.099737533197,81.64146868250441,3.603371351301732e-10,0.03044621686308674,2.166984813811723e-08,3.0,82.16878771781921,
750.0,550.0,cost,True,True,fig5,"high=FAIL,fig5=OK(0.67572)",0.6757237178955593,584.8471521546236,0.6757237178955593,506.79278842166946,4313.160272990044,9508.890709282916,541.7155494247231,1194.2783548425605,1.5923711397900806,147.56055744776663,325.3153430347648,25.75538286375262,277.2286338934939,0.008640589326964591,0.26685651556740264,0.010000000300381942,0.8640589326964592,0.04971461696161761,0.012387461855162839,776.8089940397729,494.70483253240775,753.5047242186204,500.0,3170.291795069892,2.309700334990339e-06,4452.0997375493025,81.64146868260453,-3.500163522213162e-08,0.030445332466787805,3.500163522213162e-08,2.0,41.485666275024414,
750.0,600.0,cost,False,False,high,"high=FAIL(19.56),fig5=FAIL",19.55967898998651,17927.044659478877,19.55967898998651,14669.759242489883,4000.0,8818.4904872,17887.044659478877,39434.18329343401,52.578911057912016,20.0,44.092452436,15.0,161.45865625064582,0.0010000000000015509,0.001,1.0,0.10000000000015509,0.01651706036540905,0.00024542461266374005,3000.0,3000.0,3000.0,3000.0,4676.140175724033,-41968.909673685455,1378.2771543001852,103.02233332051937,-3.370669968868909,0.48546686887689233,1.0,32.0,361.16572618484497,
750.0,650.0,cost,True,True,fig5,"high=OK(0.66756),fig5=OK(0.66756)",0.6675571151108232,577.1757874073687,0.6675571151108232,500.66783633311735,4295.483371650017,9469.919812705364,534.2209536908686,1177.755599546459,1.5703407993952787,146.96062859826395,323.9927263216807,25.64982792658982,276.09245000583206,0.01990067465098757,0.2750638703177381,0.01000000000000849,1.9900674650987569,0.05943036555072607,0.014749394603504974,765.0608290167269,492.69353828035526,742.1090040289579,500.0,3160.709419360899,-3.2514435588382185e-11,4452.099737532992,81.64146868250539,4.22370471930833e-13,0.030443641965705967,1.5804024753041431e-10,85.0,324.2045397758484,
750.0,700.0,cost,True,True,high,"fig5=OK(0.64078),high=OK(0.64078)",0.640784747539696,493.99226160391913,0.640784747539696,480.58856065477204,5699.999999999997,12566.348944259995,436.9922616039192,963.4030254835438,1.2845373673113918,1210.9971257219868,2669.7916583014708,34.036686103013125,366.367840094502,0.43599279296869614,0.5824867450930439,0.01,43.59927929686961,0.4196125851691865,0.13971521215230073,579.6793503618609,652.4727598709283,562.2889698510073,500.0,3598.4182427214982,-1.0451503840158693e-07,4452.099737537567,81.64146868250478,1.5219886158671092e-10,0.03061689676826926,1.0451503840158693e-07,63.0,122.86071038246155,
750.0,750.0,cost,True,True,high,"fig5=OK(0.60447),high=OK(0.60447)",0.6044708256124914,456.7267489599581,0.6044708256124914,453.35311920936863,5699.999999999998,12566.348944259997,399.7267489599581,881.2466332956933,1.1749955110609245,1265.96192011184,2790.968287415927,34.03668610301336,366.3678400945045,0.4940714103677536,0.6253457254234541,0.01,49.40714103677536,0.4698296866095313,0.1658759371269578,520.1735368776771,652.4727598710767,504.5683307713479,500.0,3580.718960963872,-7.86440068623051e-08,4452.099737532644,81.64146868250451,1.0231685594261353e-10,0.03061689676829259,7.86440068623051e-08,76.0,144.11887407302856,
750.0,800.0,cost,True,True,fig5,"fig5=OK(0.56465),high=OK(0.56465)",0.5646505201921038,415.8514378872567,0.5646505201921038,423.4878901440779,5700.0,12566.34894426,358.8514378872567,791.1319978317036,1.0548426637756048,1326.408505623221,2924.2301972448854,34.03668610296548,366.3678400939892,0.5576023076371648,0.6722632082525365,0.01,55.76023076371648,0.5247596051469894,0.1984376038530665,455.03286003730005,652.4727598711817,441.38187423597833,500.0,3561.1476866331614,-3.166692295053508e-07,4452.099737539072,81.64146868256194,3.732543601454863e-10,0.030616896768274234,3.166692295053508e-07,2.0,150.445063829422,
800.0,250.0,cost,True,True,high,"high=OK(0.72737),fig5=OK(0.72737)",0.7273656531433004,670.9223132981803,0.7273656531433004,581.8925225146403,4545.00777265987,10020.026951862781,625.4722355715816,1378.9302398489274,1.7236627998111593,155.43747544289224,342.6809746368822,27.139825069084416,292.1306457687974,0.0010000000097432139,0.11841597351507344,0.01000000002075996,0.10000000097432138,0.01927496678751641,0.005174503191179199,982.7228186419717,521.1126304504799,953.2411340757457,500.0,3310.505691675744,-6.69056134938728e-08,4452.099737629328,81.64146868250418,-2.7360188420422205e-10,0.0304750027760603,6.69056134938728e-08,65.0,102.20883679389954,
800.0,300.0,cost,True,True,fig5,"fig5=OK(0.719),high=OK(0.719)",0.7189977633192115,664.023357984543,0.7189977633192115,575.1982106553692,4515.659943125376,9955.326062970305,618.8667585532893,1364.3676557866202,1.7054595697332753,154.43961022561288,340.4810584053608,26.96457895300474,290.24431227443944,0.0010000000023852405,0.149154807122485,0.010000000008978202,0.10000000023852404,0.023851764074441874,0.006228783768364558,942.5206282661836,517.7672328849229,914.2450094180749,500.00000003057426,3288.761204373298,-5.9136709751328453e-08,4452.099737897158,81.64146868249989,-2.9168917975441744e-10,0.03047056797847681,5.9136709751328453e-08,2.0,118.61338114738464,
800.0,350.0,cost,True,True,high,"fig5=OK(0.71073),high=OK(0.71073)",0.7107308047021659,657.2065840982835,0.7107308047021659,568.5846437617327,4486.633015730391,9891.332642193975,612.3402539409797,1349.9791760770404,1.6874739700963004,153.45285871840267,338.3056437104699,26.791249055409295,288.37860478418463,0.001,0.17986651967790362,0.01,0.1,0.028423703459815083,0.007289652272068507,902.8386419483886,514.4590975923924,875.753483118719,500.0,3267.2475330613524,2.1288315110723488e-08,4452.099737685367,81.64146868250413,-9.218145517742027e-10,0.030466352733766956,5.93964918163338e-09,57.0,90.08422636985779,
800.0,400.0,cost,True,True,fig5,"fig5=OK(0.70107),high=FAIL(-1.9165e+19)",0.7010663510209897,649.502561170592,0.7010663510209897,560.8530808167917,4483.837737324475,9885.170108186063,604.6641837973473,1333.0563381918648,1.666320422739831,185.42668719695658,408.7958692798429,26.774557474065197,288.1989380978835,0.0010000000000000106,0.26185012965014604,0.01,0.10000000000000106,0.04064034947791889,0.010165172712606483,812.0967848086367,514.1405632509088,787.7338812642384,500.00000000029,3240.154496303659,5.844844963576179e-08,4452.099737533283,81.64146868250108,-1.0254521537467198e-09,0.030465956255483113,1.0254521537467198e-09,2.0,798.1590929031372,
800.0,450.0,cost,True,True,high,"fig5=OK(0.69335),high=OK(0.69335)",0.693347688913096,642.9622241354858,0.693347688913096,554.6781511304767,4436.433079785262,9780.660727796432,598.5978933376332,1319.6824570139697,1.649603071267462,163.01737492941393,359.3917925158381,26.4914877462599,285.1520009061049,0.0010000000012236675,0.2616973874578196,0.01,0.10000000012236675,0.04060720424325809,0.010155753092511844,803.9393496114716,508.73964038984593,779.8211691251043,500.0000000107978,3221.2254415265365,-1.8346781871514395e-08,4452.099738287059,81.64146868250299,-4.229085241724828e-10,0.03045950004690655,1.8346781871514395e-08,50.0,98.10008192062378,
800.0,500.0,cost,True,True,fig5,"fig5=OK(0.68784),high=OK(0.68784)",0.6878350463190153,638.0808827914116,0.6878350463190153,550.2680370552122,4407.731286183073,9717.384104334813,594.0035699295809,1309.5537076967123,1.6369421346208903,150.77175901307578,332.3948306488049,26.320099335668626,283.30719140803814,0.002750664996225412,0.2628850676224403,0.01,0.2750664996225412,0.04211384909376188,0.010513441345182646,797.6119821070926,505.47057649935556,773.6836226458355,500.0,3209.3635903804534,-6.922596526237612e-06,4452.099736170155,81.6414686827585,-2.1690722551426234e-09,0.030455849333647006,6.922596526237612e-06,2.0,96.22963190078735,
800.0,550.0,cost,True,True,fig5,"fig5=OK(0.68385),high=FAIL",0.6838548814464845,634.0797819496389,0.6838548814464845,547.0839051571876,4398.710560857316,9697.496809216604,590.0926763410657,1300.9316632200191,1.6261645790250239,150.46534717829414,331.71930818625805,26.266233441738958,282.72738375126323,0.00798965606940152,0.26670300496750976,0.01,0.7989656069401521,0.04667907733872333,0.01160495764544175,791.9064909512265,504.443298841418,768.1492962226868,500.0,3204.560167353476,-3.4217009670101106e-08,4452.099737532924,81.64146868250403,5.09452126318255e-10,0.030454744183176456,3.4217009670101106e-08,3.0,1645.6879572868347,
800.0,600.0,cost,True,True,high,"high=OK(0.67989),fig5=FAIL",0.6798910130143752,630.0950271784983,0.6798910130143752,543.9128104115001,4389.725894942639,9677.689011491791,586.1977682290719,1292.3448606864854,1.6154310758581067,150.1601788571229,331.04652720194724,26.21258287095242,282.1498938135116,0.013226403400587871,0.2705195311846613,0.010000000000008717,1.3226403400587872,0.05124239144192913,0.012704080987331844,786.2250656939441,503.4202053677998,762.6383105950615,500.0000000000058,3199.775577856665,-4.889670890406705e-10,4452.099737537921,81.64146868250539,-1.3205721238751522e-12,0.030453664041710165,4.10220455920053e-09,59.0,129.1300609111786,
800.0,650.0,cost,True,True,fig5,"high=OK(0.67594),fig5=OK(0.67594)",0.6759433400136162,626.1265170605548,0.6759433400136162,540.7546720108929,4380.777070623294,9657.96023095885,582.3187463543218,1283.793081310954,1.6047413516386926,149.8562511058596,330.37648120611937,26.15914632282109,281.57470759644775,0.018460906461560424,0.2743346524580993,0.01,1.8460906461560425,0.055803792035294425,0.013810890957610754,780.5675568840205,502.4012709731113,757.1505301774329,500.0,3195.009703163112,6.821210263296962e-13,4452.099737532822,81.6414686825054,-1.256113268954806e-14,0.03045260891093351,8.926193117985462e-14,60.0,229.36613631248474,
800.0,700.0,cost,True,True,high,"high=OK(0.67078),fig5=OK(0.67142)",0.6707802319671925,589.3463112565918,0.6707802319671925,536.624185573754,5142.095393007058,11336.379826876922,537.9253573265212,1185.922411601897,1.4824030145023712,712.9301924230955,1571.7420299801834,30.70524329886331,330.50848819224115,0.24745130650253305,0.4438626766337615,0.010000000008733106,24.745130650253305,0.25598597270995094,0.07207273629652972,698.7320907401663,589.1619479141523,677.7701280179541,500.0,3437.6474732145707,9.45146894082427e-08,4452.09973753452,81.64146868250721,-2.3373167377244153e-10,0.030568533934652167,2.3373167377244153e-10,93.0,164.6347839832306,
800.0,750.0,cost,True,True,fig5,"fig5=OK(0.64069),high=OK(0.64069)",0.6406935020494839,533.3731785237796,0.6406935020494839,512.5548016395871,5700.0,12566.34894426,476.3731785237797,1050.2230857922946,1.3127788572403682,1166.6770122187995,2572.0825334716005,34.036686103012144,366.36784009449144,0.41968966294924404,0.5704613661500302,0.010000000004289833,41.96896629492441,0.40645389100577134,0.13328332017379857,596.3755002107308,652.4727598710832,578.4842352044058,500.0,3603.3574392338346,5.199899533181451e-08,4452.099737532922,81.64146868250597,-7.341773456542855e-11,0.030616896768292646,7.341773456542855e-11,3.0,151.7046058177948,
800.0,800.0,cost,True,True,high,"fig5=OK(0.60716),high=OK(0.60716)",0.6071566931237795,496.51333052922257,0.6071566931237795,485.7253544990236,5699.999999999992,12566.348944259982,439.5133305292227,968.9610310673849,1.2112012888342312,1219.7717307223102,2689.1363509825433,34.03668610301375,366.3678400945087,0.47312271670856304,0.6098831680489291,0.01,47.312271670856305,0.45310931683819156,0.15674371354025746,541.6418977155561,652.4727598710757,525.392640784086,500.00000000001137,3587.1225688073578,-1.2984946806682274e-07,4452.099737532568,81.64146868250398,1.6826034814586277e-10,0.030616896768292816,1.2984946806682274e-07,75.0,106.0165467262268,
